<?xml version="1.0" encoding="utf-8"?>
<COLLADA xmlns="http://www.collada.org/2005/11/COLLADASchema" version="1.4.1" xmlns:xsi="http://www.w3.org/2001/XMLSchema-instance">
  <asset>
    <contributor>
      <author>Blender User</author>
      <authoring_tool>Blender 4.5.1 LTS commit date:2025-07-29, commit time:05:31, hash:b0a72b245dcf</authoring_tool>
    </contributor>
    <created>2025-07-31T19:30:10</created>
    <modified>2025-07-31T19:30:10</modified>
    <unit name="meter" meter="1"/>
    <up_axis>Z_UP</up_axis>
  </asset>
  <library_images/>
  <library_geometries>
    <geometry id="EPP1045_A-mesh" name="EPP1045 A">
      <mesh>
        <source id="EPP1045_A-mesh-positions">
          <float_array id="EPP1045_A-mesh-positions-array" count="5772">-0.02474421 -0.009030222 0.001063168 -0.02472132 -0.009507477 0.001745223 -0.0306487 -0.009583294 0.001823306 -0.01391249 -0.007299602 7.68584e-4 -0.01373475 -0.007612407 0.001165688 -0.01882284 -0.008168458 7.50335e-4 -0.01350039 -0.008025228 0.001689732 -0.01344197 -0.008127927 0.001820087 -0.01583343 -0.008392989 0.00162357 -0.1036482 -0.01206463 0.003112196 -0.1047857 -0.01192915 0.003069221 -0.1048365 -0.009166002 0.002676308 -0.03799521 -0.004446864 -6.20823e-4 -0.03673583 -0.004557311 -7.63553e-4 -0.03668975 -0.005653262 -2.73687e-4 -0.01890033 -0.005614221 -0.00109589 -0.01892381 -0.004559278 -0.001545608 -0.01741343 -0.004354834 -0.001478314 -0.01544004 -0.003988504 -0.001394808 -0.01508492 -0.004796922 -9.6907e-4 -0.01492154 -0.00514543 -7.27075e-4 -0.02486616 -0.005928575 -0.00143671 -0.02488899 -0.005218029 -0.001709878 -0.02321702 -0.005140483 -0.0017367 -0.02108848 -0.004852354 -0.001641929 -0.03236472 -0.00494045 -0.00125885 -0.03081452 -0.005063295 -0.001387 -0.03078955 -0.005821645 -0.001070201 -0.027395 -0.005334377 -0.001669645 -0.02690917 -0.005311787 -0.001677393 -0.03259086 -0.004920661 -0.00123322 -0.04099917 -0.004183471 -2.80403e-4 -0.0484988 -0.005617856 0.001220107 -0.04856508 -0.00387758 6.01548e-4 -0.0544883 -0.003917217 0.001142621 -0.05447131 -0.003917098 0.001141071 -0.05441778 -0.005656123 0.001803278 -0.0491203 -0.003855109 6.66275e-4 -0.04888397 -0.003864765 6.38717e-4 -0.06035238 -0.005690932 0.002091765 -0.0601806 -0.003984451 0.00143069 -0.05708211 -0.003947198 0.001372814 -0.09543347 -0.00398457 0.001692891 -0.08417183 -0.0040977 0.001643002 -0.08411026 -0.005816221 0.002355456 -0.08381026 -0.004101336 0.001641452 -0.07857316 -0.004153907 0.001618146 -0.06601512 -0.004054427 0.001539707 -0.06041771 -0.003987312 0.001435101 -0.09597903 -0.005976617 0.002500355 -0.09604221 -0.00395745 0.001686096 -0.09562134 -0.003976166 0.001690804 -0.1073617 -0.003453373 0.001559913 -0.1019833 -0.003692865 0.001619935 -0.1019214 -0.006139934 0.002317607 -0.1064046 -0.009213507 0.002590656 -0.10654 -0.008398234 0.002444744 -0.1059779 -0.01178705 0.00302428 -0.1059784 -0.01178401 0.003024399 -0.105979 -0.01178032 0.003024578 -0.1059798 -0.01177507 0.00302422 -0.1059815 -0.01176458 0.003023386 -0.1059902 -0.01171183 0.003016889 -0.1060199 -0.01153159 0.002989709 -0.1060836 -0.01114732 0.002926707 -0.1061127 -0.01097208 0.002896547 -0.1063444 -0.009575545 0.002655506 -0.08397161 -0.01360756 0.003714621 -0.09330481 -0.01329708 0.003502786 -0.09586352 -0.01181739 0.003568708 -0.09403049 -0.01321059 0.003475368 -0.09585398 -0.01299327 0.003406465 -0.07271194 -0.01398205 0.003970146 -0.08200186 -0.013673 0.003759264 -0.08398461 -0.01159536 0.003693342 -0.06996804 -0.01386535 0.004026651 -0.06022262 -0.01131045 0.003753781 -0.06021922 -0.01345032 0.004227519 -0.05255347 -0.01312392 0.004385471 -0.0551418 -0.01323413 0.004332125 -0.05794948 -0.01335364 0.004274249 -0.04673326 -0.01259666 0.004380941 -0.04836601 -0.0127446 0.004382193 -0.04836499 -0.01215839 0.004067361 -0.0495308 -0.0128501 0.004383087 -0.04837083 -0.01102375 0.00347501 -0.05232954 -0.01310372 0.004385292 -0.03474849 -0.01151096 0.004371941 -0.03557419 -0.01158583 0.004372537 -0.03652346 -0.01158952 0.004316627 -0.03652089 -0.01167154 0.004373252 -0.0411511 -0.01209104 0.004376769 -0.0337606 -0.0114215 0.004371166 -0.03653794 -0.01065438 0.00319159 -0.03059685 -0.01110208 0.004187703 -0.03061598 -0.01052498 0.003116369 -0.03032863 -0.01107501 0.004172265 -0.02430772 -0.01014542 0.003413081 -0.02446347 -0.01016944 0.003432691 -0.02467983 -0.0102818 0.003310263 -0.02468544 -0.01020371 0.003460586 -0.03001815 -0.01102703 0.004133105 -0.01877146 -0.009290695 0.002714931 -0.01878106 -0.009100496 0.002128899 -0.01758152 -0.009106993 0.002564907 -0.01638269 -0.008828222 0.002354979 -0.01396077 -0.007196485 6.97001e-4 -0.1000049 -0.01249873 0.003249824 -0.1018092 -0.0119974 0.00328505 -0.1018561 -0.009033679 0.003011882 -0.01880139 -0.008677423 0.001391828 -0.01582223 -0.008697867 0.00225687 -0.01343375 -0.008142471 0.001838564 -0.04244536 -0.01188433 0.004147112 -0.04244273 -0.01220804 0.004377782 -0.01888126 -0.009307622 0.00272876 -0.03656166 -0.009581983 0.002180457 -0.01433455 -0.006398618 1.43015e-4 -0.01886528 -0.006962895 -2.9415e-4 -0.0248171 -0.007293581 -6.08156e-4 -0.02476805 -0.008499026 4.45179e-4 -0.03068906 -0.00847274 7.03805e-4 -0.03659498 -0.00838232 0.001273453 -0.04841393 -0.008489012 0.002333283 -0.05433392 -0.008563399 0.002788186 -0.1018046 -0.01228427 0.003181815 -0.1048963 -0.006248593 0.002126634 -0.1068881 -0.006303966 0.002070069 -0.09590762 -0.008860528 0.003321588 -0.08403134 -0.00871706 0.00325793 -0.06026703 -0.008616447 0.003026247 0.006227493 0.003932893 -9.6907e-4 0.006582677 0.003124535 -0.001394808 0.001841366 0.001988649 -0.001514196 0.0010432 -0.003134012 -0.001976013 0.003526926 -0.002516329 -0.00221312 0.003614664 -0.00284332 -0.002070248 -0.002273321 0.005348563 4.68758e-4 -3.32296e-5 0.006081998 0.001041293 7.75754e-5 0.005923151 7.29228e-4 4.53591e-4 6.46605e-4 -0.001830816 1.37374e-4 0.001454651 -0.001602888 -0.004427075 0.004567921 -1.21407e-5 -0.004428625 0.004567921 -4.2906e-6 -6.24061e-5 0.006097853 0.001173913 -0.00443536 0.004567921 3.02703e-5 -0.004304647 0.004566431 -1.22628e-4 -0.004387557 0.004567742 -6.74091e-5 -0.004413187 0.004567921 -3.3706e-5 -0.004423797 0.004567921 -1.96593e-5 -0.003815293 0.004512727 -2.6496e-4 -0.003935754 0.004543662 -2.39569e-4 -0.004303336 0.004566371 -1.23021e-4 -0.00217247 0.00517106 1.82812e-4 -0.002467513 0.004167318 -5.48942e-4 5.11631e-4 0.00506556 -3.74308e-5 -0.002316713 0.004074156 -5.9416e-4 -0.001957118 0.00385195 -7.01931e-4 -1.02103e-4 0.002066612 -0.001430273 -1.11118e-4 0.00208956 -0.001423776 -0.001192629 0.003379583 -9.31091e-4 2.41861e-4 -0.002149879 -0.002070665 3.24771e-4 -0.001982629 -0.002100527 6.73264e-4 -0.002027571 -0.002125144 4.22031e-4 -0.001370847 -0.002071559 0.003134787 -0.001352727 -0.002275109 5.7131e-4 -4.31974e-4 -0.002027094 4.95523e-4 4.35314e-4 -0.001877129 -3.15592e-4 -0.003274857 -0.001869857 -1.36346e-4 -0.002913177 -0.001934409 -9.98452e-4 -0.004068255 -0.001434504 -8.89212e-4 -0.00396353 -0.001524925 0.001127362 -0.00343436 -0.001814365 -6.44654e-4 -0.003700137 -0.001688957 -5.88953e-4 -0.003628075 -0.001719594 -0.001049697 -0.00411731 -0.001392066 0.001145184 -0.003521203 -0.001718342 -0.001132667 -0.0041911 -0.00129652 -0.001166403 -0.004221022 -0.001257777 0.001179993 -0.003637731 -0.001517832 -0.001205325 -0.004254341 -0.001173198 0.003632426 -0.002942264 -0.001977682 0.003635168 -0.00300318 -0.00187242 0.001183032 -0.003636956 -0.001518189 0.008578658 -0.001933217 -0.002750456 0.00852257 -0.001768112 -0.002758502 0.00827521 -0.001040101 -0.002794027 0.006869256 0.002458751 -0.001710534 0.007163584 0.001761496 -0.002008557 0.008058488 -4.93959e-4 -0.002640843 0.004499614 0.007327497 0.002182841 -4.42713e-5 0.006084918 0.001297771 0.004497349 0.00731945 0.002212703 0.0044896 0.007292687 0.00231117 -7.29412e-5 0.006075084 0.001289784 -7.48038e-5 0.006074368 0.001289308 -0.004428625 0.004567921 7.26292e-5 0.00450176 0.007334828 0.002156198 0.004542589 0.007303953 0.001982331 0.004576385 0.007278501 0.001838564 0.00458467 0.007263958 0.001820087 0.004643023 0.0071612 0.001689732 0.004877448 0.006748497 0.001165688 0.005055189 0.006435692 7.68584e-4 0.008668005 -0.002280831 -0.002567291 0.008675932 -0.00234586 -0.002482533 0.003668963 -0.002994418 -0.001877248 0.008597433 -0.00198847 -0.002747774 0.00866425 -0.002250432 -0.002606987 0.008666038 -0.002264976 -0.002588093 0.003637135 -0.003002583 -0.001872718 0.005103409 0.006332576 6.97001e-4 0.00547719 0.005534708 1.43013e-4 0.006064236 0.004281461 -7.27076e-4 0.09877568 9.57641e-4 0.001263678 0.09903967 -6.29955e-4 9.74386e-4 0.08737832 -5.75968e-4 8.84881e-4 0.02787846 0.003694415 -7.61878e-4 0.02982789 0.00119102 -0.001743972 0.02373403 0.00406903 -0.001227438 0.02440965 0.001993775 -0.002372324 0.02296799 0.004138231 -0.001313447 0.02159821 0.002410352 -0.002698302 0.01872426 0.002519011 -0.002726793 0.0186569 0.004468739 -0.001663327 0.02195805 0.004215598 -0.001395404 0.0397076 0.00300318 6.02855e-4 0.03989791 0.002994894 6.25092e-4 0.04077285 -1.03873e-4 -5.60261e-4 0.04002636 0.002996206 6.36823e-4 0.04642254 -3.7199e-4 -5.39995e-5 0.04561352 0.003053665 0.001147091 0.05072021 -5.75942e-4 3.31108e-4 0.04563075 0.003053784 0.001148641 0.0521875 -5.71233e-4 3.60831e-4 0.04786229 0.003076732 0.001352429 0.05132347 0.003119111 0.001425147 0.02913779 0.003580689 -6.20401e-4 0.03166115 0.003352642 -3.36923e-4 0.03526186 3.85902e-4 -0.001113772 0.03752815 5.01042e-5 -8.51005e-4 0.09850436 0.002589464 0.001559913 0.09312593 0.002828121 0.001619279 0.08718496 0.003091812 0.001684904 0.07565081 -5.21672e-4 7.94868e-4 0.08646899 0.003123641 0.001692771 0.08676385 0.003110527 0.001689553 0.01288175 0.002423286 -0.002564013 0.00881797 0.003535807 -0.001492023 0.01006579 0.003701031 -0.001545906 0.01223111 0.00398761 -0.001639544 0.01494282 0.002661824 -0.002764225 0.01453804 0.004292905 -0.001739323 0.01577508 0.002630352 -0.002755939 0.01603144 0.004356682 -0.001711845 0.01805186 0.00444293 -0.001674473 0.05156064 0.003121972 0.001430094 0.05654817 0.003183007 0.001534759 0.06391376 -5.33619e-4 5.98372e-4 0.06952637 0.003289639 0.001617372 0.07237118 -5.06491e-4 7.69696e-4 0.0749529 0.003236532 0.001641452 0.07531476 0.003232896 0.001643121 0.1243261 1.23191e-4 3.63415e-4 0.1243407 -0.00100857 2.18558e-4 0.1240586 9.22027e-4 4.8614e-4 0.1235713 -0.00543195 -1.43171e-4 0.1241253 -0.003236055 -6.16163e-6 0.1238467 -0.004340112 -7.50502e-5 0.1243552 -0.002134621 7.44308e-5 0.1243575 -0.00231564 5.12702e-5 0.1202312 0.005052924 0.001117587 0.1205749 0.004916787 0.001079142 0.1211776 0.004457414 0.001003623 0.1170688 0.006306052 0.001470983 0.1191774 0.005470514 0.001235306 0.114885 0.006898224 0.001700758 0.1015666 0.009941041 0.002708435 0.09712231 0.01092153 0.00302428 0.09712052 0.01092308 0.00302428 0.1120304 0.007629573 0.001965045 0.1148834 0.006913006 0.001688659 0.1104617 0.007976174 0.002076566 0.1060146 0.008958518 0.002392411 0.09712469 0.01091152 0.003023505 0.09712374 0.01092022 0.00302428 0.1064066 -0.001029789 7.48721e-4 0.09803062 0.005439639 0.002072155 0.1061472 0.006115674 0.00195384 0.09775513 0.007096946 0.00236994 0.09768259 0.007534027 0.002445816 0.1239656 -0.00187081 1.38422e-4 0.1222706 -0.003443241 2.43834e-5 0.1235511 -5.75492e-5 3.90538e-4 0.1218906 -0.003272414 5.29028e-5 0.1223238 0.001476109 6.15474e-4 0.1205767 -0.00268203 1.51508e-4 0.120599 0.002597272 8.00386e-4 0.1166682 0.006464779 0.001515746 0.1211974 0.004419744 9.98148e-4 0.1216283 0.004113793 9.47187e-4 0.1229755 0.00303483 7.75631e-4 0.1220801 0.003769457 8.90554e-4 0.1229796 0.003083825 7.77803e-4 0.1191871 0.00545156 0.001223564 0.1210814 0.004066169 9.62739e-4 0.123246 0.002880752 7.44406e-4 0.1236167 0.002189755 6.4625e-4 0.12415 0.001195669 5.0505e-4 0.1243163 8.85866e-4 4.61029e-4 0.1228492 0.002732396 7.47162e-4 0.1239385 -0.003688395 -6.76187e-5 0.09715276 0.01072824 0.002998769 0.09712922 0.0108757 0.003019273 0.09712684 0.01089042 0.003021419 0.1060446 0.00889039 0.002394676 0.1148705 0.00679183 0.001689255 0.09754717 0.008350193 0.002587497 0.09725528 0.01010876 0.002892792 0.1060644 0.008351802 0.002313435 0.09715992 0.01068353 0.00299263 0.1190871 0.005058228 0.001181006 0.1148091 0.006343245 0.001631677 0.1233729 -0.004919052 -1.50792e-4 0.1232405 -0.004741728 -1.29756e-4 0.1226837 -0.003996253 -4.12655e-5 0.1193339 -0.002123415 2.44795e-4 0.1190643 -0.002089858 2.58254e-4 0.1186708 0.003425002 9.87589e-4 0.1173345 -0.001874685 3.44632e-4 0.1145535 0.004480481 0.001374304 0.1137419 -0.001427948 5.24026e-4 0.08699727 0.0121867 0.003427684 0.08517569 0.01236289 0.003481388 0.08518242 0.01234441 0.003502666 0.00996834 0.008538603 0.002934575 0.04067599 0.01199871 0.004414737 0.0406726 0.0120002 0.004419386 0.04347151 0.01223951 0.004396319 0.03506851 0.01148855 0.004529595 0.03786897 0.01172775 0.004486203 0.03786844 0.01174002 0.004475772 0.03506886 0.01145941 0.004554629 0.03226655 0.0112245 0.004606366 0.03226613 0.01120793 0.004621148 0.02665406 0.01069098 0.004693627 0.0266602 0.01072233 0.004651427 0.02106618 0.01017808 0.004424691 0.04380065 0.0117287 0.004382193 0.04921859 0.01194977 0.00426954 0.04915648 0.01232433 0.004322469 0.03229302 0.0109232 0.004654467 0.03793448 0.01131808 0.004521012 0.03789722 0.01153516 0.004524648 0.0929479 0.01155811 0.003232598 0.09199243 0.01170355 0.003280282 0.0911678 0.0117833 0.003304541 0.09521728 0.0112127 0.00311923 0.09592831 0.01110458 0.003083825 0.09712082 0.0109207 0.003028154 0.03788483 0.01160961 0.004519999 0.04911661 0.01250541 0.004339635 0.0266546 0.01052767 0.004785478 0.02668434 0.01053071 0.004787266 0.02665102 0.01064813 0.004730284 0.03227239 0.01110792 0.004667699 0.02104014 0.0101186 0.004528403 0.02108651 0.01007848 0.004509568 0.02661991 0.01058834 0.004754841 0.009967327 0.008316397 0.00319314 0.01544749 0.009340524 0.004075527 0.01545262 0.00943607 0.003993809 0.01579827 0.009406089 0.004132032 0.02104383 0.009948015 0.004447758 0.01551204 0.009501636 0.003731071 0.009941279 0.008536994 0.003078579 0.01547574 0.009485065 0.003874242 0.009926736 0.008507132 0.003202319 0.02105158 0.01015323 0.004479527 0.0294606 0.01093351 0.004691123 0.02946293 0.01097023 0.00465697 0.03507578 0.01138865 0.004582822 0.03787595 0.01166844 0.004510283 0.0434823 0.01217019 0.004424691 0.03787279 0.01169198 0.004503488 0.0350703 0.01143944 0.004565298 0.03226763 0.01116472 0.004647076 0.0378704 0.01171177 0.004495501 0.03506833 0.0114758 0.004542768 0.03226786 0.01123774 0.004590213 0.02667534 0.01074761 0.004578113 0.03226995 0.01124763 0.004572987 0.03506952 0.01149779 0.00451529 0.03786855 0.01174867 0.004464209 0.06111377 0.01306134 0.004062592 0.04909002 0.01263052 0.004333317 0.0490933 0.01261413 0.004336953 0.04347318 0.01222378 0.00441122 0.04347527 0.01221001 0.004416882 0.04207146 0.01210922 0.004424691 0.04067099 0.01197999 0.004445791 0.04066991 0.01199144 0.004437506 0.03926891 0.01187098 0.0044505 0.04066973 0.01199901 0.004428148 0.03926926 0.01187717 0.004439473 0.04347163 0.01223707 0.004400432 0.04628241 0.01245099 0.00437361 0.04628175 0.0124551 0.00437057 0.04908776 0.01264268 0.004328489 0.0490849 0.01264744 0.004322171 0.04908359 0.01264977 0.00431931 0.04628151 0.01245522 0.004364967 0.04628127 0.01245844 0.004367351 0.04347187 0.01223582 0.004393935 0.04066991 0.01200133 0.004423022 0.04207062 0.01211804 0.004416644 0.04347193 0.01223361 0.004404306 0.03358656 0.01136142 0.004431903 0.03228592 0.01125413 0.004491746 0.03573763 0.01155972 0.004440367 0.03787147 0.01175045 0.004439592 0.03787559 0.011734 0.004419863 0.03951001 0.01186734 0.004404187 0.0406751 0.01196235 0.0043931 0.03786963 0.01175355 0.004451513 0.03507137 0.01150357 0.004499793 0.03227275 0.01125419 0.00455445 0.0266819 0.01075017 0.004551053 0.02110505 0.01019817 0.004297614 0.02666443 0.01073372 0.00462836 0.0266695 0.01074206 0.004603803 0.02766412 0.01081556 0.004408538 0.02671635 0.01072818 0.004404902 0.02669739 0.01074647 0.004493117 0.02570056 0.01063454 0.004400849 0.02560234 0.01062417 0.004394114 0.01581943 0.009469509 0.003561019 0.01557409 0.009432554 0.003529727 0.01470464 0.009301424 0.003418684 0.02174025 0.01021862 0.004130721 0.0211625 0.010158 0.004091322 0.01860314 0.009889245 0.00391674 0.04067283 0.01196473 0.004453003 0.0322808 0.01125741 0.0045138 0.03229254 0.01124215 0.004426777 0.09712302 0.01090592 0.003035008 0.09712105 0.01091921 0.003029048 0.09712082 0.01092052 0.003028452 0.09117478 0.01177114 0.003326952 0.07167333 0.01301592 0.003772318 0.063232 0.01307266 0.003986835 0.07314842 0.01294869 0.003741145 0.06110662 0.01308697 0.004040837 0.06110846 0.01308983 0.004053652 0.0844559 0.01243251 0.003502607 0.07511359 0.01285892 0.00369966 0.07315552 0.01293551 0.003756105 0.04347831 0.01219213 0.004421353 0.04910296 0.01256859 0.004340708 0.06113511 0.01295095 0.004068613 0.07317423 0.01282876 0.003761947 0.08519858 0.01224362 0.003507316 0.097126 0.01088654 0.003038585 0.09712833 0.0108723 0.003039181 0.09118992 0.01167464 0.003331184 0.09713953 0.01080214 0.003042221 0.09123259 0.01110798 0.003240644 0.09719997 0.01043134 0.003019154 0.08526152 0.01178491 0.003462493 0.06122648 0.01243984 0.004019916 0.0631653 0.01251906 0.003979623 0.0732485 0.0122233 0.003750324 0.08423745 0.01190102 0.003500521 0.01198053 0.008890688 0.003070533 0.01002264 0.008464395 0.002744853 0.009914994 0.008440971 0.002726912 0.0069682 0.007799327 0.002236545 0.007677972 0.007953882 0.002354681 0.05136042 0.01274979 0.004265189 0.06036478 0.01309198 0.004059672 0.04943299 0.01267647 0.004309237 0.04908645 0.01264828 0.004312515 0.04628437 0.01241976 0.004339337 0.04543322 0.01235038 0.004347503 0.04347592 0.01219069 0.004366219 0.03227639 0.01125741 0.004534721 0.03507387 0.01150602 0.004483163 0.0378704 0.01175475 0.004444718 0.04964935 0.01015579 0.003883004 0.05037158 0.007014453 0.003110349 0.06227415 0.007306993 0.003040254 0.09725534 0.01009595 0.002973139 0.0116499 0.003525257 0.001947999 0.01408153 0.003657937 0.001990318 0.01590347 0.007345557 0.003911972 0.0172106 0.003403127 0.001982629 0.02266019 0.00295943 0.001969337 0.02148765 0.00752604 0.004205048 0.02282243 0.002934575 0.001963019 0.02726835 0.007510006 0.004178225 0.0286687 0.00203979 0.001735866 0.03550219 9.93798e-4 0.001470327 0.0388354 0.007104218 0.003481805 0.04042357 3.1143e-4 0.001248419 0.04461854 0.006963253 0.003210604 0.04630261 -5.03738e-4 9.83398e-4 0.04653674 -5.36197e-4 9.72843e-4 0.03825247 0.009775757 0.00422132 0.02682805 0.009461224 0.004738271 0.02104324 0.009680569 0.004695296 0.02102738 0.009874224 0.004665732 0.01544529 0.009239256 0.00416553 0.004497349 0.007228255 0.002395749 0.004499316 0.007211983 0.002416968 0.009955763 0.008246064 0.003466486 0.01554411 0.008657872 0.004238188 0.01546263 0.009084343 0.004216969 0.009933292 0.008364379 0.003395259 0.004500985 0.007198572 0.002434611 0.004567146 0.006938517 0.002575457 0.01004278 0.007909774 0.003546774 0.02112364 0.009148895 0.004663765 0.02670818 0.01010912 0.004823327 0.02667331 0.01034677 0.004819512 0.09768271 0.007506132 0.002618849 0.09791666 0.006088674 0.002424836 0.09202027 0.0066275 0.002632558 0.08608579 0.006990075 0.00274688 0.07418668 0.007305502 0.002887845 0.01039516 0.006836473 0.003415048 0.004585862 0.006883323 0.002578318 0.004643023 0.00671494 0.00258702 0.004886031 0.005998492 0.002623856 0.005107045 0.00544095 0.002468705 0.005988955 0.003216207 0.001849651 0.09903967 -6.87086e-4 0.00132215 0.09212255 -6.09429e-4 0.001399219 0.08737254 -6.40505e-4 0.001362562 0.0756511 -7.1719e-4 0.001272082 0.06391793 -7.93953e-4 0.001181602 0.05888652 -8.2687e-4 0.00114274 0.05218893 -6.69231e-4 0.001050591 0.1238566 -0.004342079 -7.86078e-5 0.1009581 -0.01220172 -9.10667e-4 0.1009584 -0.01220321 -9.13081e-4 0.1125763 -0.009721577 -5.43405e-4 0.1209225 -0.006765305 -2.46351e-4 0.1222484 -0.006097853 -1.94703e-4 0.1192139 0.005560398 0.001238822 0.09768176 0.01081866 0.002995312 0.09824192 0.0107153 0.002960324 0.09740144 0.01086938 0.003012478 0.09743648 0.010863 0.003010272 0.1082556 0.008535563 0.002260804 0.111161 0.007837355 0.002040982 0.1112993 0.007803857 0.002029836 0.1060388 0.009048104 0.002422571 0.1060368 0.009040594 0.002420008 0.1015926 0.01004636 0.002735376 0.09754163 0.01084411 0.003003895 0.09747153 0.01085668 0.003008127 0.0993607 0.01050114 0.002887845 0.10604 0.009015858 0.002428293 0.1060448 0.008885443 0.002429664 0.106065 0.008341133 0.002388477 0.1061483 0.006092131 0.002116501 0.1110228 0.007870793 0.002052009 0.1104696 0.008004546 0.002095699 0.1115758 0.007736921 0.002007246 0.1126813 0.00746876 0.001913428 0.113747 -0.001460671 7.74491e-4 0.1186736 0.00341171 0.001109898 0.1145564 0.004463315 0.001510798 0.1190884 0.005052328 0.001237452 0.1148105 0.006335437 0.001694798 0.1170683 0.006304204 0.001470983 0.1173539 0.006255865 0.001444697 0.1172185 0.006298184 0.001459538 0.1148887 0.006923258 0.00170958 0.1148874 0.006920576 0.001704514 0.1148712 0.006788194 0.00171864 0.1191878 0.005448698 0.001249909 0.1148853 0.006896436 0.001714885 0.1210824 0.004061162 0.001014471 0.1211979 0.004417479 0.001022279 0.1192111 0.00554347 0.001244366 0.1205442 0.004933357 0.001083672 0.1205286 0.004941821 0.00108546 0.1229953 0.003096938 7.87078e-4 0.122085 0.003776907 8.91082e-4 0.1212273 0.004518032 0.001010715 0.1212316 0.004523456 0.001011312 0.122976 0.003032863 7.96889e-4 0.1230056 0.00310564 7.91098e-4 0.1212251 0.004502475 0.001016438 0.120552 0.004929006 0.001082897 0.1205559 0.00492686 0.00108242 0.1204974 0.004958808 0.001088798 0.1205598 0.004924774 0.001082003 0.1206219 0.004890382 0.001075208 0.1207457 0.004820764 0.001061677 0.1171168 0.006329417 0.001470685 0.1171507 0.006319046 0.001467049 0.1192166 0.005566835 0.001239061 0.1181609 0.005985558 0.001354992 0.1176241 0.00616914 0.001414835 0.1170998 0.006334543 0.001472592 0.1170912 0.006337225 0.001473546 0.1190707 -0.002084076 4.63631e-4 0.1206589 -0.002527236 3.54694e-4 0.1223255 0.001466631 7.14242e-4 0.1235537 -6.53127e-5 4.70449e-4 0.1240598 9.18533e-4 5.23021e-4 0.1243542 -0.001215577 2.19168e-4 0.1244468 -0.001056075 2.17058e-4 0.124204 -0.003282666 -3.77819e-5 0.1232066 0.002916455 7.56073e-4 0.1232537 0.002863228 7.48328e-4 0.1232886 0.002822995 7.4248e-4 0.1233001 0.002809584 7.40523e-4 0.123277 0.002836525 7.44433e-4 0.1232712 0.002843201 7.45409e-4 0.1236143 0.002185881 6.47157e-4 0.1232654 0.002849936 7.46383e-4 0.1237351 0.002227783 6.569e-4 0.1237304 0.002235174 6.57961e-4 0.1238727 0.002000927 6.24585e-4 0.1238009 0.002122879 6.41938e-4 0.1243212 8.52223e-4 4.61406e-4 0.1243222 8.47927e-4 4.60801e-4 0.1243591 6.79816e-4 4.3716e-4 0.1243129 8.86562e-4 4.66251e-4 0.1242956 9.55085e-4 4.75934e-4 0.1244578 -0.001017034 2.13299e-4 0.1241952 0.00120908 5.1592e-4 0.1244686 -0.001017928 2.12772e-4 0.1242097 0.001212894 5.18431e-4 0.1243278 1.2084e-4 3.63603e-4 0.1243252 8.35034e-4 4.58983e-4 0.1243232 8.43628e-4 4.60195e-4 0.1237447 0.002212882 6.54775e-4 0.1237637 0.00218302 6.50513e-4 0.1240046 0.001751065 5.89048e-4 0.117354 -0.001781642 5.68245e-4 0.1206009 0.002586007 9.1258e-4 0.1228501 0.002728164 7.92748e-4 0.1241812 0.001156151 5.2374e-4 0.1243697 -0.002135038 7.66697e-5 0.1243704 -0.002134919 7.64206e-5 0.1243451 -0.002380192 4.96432e-5 0.1243457 -0.002375841 5.01252e-5 0.1241874 -0.003273189 -3.10489e-5 0.1243005 -0.002704322 1.4904e-5 0.124344 -0.002388954 4.86802e-5 0.1243394 -0.002424061 4.48404e-5 0.1243576 -0.002283692 6.03246e-5 0.1243486 -0.002353847 5.2541e-5 0.1243463 -0.00237143 5.06076e-5 0.1243292 8.17834e-4 4.5656e-4 0.1129353 -0.00736922 -7.58306e-5 0.1160324 -0.006962895 -7.54767e-5 0.1177205 -0.008377194 -3.71079e-4 0.1182717 -0.008099734 -3.49611e-4 0.1183072 -0.008021712 -3.31601e-4 0.1195959 -0.007433116 -2.98026e-4 0.1232601 -0.004730165 -8.55527e-5 0.1225807 -0.005768597 -1.55519e-4 0.1215083 -0.006052494 -1.37799e-4 0.1189913 -0.006512701 -8.72775e-5 0.1219442 -0.003179848 2.14288e-4 0.1239678 -0.001875877 1.93665e-4 0.1241528 -0.003361821 -3.46587e-5 0.1009587 -0.01220512 -9.16135e-4 0.1009588 -0.01220536 -9.19384e-4 0.1027026 -0.01188278 -8.63651e-4 0.1109333 -0.0101509 -5.98448e-4 0.1067821 -0.01102429 -7.32199e-4 0.1009585 -0.01220405 -9.14406e-4 0.1009538 -0.01217794 -8.95779e-4 0.1009558 -0.01218962 -9.01083e-4 0.1009569 -0.01219552 -9.05788e-4 0.1154501 -0.008970558 -4.47136e-4 0.1126168 -0.009666204 -4.87837e-4 0.1009267 -0.01201826 -8.48369e-4 0.1009382 -0.01208668 -8.63552e-4 0.1009448 -0.01212596 -8.72252e-4 0.100951 -0.01216202 -8.88588e-4 0.1005949 -0.01003599 -4.09108e-4 0.1008239 -0.01140362 -7.12169e-4 0.1126789 -0.009223401 -3.91598e-4 0.1008724 -0.01169359 -7.76444e-4 0.1239391 -0.003690004 -3.92622e-5 0.1227388 -0.003966391 5.09908e-5 0.1203331 -0.006287395 -1.0857e-4 0.1184657 -0.007764101 -2.61186e-4 0.09958362 -0.003962874 7.52347e-4 0.1003968 -0.008850514 -1.52638e-4 0.1004252 -0.009021461 -1.84291e-4 0.106412 -0.001020908 0.001071274 0.09930795 -0.002303123 0.001043975 0.1060145 0.008958518 0.002392411 0.109363 0.008271038 0.002179801 0.1237279 0.002238929 6.58491e-4 0.123391 0.002700448 7.24729e-4 0.1129324 -0.007352054 -2.12388e-4 0.1189895 -0.006503224 -1.86046e-4 0.1225801 -0.005767047 -1.83875e-4 0.121119 -0.006705284 -2.42175e-4 0.1126162 -0.009662628 -5.17235e-4 0.1009544 -0.01217859 -9.12348e-4 0.1009511 -0.01215934 -9.0824e-4 0.1096886 -0.01040744 -6.40134e-4 0.1009587 -0.01220434 -9.1838e-4 0.1009584 -0.01220273 -9.17682e-4 0.1009582 -0.0122019 -9.173e-4 0.1009578 -0.01219898 -9.1668e-4 0.1009569 -0.01219421 -9.15677e-4 0.1009403 -0.01209479 -8.94497e-4 0.1009324 -0.01204788 -8.84502e-4 0.1183387 -0.008061349 -3.38965e-4 0.1184648 -0.007759749 -3.06772e-4 0.1126775 -0.009215652 -4.54633e-4 0.121506 -0.006047487 -1.93042e-4 0.1203305 -0.006279647 -1.88481e-4 0.1160295 -0.006949543 -1.97796e-4 0.1009268 -0.01201426 -8.7841e-4 0.1008813 -0.01174074 -8.28858e-4 0.1008241 -0.01139616 -7.71753e-4 0.1003968 -0.008819937 -3.44677e-4 0.1001656 -0.007426023 -1.13598e-4 0.09518694 -0.01231068 -0.001021206 0.05400604 -0.008459627 -0.001714289 0.04809266 -0.007996618 -0.002154231 0.03674471 -0.005897343 -0.003453612 0.04233419 -0.007168114 -0.002770543 0.04292005 -0.009837269 -0.003558874 0.03741848 -0.008987426 -0.004321694 0.03725951 -0.008207201 -0.004149258 0.03180235 -0.006966352 -0.004807174 0.03751885 -0.009466588 -0.004376888 0.04329329 -0.01121193 -0.003928244 0.0468679 -0.01229226 -0.003650486 0.04875087 -0.01095986 -0.003001332 0.01457005 -0.002150893 -0.0040766 0.0144822 -0.001812458 -0.004155755 0.01753586 -0.00236845 -0.004722595 0.01744771 -0.001986861 -0.004772663 0.02050703 -0.002841353 -0.005153596 0.0204249 -0.002413988 -0.005170524 0.0234059 -0.003725469 -0.005288124 0.02333229 -0.003248035 -0.005273163 0.02619779 -0.004858255 -0.005195558 0.02611589 -0.004328072 -0.00515455 0.03168094 -0.006322026 -0.00470525 0.01460427 -0.002489387 -0.003893673 0.01459264 -0.002269864 -0.00400567 0.01703202 -0.002548158 -0.0044716 0.0175575 -0.002505064 -0.004660785 0.01755994 -0.0026564 -0.004540443 0.02052468 -0.002996027 -0.005104005 0.02621418 -0.005050361 -0.005170762 0.02340137 -0.004063606 -0.005137443 0.0234186 -0.00389868 -0.005251646 0.02234256 -0.003637254 -0.005164206 0.02051097 -0.003261566 -0.00492537 0.03693926 -0.00929141 -0.004421949 0.03185743 -0.007375419 -0.004767954 0.03183794 -0.007201135 -0.0048123 0.0282244 -0.006005764 -0.005015373 0.02621376 -0.005196154 -0.005066215 0.09443378 -0.007830142 -2.09129e-4 0.0666089 -0.01383894 -0.002325475 0.06556117 -0.008680045 -0.001172006 0.06728667 -0.0138548 -0.002282917 0.0771178 -0.008425652 -7.18996e-4 0.07804679 -0.01336151 -0.001770198 0.08948636 -0.01283705 -0.001225233 0.08866691 -0.008036553 -3.49353e-4 0.09030145 -0.01279968 -0.00118643 0.01412642 -7.30787e-4 -0.004019021 0.03123641 -0.004369795 -0.004118502 0.02574789 -0.002701461 -0.004678845 0.0229808 -0.001781821 -0.004855394 0.02006232 -0.001094937 -0.004834294 0.01708233 -7.92828e-4 -0.004535198 0.06088483 -0.01370519 -0.002685487 0.05977964 -0.008665978 -0.001433432 0.05644083 -0.0136013 -0.002964973 0.05472856 -0.0115993 -0.002549171 0.0551719 -0.01342779 -0.00305587 0.04915434 -0.01260495 -0.003486692 -3.80918e-4 -0.003367125 -6.37968e-4 -7.7039e-4 -0.003808379 -8.08898e-4 0.001013398 -0.003376007 -0.001091182 -0.001013696 -0.00408411 -9.15717e-4 -0.001105964 -0.004167139 -9.78364e-4 0.001114249 -0.003553628 -0.001377165 -0.001208186 -0.004256606 -0.00110352 -0.001210868 -0.004258871 -0.00113219 0.001140296 -0.003579676 -0.001502633 -0.00115478 -0.004211068 -0.00101155 -0.001192331 -0.004243195 -0.001060247 -0.001195251 -0.004245758 -0.001068294 -1.53899e-4 -0.002904593 -4.73654e-4 0.001719415 0.001086175 9.30187e-4 3.61845e-4 8.01361e-4 8.09904e-4 0.003049314 -0.001990675 -5.46843e-4 5.7131e-4 -4.31974e-4 4.13705e-4 3.69415e-4 -0.001838386 -9.49092e-5 -7.79331e-6 -0.002606928 -3.67907e-4 6.13153e-4 -0.002493441 -4.24951e-4 -0.001821041 0.003817856 0.001211225 -0.001720607 0.003771126 0.001236259 4.25935e-4 0.004427671 0.001691222 -5.57631e-4 0.002732574 0.001259744 -3.97727e-4 0.002526283 0.00123316 -1.43781e-4 0.002044141 0.001126468 2.9096e-4 0.001218736 9.43998e-4 -0.00194025 0.003873229 0.001181483 3.38703e-5 0.005591392 0.001629292 -0.002961993 0.00434798 9.26914e-4 -5.38826e-5 0.005918264 0.001486599 -0.004027724 0.004551887 4.40097e-4 -0.003488004 0.004448652 6.8665e-4 -7.16299e-5 0.006017327 0.001394033 -0.004246652 0.004564702 2.88947e-4 -0.004146516 0.004558861 3.58023e-4 -0.004421174 0.004567921 9.27364e-5 -0.004365921 0.004567623 1.76793e-4 -0.00433737 0.004566848 2.03619e-4 0.003623366 -0.003023028 -0.001758337 0.006289899 0.002502918 0.001545906 0.008668363 -0.002372682 -0.00238502 0.008665978 -0.002381145 -0.002354264 0.00359416 -0.003007113 -0.001625657 0.00866419 -0.002387702 -0.00233072 0.008623778 -0.0023579 -0.002157092 0.008590757 -0.002333581 -0.002015352 0.003483355 -0.002848327 -0.001313567 0.008522331 -0.002213597 -0.001861393 0.008461475 -0.002106904 -0.001724541 0.008288979 -0.00180459 -0.001336514 0.008122444 -0.001512587 -9.61902e-4 0.008061826 -0.001383364 -8.71699e-4 0.007806122 -8.38411e-4 -4.91219e-4 0.006951153 9.84247e-4 7.8119e-4 0.006582677 0.001822233 0.001223444 -0.008875966 -0.002717018 0.001105546 -0.008736014 -0.002915859 0.001136541 -0.008758783 -0.002931952 0.005023539 -0.006928682 -0.004762053 0.005023539 -0.006926119 -0.004756093 0.001197338 -0.004428625 -0.00543195 0.005023539 -0.005688548 -0.0052706 8.51093e-4 -0.005371451 -0.00532031 6.92711e-4 -0.004709362 -0.005424082 3.62117e-4 -0.00452739 -0.005430102 2.04954e-4 -0.008081316 -0.003846347 0.001281619 -0.007033646 -0.004686892 0.00121361 -0.006969988 -0.004737973 0.001209557 -0.009235858 -0.001668274 8.1272e-4 -0.009428679 -4.31974e-4 0.005023539 -0.009341895 -0.001359224 7.26399e-4 -0.008902132 0.001748204 -3.73641e-4 -0.008993327 0.00160861 -3.246e-4 -0.008758783 0.002067983 0.005023539 -0.009180605 0.001123189 -1.49132e-4 -0.009428679 -4.31974e-4 4.13705e-4 -0.0078547 0.00320971 -0.001434445 -0.006928682 0.003898084 -0.004976332 -0.007854819 0.003209531 -0.001434504 -0.008277118 0.00273478 -0.001710712 -0.007726073 0.003325462 -0.001296699 -0.007693648 0.003354728 -0.001261889 -0.007651925 0.003390312 -0.001173198 -0.00768882 0.00335896 -0.001026213 -0.007734119 0.003319442 -9.83757e-4 -0.007646977 0.003394424 -0.001144886 -0.007649064 0.003392696 -0.00110352 -0.006928682 0.003898084 0.005023539 -0.007659733 0.003383696 -0.001070678 -0.007661402 0.003382325 -0.001068115 -0.007745683 0.003308892 -9.76565e-4 -0.007842719 0.003220975 -9.16169e-4 -0.007972598 0.00309509 -8.5494e-4 -0.008131206 0.002928197 -7.88247e-4 -0.008712768 0.002038002 -4.75475e-4 -0.009108185 0.001294255 -0.002080321 -0.009085416 0.00138849 -0.002080202 -0.008758783 0.002067983 -0.004976332 -0.008721113 0.002047061 -0.001932561 -0.008445322 0.002545595 -0.001820743 -0.009292185 5.32548e-4 -0.002081215 -0.009428679 -4.31974e-4 -0.004976332 -0.009403049 7.3432e-5 -0.002081692 -0.008710563 -0.002907574 -0.001423776 -0.009005069 -0.002322912 -0.001606643 -0.008758783 -0.002931952 -0.004976332 -0.009192049 -0.001951754 -0.001722753 -0.009428679 -4.31974e-4 -0.002027094 -0.008485019 -0.003355205 -0.001283705 -0.006928682 -0.004762053 -0.004976332 -0.007255554 -0.004556 -7.90424e-4 -0.001928687 -0.004762053 -0.004976332 -0.004428625 -0.00543195 -1.94507e-6 -0.004428625 -0.00543195 -0.004976332 -0.004433453 -0.00543195 -1.96593e-5 -0.004442334 -0.00543195 -3.43327e-5 -0.004447162 -0.00543189 -4.23552e-5 -0.00449115 -0.005431473 -8.52346e-5 -0.004563868 -0.005429327 -1.19918e-4 -0.004670858 -0.005426049 -1.70906e-4 -0.004860818 -0.005413234 -2.25047e-4 -0.005039453 -0.005392134 -2.64206e-4 -0.005167365 -0.005377054 -2.92257e-4 -0.00564754 -0.005281031 -3.87105e-4 -0.005841255 -0.005228221 -4.26483e-4 -0.00651586 -0.004907608 -6.00063e-4 -0.006908953 -0.004720807 -7.01225e-4 -0.004482746 -0.005431652 1.66456e-4 -0.004428625 -0.00543195 7.26292e-5 -0.001928687 -0.004762053 0.005023539 -0.004426062 -0.00543195 6.3499e-5 -0.004422307 -0.00543195 2.13087e-5 -0.004428625 0.004567921 0.005023539 -0.001928687 0.003898084 0.005023539 -9.85563e-5 0.002067983 0.005023539 5.7131e-4 -4.31974e-4 0.005023539 -9.85563e-5 -0.002931952 0.005023539 -9.85563e-5 -0.002931952 -0.004976332 5.7131e-4 -4.31974e-4 -0.004976332 -9.85563e-5 0.002067983 -0.004976332 -0.001928687 0.003898084 -0.004976332 -0.004428625 0.004567921 -0.004976332 -0.0355547 -0.01161044 0.004493117 -0.01882565 -0.009402573 0.002934575 -0.01339995 -0.008167982 0.001982331 -0.01335906 -0.008198797 0.002156198 -0.02436941 -0.01036554 0.003731071 -0.04672878 -0.01261889 0.004437625 -0.0439257 -0.01233971 0.004542768 -0.04672777 -0.01257568 0.004495501 -0.0467264 -0.01259171 0.004486203 -0.03551143 -0.01155495 0.004693627 -0.03551757 -0.0115863 0.004651427 -0.02992355 -0.01104199 0.004424691 -0.03547728 -0.01145231 0.004754841 -0.03550839 -0.0115121 0.004730284 -0.02989751 -0.01098257 0.004528403 -0.02994382 -0.01094239 0.004509568 -0.02990126 -0.01081198 0.004447758 -0.03551197 -0.01139158 0.004785478 -0.04392766 -0.01230341 0.004565298 -0.0411235 -0.01207184 0.004621148 -0.04112499 -0.01202869 0.004647076 -0.03831797 -0.01179748 0.004691123 -0.04393315 -0.01225256 0.004582822 -0.0467422 -0.01247358 0.004519999 -0.04673326 -0.01253235 0.004510283 -0.09403598 -0.01318615 0.003482103 -0.1059782 -0.01178449 0.003027915 -0.105978 -0.01178592 0.003026843 -0.05807596 -0.01281374 0.00426954 -0.05801385 -0.01318824 0.004322469 -0.05265802 -0.01259267 0.004382193 -0.04675459 -0.01239913 0.004524648 -0.04112976 -0.01197189 0.004667699 -0.01882463 -0.009180366 0.00319314 -0.02430486 -0.01020449 0.004075527 -0.02430999 -0.01030004 0.003993809 -0.02465564 -0.01026999 0.004132032 -0.03554171 -0.01139461 0.004787266 -0.04115039 -0.01178717 0.004654467 -0.04679185 -0.01218205 0.004521012 -0.01879858 -0.009400963 0.003078579 -0.02433311 -0.01034897 0.003874242 -0.0187841 -0.009371042 0.003202319 -0.01335465 -0.008183419 0.002212703 -0.01334697 -0.008156657 0.00231117 -0.02990895 -0.01101714 0.004479527 -0.0383203 -0.0118342 0.00465697 -0.05233967 -0.01303416 0.004424691 -0.05233567 -0.01305603 0.004421353 -0.05233263 -0.01307392 0.004416882 -0.04112392 -0.01208841 0.004606366 -0.04392623 -0.01232331 0.004554629 -0.04673016 -0.01255589 0.004503488 -0.04952836 -0.0128439 0.004445791 -0.0495302 -0.01282864 0.004453003 -0.05233055 -0.01308768 0.00441122 -0.05092883 -0.01297318 0.004424691 -0.0523293 -0.01309758 0.004404306 -0.05092799 -0.01298201 0.004416644 -0.04112523 -0.01210165 0.004590213 -0.04392588 -0.01235246 0.004529595 -0.04672574 -0.01260399 0.004475772 -0.04812628 -0.01273483 0.0044505 -0.04952728 -0.01285541 0.004437506 -0.0495271 -0.01286298 0.004428148 -0.04952776 -0.01286673 0.004417598 -0.05232888 -0.01310342 0.004396319 -0.04952836 -0.01286727 0.004411876 -0.05232918 -0.01310342 0.004391789 -0.052329 -0.01310104 0.004400432 -0.04952728 -0.0128653 0.004423022 -0.04114329 -0.0121181 0.004491746 -0.04113817 -0.01212131 0.0045138 -0.0439313 -0.01236993 0.004483163 -0.04113376 -0.01212131 0.004534721 -0.04392874 -0.01236754 0.004499793 -0.046727 -0.01261752 0.004451513 -0.04672777 -0.01261872 0.004444718 -0.04672592 -0.01261264 0.004464209 -0.04812663 -0.01274114 0.004439473 -0.0355392 -0.01161408 0.004551053 -0.03553271 -0.01161152 0.004578113 -0.04112732 -0.01211154 0.004572987 -0.02996242 -0.01106208 0.004297614 -0.0355218 -0.01159763 0.00462836 -0.03552687 -0.01160597 0.004603803 -0.04113018 -0.0121181 0.00455445 -0.04392689 -0.01236182 0.00451529 -0.1059858 -0.01173609 0.003037989 -0.1059826 -0.01175594 0.003036201 -0.1059934 -0.01168817 0.003042161 -0.1059803 -0.01177 0.003034949 -0.1059798 -0.01177352 0.003033638 -0.1059787 -0.01178085 0.003030896 -0.1059784 -0.01178312 0.003029108 -0.06999248 -0.01381486 0.004068613 -0.1060574 -0.01129531 0.003019154 -0.1060496 -0.01134246 0.003023326 -0.10009 -0.01197189 0.003240644 -0.10601 -0.01158595 0.003036618 -0.1059969 -0.01166617 0.003040969 -0.09405595 -0.01310759 0.003507316 -0.09411889 -0.01264882 0.003462493 -0.07008391 -0.01330381 0.004019916 -0.07202267 -0.01338303 0.003979623 -0.08210587 -0.01308727 0.003750324 -0.09309482 -0.01276493 0.003500521 -0.01335704 -0.008191525 0.002182841 -0.1148881 -0.009864032 0.002387702 -0.1332639 -9.91036e-4 3.59554e-4 -0.1332105 1.37593e-4 2.22868e-4 -0.1329159 -0.001785874 4.8614e-4 -0.1325061 -0.003080189 6.49733e-4 -0.1318026 -0.003914356 7.74422e-4 -0.1323622 -0.003428578 6.98899e-4 -0.1259226 -0.007164001 0.0014714 -0.1237345 -0.007758498 0.001661658 -0.1255561 -0.007319927 0.001512408 -0.1104441 -0.01088833 0.002724111 -0.1122122 -0.01053249 0.002605319 -0.1148852 -0.009889006 0.002386391 -0.1150045 -0.006979644 0.00195384 -0.1152644 1.62548e-4 7.53977e-4 -0.1078971 -2.33994e-4 9.74386e-4 -0.1076331 -0.001821517 0.001263678 -0.1294564 -0.003461182 8.00386e-4 -0.1279217 0.001227915 2.58072e-4 -0.1275281 -0.004288971 9.87589e-4 -0.126191 0.00102514 3.43305e-4 -0.1234109 -0.00534445 0.001374304 -0.1300822 -0.005367577 0.001004815 -0.1309463 -0.004657626 8.89974e-4 -0.1300888 -0.005387902 0.001005589 -0.1305189 -0.005028784 9.47673e-4 -0.1300894 -0.005390882 0.001004993 -0.1301138 -0.005380392 0.001002252 -0.1280074 -0.006276786 0.001238048 -0.1300548 -0.005283713 9.98148e-4 -0.1299388 -0.004930078 9.62739e-4 -0.1317065 -0.003596425 7.47162e-4 -0.1332747 -0.001219511 3.8723e-4 -0.1329362 -0.002039015 5.02851e-4 -0.1290518 -0.005832374 0.001121163 -0.1329752 0.002486169 -3.54494e-5 -0.1331571 0.00126791 8.59662e-5 -0.1331155 0.002147436 -2.05478e-5 -0.1330479 0.002385914 -3.26261e-5 -0.1324287 0.004567921 -1.43171e-4 -0.1327373 0.003479897 -8.80514e-5 -0.114902 -0.0097543 0.002394676 -0.1193101 -0.008823752 0.002023994 -0.1237279 -0.00765568 0.001689255 -0.1149218 -0.009215772 0.002313435 -0.1279444 -0.005922198 0.001181006 -0.1236665 -0.007207155 0.001631677 -0.1321804 0.00396806 -1.45526e-4 -0.1327959 0.002824485 -6.76187e-5 -0.1321039 0.003873646 -1.33568e-4 -0.1328229 0.001006901 1.38422e-4 -0.1315203 0.003152251 -4.22588e-5 -0.1324084 -8.064e-4 3.90538e-4 -0.1308894 0.002372503 5.64312e-5 -0.1311812 -0.002340078 6.15474e-4 -0.1294562 0.001781225 1.56497e-4 -0.1281922 0.001259624 2.44747e-4 -0.1218572 5.17401e-4 5.5674e-4 -0.1225944 6.03794e-4 5.2043e-4 -0.01069885 -0.002852559 -0.001514196 -0.0100404 0.002773046 -0.001518189 -0.01003748 0.002773702 -0.001517832 -0.01000267 0.002657294 -0.001718342 -0.006584048 -0.006212592 4.68793e-4 -0.008824229 -0.006946027 0.001041293 -0.008935034 -0.006787121 7.29248e-4 -0.008795022 -0.006961882 0.001173973 -0.006684899 -0.00603497 1.82845e-4 -0.009369075 -0.005929589 -3.74145e-5 -0.01199227 4.88772e-4 -0.002275109 -0.009900689 0.002269983 -0.001976132 -0.01238441 0.001652359 -0.00221312 -0.009530723 0.001163661 -0.002125144 -0.00998491 0.002570331 -0.001814365 -0.01247215 0.001979351 -0.002070248 -0.01248979 0.002078235 -0.001977801 -0.01249253 0.002139151 -0.00187242 -0.01737987 9.04224e-4 -0.002758502 -0.01743596 0.001069307 -0.002750456 -0.01713258 1.76265e-4 -0.002794027 -0.01572662 -0.00332278 -0.001710534 -0.01602101 -0.002625346 -0.002008557 -0.01691579 -3.69989e-4 -0.002640843 -0.008784353 -0.006938934 0.001289784 -0.008782625 -0.006938338 0.001289308 -0.008813083 -0.006948888 0.001297771 -0.01752537 0.001416981 -0.002567291 -0.0175333 0.001481831 -0.002482533 -0.01252639 0.002130389 -0.001877248 -0.0174548 0.001124501 -0.002747774 -0.01752156 0.001386523 -0.002606987 -0.01752334 0.001401007 -0.002588093 -0.0124945 0.002138674 -0.001872718 -0.09623551 -3.03549e-4 8.94644e-4 -0.04412949 -0.001328051 -0.001149356 -0.03867334 -0.001943707 -0.001795113 -0.06105428 -3.37088e-4 2.26767e-4 -0.04962778 -7.07814e-4 -4.98748e-4 -0.05527329 -4.48548e-4 -8.83625e-5 -0.05123585 -5.26396e-4 -3.08446e-4 -0.02757328 -0.003402829 -0.002745985 -0.02522969 -0.00358659 -0.00282979 -0.02464205 -0.00352931 -0.002777636 -0.03050011 -0.00317347 -0.002641439 -0.03155136 -0.003091037 -0.002603828 -0.03326356 -0.002800107 -0.002410948 -0.03757143 -0.002067983 -0.001925528 -0.08450812 -3.73499e-4 8.14451e-4 -0.02174514 -0.003247261 -0.002520084 -0.01699668 -0.002785027 -0.002097964 -0.06593555 -2.42976e-4 4.92844e-4 -0.07277083 -2.94198e-4 6.13775e-4 -0.08386486 -3.77336e-4 8.10052e-4 -0.1096815 0.01053225 -7.71753e-4 -0.1097387 0.01087677 -8.28858e-4 -0.1040436 0.0114355 -0.001022458 -0.03183817 9.17881e-4 -0.004855394 -0.02891969 2.31094e-4 -0.004834294 -0.0259397 -7.11204e-5 -0.004535198 -0.03460526 0.001837432 -0.004678845 -0.04009371 0.003505825 -0.004118502 -0.05177742 0.0089733 -0.003558874 -0.05119156 0.006304085 -0.002770543 -0.05760824 0.01009589 -0.003001332 -0.05695003 0.007132649 -0.002154231 -0.06358599 0.01073533 -0.002549171 -0.0628634 0.007595658 -0.001714289 -0.06863701 0.007801949 -0.001433432 -0.04560208 0.005033433 -0.003453612 -0.04611688 0.007343292 -0.004149258 -0.04627585 0.008123457 -0.004321694 -0.04065978 0.006102383 -0.004807174 -0.04638272 0.008583486 -0.004375219 -0.05213338 0.01041114 -0.003928065 -0.05434948 0.01111543 -0.003755748 -0.02630501 0.001122832 -0.004772663 -0.02928227 0.001550078 -0.005170524 -0.0321896 0.002384126 -0.005273163 -0.03497326 0.003464162 -0.00515455 -0.04053831 0.005458116 -0.00470525 -0.02639323 0.001504421 -0.004722595 -0.0293644 0.001977384 -0.005153596 -0.03226327 0.00286144 -0.005288124 -0.03505516 0.003994286 -0.005195558 -0.02938205 0.002132058 -0.005104005 -0.02641791 0.001846551 -0.004497945 -0.02641487 0.001641035 -0.004660785 -0.02489554 0.001592934 -0.004257977 -0.02344995 0.001405835 -0.00400567 -0.02345943 0.001571238 -0.003911614 -0.02342742 0.001286923 -0.0040766 -0.0233395 9.48525e-4 -0.004155755 -0.03507155 0.004186451 -0.005170762 -0.03224337 0.00324285 -0.005107462 -0.03227597 0.003034651 -0.005251646 -0.03033488 0.002499163 -0.005115628 -0.0293802 0.002340078 -0.004965007 -0.04519999 0.008207559 -0.004467189 -0.04071843 0.006500542 -0.00475955 -0.04069525 0.006337285 -0.0048123 -0.03560578 0.004553139 -0.005093038 -0.03506791 0.004343569 -0.005095303 -0.1032912 0.006966233 -2.09129e-4 -0.1090229 0.006562054 -1.13598e-4 -0.1092542 0.007956027 -3.44677e-4 -0.08690679 0.01260721 -0.001724362 -0.08434474 0.0127471 -0.001837611 -0.08597517 0.007561624 -7.18996e-4 -0.07677692 0.01298129 -0.002246201 -0.07441854 0.007816135 -0.001172006 -0.07546734 0.0129466 -0.002328813 -0.09834384 0.01198256 -0.001219034 -0.09752428 0.007172524 -3.49353e-4 -0.09862643 0.01196712 -0.001206636 -0.02298372 -1.33165e-4 -0.004019021 -0.06974405 0.01279515 -0.002689719 -0.06417953 0.01264786 -0.003040552 -0.06402117 0.01262325 -0.003052115 -0.05802243 0.01168805 -0.003488481 -0.01752328 0.001517236 -0.002354264 -0.01752156 0.001523733 -0.00233072 -0.01245146 0.002143204 -0.001625657 -0.009971559 0.002689719 -0.001377165 -0.01234072 0.001984417 -0.001313567 -0.009470403 0.001629412 -4.24946e-4 -0.009870707 0.002512097 -0.001091182 -0.009997546 0.002715826 -0.001502633 -0.01190662 0.001126766 -5.46841e-4 -0.01057678 -0.001950085 9.30183e-4 -0.009283244 -0.005291581 0.001691222 -0.008891165 -0.006455302 0.001629292 -0.008803427 -0.006782174 0.001486599 -0.008785665 -0.006881237 0.001394033 -0.01336401 -0.00803411 0.002458751 -0.01248067 0.002159059 -0.001758337 -0.0134536 -0.007705926 0.002601563 -0.01407706 -0.005981326 0.002468585 -0.01396548 -0.006289958 0.002492487 -0.01375466 -0.006873071 0.002537429 -0.01349812 -0.007582724 0.002592146 -0.01484632 -0.004080176 0.001849651 -0.0151472 -0.003366827 0.001545906 -0.01752573 0.001508772 -0.00238502 -0.01714628 9.40709e-4 -0.001336514 -0.01697981 6.48695e-4 -9.61902e-4 -0.01731884 0.001242995 -0.001724541 -0.01748108 0.001493871 -0.002157092 -0.017448 0.001469612 -0.002015352 -0.0173797 0.001349627 -0.001861393 -0.01691919 5.19483e-4 -8.71699e-4 -0.01335632 -0.008089125 0.00239259 -0.01335877 -0.008071959 0.002413213 -0.01666355 -2.55378e-5 -4.91219e-4 -0.01580852 -0.001848161 7.8119e-4 -0.01544004 -0.002686262 0.001223444 -0.108441 0.003098905 7.52347e-4 -0.1092541 0.007984399 -1.6395e-4 -0.1217927 0.00650531 -7.58306e-5 -0.10973 0.01083499 -7.52204e-4 -0.1097748 0.01110166 -8.21133e-4 -0.1214742 0.008802294 -4.87837e-4 -0.1284956 0.006648719 -3.06223e-4 -0.1298412 0.006020009 -2.60055e-4 -0.1271665 0.007269263 -3.37836e-4 -0.1243097 0.008124828 -4.47038e-4 -0.1269356 0.007377684 -3.59751e-4 -0.1271505 0.00727725 -3.52377e-4 -0.1321175 0.003866136 -8.55527e-5 -0.1327965 0.002826035 -3.92622e-5 -0.1330102 0.002497911 -3.46587e-5 -0.1300889 -0.005389153 0.001007378 -0.1150057 -0.0069561 0.002116501 -0.1152694 1.57028e-4 0.001071274 -0.1226043 5.96776e-4 7.74491e-4 -0.1237426 -0.007760465 0.001714885 -0.1237864 -0.007738769 0.001656234 -0.1148974 -0.009879767 0.002428293 -0.1149021 -0.009749412 0.002429664 -0.1078971 -1.76863e-4 0.00132215 -0.106774 -0.006952643 0.002424836 -0.1065401 -0.008370101 0.002618849 -0.1061127 -0.01095992 0.002973139 -0.1237286 -0.007652103 0.00171864 -0.1234138 -0.005327284 0.001510798 -0.1236679 -0.007199466 0.001694798 -0.1149224 -0.009205102 0.002388477 -0.1315962 0.003102481 5.09908e-5 -0.127531 -0.004275619 0.001109898 -0.1262113 9.17713e-4 5.68245e-4 -0.1294583 -0.003450036 9.1258e-4 -0.127928 0.001220107 4.63631e-4 -0.131183 -0.002330601 7.14242e-4 -0.1295163 0.001663327 3.54694e-4 -0.132411 -7.98636e-4 4.70449e-4 -0.1290518 -0.005832195 0.001121342 -0.1300889 -0.005387425 0.001011312 -0.1300824 -0.005366504 0.001016438 -0.1317074 -0.003592073 7.92748e-4 -0.1299397 -0.004925072 0.001014471 -0.1300552 -0.005281448 0.001022279 -0.1279458 -0.005916297 0.001237452 -0.1329172 -0.001782417 5.23021e-4 -0.1311475 0.005318522 -2.04695e-4 -0.1303788 0.005768716 -2.41608e-4 -0.127323 0.006900072 -2.61186e-4 -0.1299774 0.00584352 -2.1668e-4 -0.1291904 0.005423486 -1.0857e-4 -0.1303656 0.005188584 -1.37799e-4 -0.1314381 0.004904747 -1.55519e-4 -0.1214557 0.008929967 -5.32167e-4 -0.1214548 0.00893563 -5.3736e-4 -0.1214544 0.00893712 -5.41952e-4 -0.1156352 0.01013922 -7.30673e-4 -0.1098158 0.01133984 -9.13249e-4 -0.1098159 0.01134026 -9.14303e-4 -0.1098162 0.01134145 -9.1744e-4 -0.1098162 0.01134139 -9.19384e-4 -0.1098157 0.01133948 -9.12974e-4 -0.109815 0.01133519 -9.08841e-4 -0.1098141 0.0113303 -9.04205e-4 -0.1214594 0.008905649 -5.19941e-4 -0.1098042 0.01127409 -8.76882e-4 -0.1098111 0.01131373 -8.96145e-4 -0.1298838 0.006000161 -2.43876e-4 -0.1271965 0.007199347 -3.17707e-4 -0.1094525 0.00917679 -3.87582e-4 -0.1096814 0.01054573 -6.84778e-4 -0.1215363 0.008359432 -3.91598e-4 -0.1097112 0.01072341 -7.23355e-4 -0.1248897 0.006098926 -7.54767e-5 -0.1278486 0.005648732 -8.72775e-5 -0.1308016 0.002315998 2.14288e-4 -0.1328251 0.001011908 1.93665e-4 -0.1081653 0.001439154 0.001043975 -0.1314374 0.004903078 -1.83875e-4 -0.1214547 0.008934915 -5.41202e-4 -0.1278468 0.005639255 -1.86046e-4 -0.1214736 0.008798718 -5.17235e-4 -0.1215348 0.008351683 -4.54633e-4 -0.1273221 0.00689584 -3.06772e-4 -0.109816 0.01134037 -9.1838e-4 -0.1098157 0.01133877 -9.17682e-4 -0.1098156 0.01133793 -9.173e-4 -0.1098143 0.0113303 -9.15677e-4 -0.1098117 0.01131469 -9.12348e-4 -0.1214591 0.00890398 -5.34046e-4 -0.1098085 0.01129537 -9.0824e-4 -0.1097977 0.01123088 -8.94497e-4 -0.1217898 0.006488025 -2.12388e-4 -0.1248869 0.006085634 -1.97796e-4 -0.1268981 0.007391095 -3.60133e-4 -0.1268113 0.007424414 -3.62866e-4 -0.1264634 0.007554054 -3.73878e-4 -0.1257619 0.007798314 -3.96373e-4 -0.1269845 0.007357597 -3.57408e-4 -0.126963 0.007365942 -3.58088e-4 -0.1243094 0.008123695 -4.46968e-4 -0.1214556 0.008929133 -5.39067e-4 -0.1271591 0.007285416 -3.50925e-4 -0.1271663 0.007268369 -3.48036e-4 -0.1296899 0.006132662 -2.67826e-4 -0.1297724 0.006090164 -2.64771e-4 -0.1298401 0.006018102 -2.59803e-4 -0.1298341 0.006058037 -2.62462e-4 -0.1298136 0.006068766 -2.63233e-4 -0.1295245 0.006217062 -2.73863e-4 -0.1291922 0.006382942 -2.85659e-4 -0.1299763 0.005841255 -2.42175e-4 -0.1271961 0.00719738 -3.38965e-4 -0.1097898 0.01118397 -8.84502e-4 -0.1291878 0.005415678 -1.88481e-4 -0.1269413 0.007374346 -3.5877e-4 -0.1269522 0.007370173 -3.58429e-4 -0.1285219 0.006702542 -3.08366e-4 -0.1271569 0.007283031 -3.51283e-4 -0.1098151 0.01133507 -9.1668e-4 -0.1303634 0.005183577 -1.93042e-4 -0.1298444 0.006052732 -2.62075e-4 -0.1097842 0.01115036 -8.7841e-4 -0.05850672 -0.0110197 0.003883004 -0.05922895 -0.007878422 0.003110349 -0.07113158 -0.008171021 0.003040254 -0.02050727 -0.004389107 0.001947999 -0.0229389 -0.004521906 0.001990318 -0.02476084 -0.008209526 0.003911972 -0.02606791 -0.004267156 0.001982629 -0.03151756 -0.003823339 0.001969337 -0.03034502 -0.008390069 0.004205048 -0.0316798 -0.003798544 0.001963019 -0.03612571 -0.008373975 0.004178225 -0.03752607 -0.00290364 0.001735866 -0.04435956 -0.001857638 0.001470327 -0.04769277 -0.007968127 0.003481805 -0.04928094 -0.001175284 0.001248419 -0.05347591 -0.007827222 0.003210604 -0.05515998 -3.6021e-4 9.83398e-4 -0.05539411 -3.27752e-4 9.72843e-4 -0.04710984 -0.01063966 0.00422132 -0.03568542 -0.01032513 0.004738271 -0.02990061 -0.01054447 0.004695296 -0.02988475 -0.01073819 0.004665732 -0.0243026 -0.01010316 0.00416553 -0.01881307 -0.009110033 0.003466486 -0.02440154 -0.009521782 0.004238188 -0.02432006 -0.009948313 0.004216969 -0.01879066 -0.009228348 0.003395259 -0.02998101 -0.0100128 0.004663765 -0.03556555 -0.01097309 0.004823327 -0.03553068 -0.01121073 0.004819512 -0.1008777 -0.007491469 0.002632558 -0.09494322 -0.007854104 0.00274688 -0.08304405 -0.008169531 0.002887845 -0.01925253 -0.007700443 0.003415048 -0.01890021 -0.008773744 0.003546774 -0.1009799 -2.5452e-4 0.001399219 -0.09622991 -2.23444e-4 0.001362562 -0.08450847 -1.46759e-4 0.001272082 -0.0727753 -6.99954e-5 0.001181602 -0.06774395 -3.70787e-5 0.00114274 -0.0610463 -1.94718e-4 0.001050591 0.08799529 -0.004192054 6.64969e-4 0.01241469 0.002051711 0.001057565 0.09380561 -0.004077136 7.0878e-4 0.01230376 0.002047359 0.001060724 0.05972641 -0.00470674 1.43614e-4 0.064713 -0.004618108 2.50624e-4 0.07635879 -0.004411101 5.00542e-4 0.08186793 -0.00431323 6.18767e-4 0.01790672 0.001579701 8.26196e-4 0.02051836 0.00135529 7.16144e-4 0.02349424 7.13727e-4 6.2306e-4 0.02934223 -5.47026e-4 4.40139e-4 0.0408411 -0.003025949 8.04639e-5 0.04115468 -0.003074586 7.17281e-5 0.04712766 -0.004001021 -9.46657e-5 0.0495212 -0.004372239 -1.61346e-4 0.05306774 -0.004488468 -5.53671e-5 0.05888682 -0.004679203 1.18524e-4 0.0142048 -0.001952648 -0.002488613 0.0838629 -0.0137189 -0.001563966 0.08957314 -0.01332771 -0.001338303 0.08957368 -0.01335728 -0.001315236 0.09527814 -0.01291978 -0.001083791 0.09526115 -0.0128231 -0.001044034 0.08955109 -0.01323968 -0.00125128 0.09519028 -0.01240783 -9.2445e-4 0.05352795 -0.01388251 -0.003317058 0.05377668 -0.01389509 -0.003300607 0.0522632 -0.0136491 -0.003393352 0.05529212 -0.01397103 -0.003200054 0.04333198 -0.01167613 -0.003912985 0.04478281 -0.01216286 -0.003838062 0.04550951 -0.01238846 -0.003758788 0.04548138 -0.01239717 -0.003802061 0.04625821 -0.01254057 -0.003755152 0.04919797 -0.01309949 -0.003454864 0.05076366 -0.01337236 -0.003483653 0.05526483 -0.01387554 -0.00314033 0.05151242 -0.01351058 -0.003438532 0.05188751 -0.01357972 -0.003415942 0.04776006 -0.01281785 -0.003664672 0.04926329 -0.01309531 -0.003574073 0.04327625 -0.01172918 -0.003836989 0.03752785 -0.009728848 -0.004212439 0.03747636 -0.009711682 -0.004093766 0.03637349 -0.009341537 -0.004271984 0.03174442 -0.007498264 -0.0043118 0.03179627 -0.00756824 -0.004457533 0.02661526 -0.005560994 -0.004667401 0.02324575 -0.004250586 -0.00462383 0.02608478 -0.005354762 -0.004660606 0.02593082 -0.005166113 -0.004270613 0.03167521 -0.007373034 -0.004119217 0.03742408 -0.009586215 -0.003942072 0.04323858 -0.01161295 -0.003726959 0.02004206 -0.002771914 -0.003537297 0.01713448 -0.002245604 -0.003089427 0.01746511 -0.002807736 -0.003972351 0.01451575 -0.002484798 -0.003393948 0.01439177 -0.002257168 -0.002980113 0.01574701 -0.00251621 -0.003680408 0.02040594 -0.003306627 -0.004472136 0.02113801 -0.003430843 -0.004596531 0.02287995 -0.003667831 -0.003740429 0.03017836 -0.003087103 -8.57812e-4 0.04265546 -0.009365439 -0.002518475 0.04196399 -0.006517827 -0.001287817 0.04865276 -0.0108124 -0.002472579 0.01367068 -9.31912e-4 -0.00132364 0.01656955 -0.00118798 -0.001810193 0.0194385 -0.001654565 -0.002186954 0.02224576 -0.002447724 -0.002367258 0.02508425 -0.003442049 -0.002376854 0.03092426 -0.005394697 -0.002383053 0.09489178 -0.01063382 -5.19804e-4 0.07767677 -0.01153486 -0.001079261 0.06619131 -0.01189208 -0.00158596 0.06044226 -0.01187402 -0.001891255 0.08915591 -0.01096463 -6.8147e-4 0.09528261 -0.01293987 -0.001104176 0.09528309 -0.01293671 -0.00111258 0.09570837 -0.01290762 -0.001095831 0.09528237 -0.01294225 -0.001098752 0.0895738 -0.01336306 -0.001310706 0.07814878 -0.01395231 -0.001859664 0.0810061 -0.01384365 -0.001708149 0.07814908 -0.01403617 -0.001815736 0.08333015 -0.01375538 -0.001584947 0.08386266 -0.01372218 -0.001554787 0.08947515 -0.0128085 -0.001121222 0.07803833 -0.013466 -0.001590251 0.08956933 -0.01333981 -0.001294434 0.07812386 -0.01391631 -0.001741886 0.06659609 -0.01385432 -0.002178609 0.07814913 -0.01404416 -0.001811504 0.07814419 -0.01402044 -0.001792371 0.06671404 -0.01441466 -0.002411544 0.06669151 -0.01431018 -0.002353668 0.06098157 -0.01417058 -0.002763271 0.0638597 -0.01445162 -0.002623558 0.06493985 -0.01445436 -0.002560019 0.06671953 -0.01442998 -0.002438426 0.06671977 -0.01438671 -0.002465665 0.06671947 -0.01443821 -0.002433538 0.06100851 -0.01425743 -0.002820849 0.06086874 -0.01381951 -0.002524197 0.0551477 -0.01350164 -0.002900481 0.04908949 -0.01266151 -0.003226995 0.04311305 -0.01116406 -0.003427565 0.03726989 -0.00913763 -0.003553748 0.0257073 -0.004789233 -0.003739058 0.03148752 -0.0069471 -0.00364536 0.05469924 -0.01160496 -0.002231121 0.08955407 -0.01324421 -0.001294434 0.07812672 -0.01391357 -0.001796722 0.08386176 -0.01371467 -0.001558423 0.01455813 -0.002444148 -0.003550529 0.03467786 -0.008692324 -0.00443989 0.03183048 -0.007588863 -0.004583418 0.03184258 -0.007582426 -0.004630506 0.04330468 -0.01177299 -0.003936827 0.0404002 -0.01082652 -0.004117608 0.04039931 -0.01082855 -0.004112303 0.03752708 -0.009786963 -0.004270434 0.04477137 -0.01219129 -0.003863215 0.04477185 -0.01220047 -0.003859341 0.04330319 -0.01175773 -0.003956258 0.04330182 -0.01174283 -0.003959894 0.04476785 -0.01216197 -0.003867447 0.04040181 -0.01081544 -0.004132032 0.04040098 -0.01082366 -0.004122734 0.03753042 -0.009784579 -0.004285871 0.03469216 -0.008579313 -0.004560232 0.03186064 -0.00749439 -0.004741311 0.03186053 -0.007442355 -0.004767835 0.0403943 -0.01072162 -0.004161477 0.04328787 -0.01164597 -0.003962755 0.04329645 -0.01170194 -0.003963649 0.03752064 -0.009579837 -0.004375219 0.04327577 -0.01157462 -0.003957033 0.03752899 -0.009647309 -0.004367113 0.04623639 -0.01249146 -0.003769457 0.02621036 -0.005246937 -0.00508368 0.02340036 -0.004116237 -0.005104303 0.02620238 -0.005289494 -0.005043268 0.02050435 -0.003257513 -0.0048846 0.02613925 -0.005364537 -0.004825532 0.02337187 -0.004169464 -0.004996955 0.02617704 -0.005346477 -0.004945456 0.02619129 -0.005322754 -0.004997134 0.03185772 -0.007535099 -0.004709482 0.0346933 -0.008626043 -0.004537463 0.03753399 -0.00970149 -0.004354 0.0145992 -0.002412199 -0.00381422 0.04918473 -0.01295781 -0.003535926 0.04040199 -0.01080363 -0.004140317 0.03753471 -0.009770035 -0.00431329 0.04040122 -0.01078844 -0.004147291 0.03753566 -0.009757816 -0.004325211 0.04039973 -0.01076972 -0.004153192 0.0375359 -0.009742379 -0.004335999 0.03469121 -0.008660435 -0.004509747 0.03468894 -0.008673012 -0.00449413 0.03468596 -0.008682489 -0.004477143 0.03753286 -0.009778916 -0.004300177 0.04330372 -0.01176887 -0.003951549 0.0553919 -0.0137577 -0.003111898 0.05521821 -0.01374751 -0.003116965 0.0455085 -0.01240503 -0.00380373 0.04477292 -0.01220053 -0.003852546 0.04477155 -0.01220583 -0.003854513 0.04330247 -0.01178056 -0.003938615 0.04330348 -0.0117765 -0.003945589 0.03753757 -0.009777069 -0.004243314 0.03752303 -0.009786188 -0.004254043 0.0403968 -0.01083004 -0.004100799 0.04330372 -0.01177316 -0.003948748 0.0318517 -0.007564485 -0.004672527 0.02045875 -0.003254473 -0.004681289 0.01751309 -0.002723932 -0.004212856 0.01754289 -0.002713859 -0.004356205 0.01458477 -0.002442002 -0.003692269 0.02333045 -0.004187524 -0.004866421 0.02049458 -0.003238499 -0.004820466 0.01755446 -0.002679288 -0.004475653 0.03181535 -0.007583916 -0.004531562 0.04184693 -0.01128751 -0.00405097 0.04184752 -0.01130086 -0.004045069 0.04184734 -0.01131051 -0.004038095 0.04184705 -0.01131409 -0.004034221 0.04184645 -0.01131671 -0.004029989 0.09526383 -0.01282978 -0.001082599 0.09527891 -0.01291978 -0.001101851 0.06099694 -0.01420575 -0.002808213 0.06669425 -0.01429849 -0.002419114 -0.007458627 -0.002181231 -0.004976332 -0.004428625 -0.003930628 -0.004976332 -0.001398622 -0.002181231 -0.004976332 -0.001398622 0.001317322 -0.004976332 -0.004428625 0.003066658 -0.004976332 -0.007458627 0.001317322 -0.004976332 -0.003129601 3.18027e-4 0.005023539 -0.003678679 8.67064e-4 0.005023539 -0.004428625 0.001067996 0.005023539 -0.00517863 8.67064e-4 0.005023539 -0.005727708 3.18027e-4 0.005023539 -0.005928575 -4.31974e-4 0.005023539 -0.005727708 -0.00118196 0.005023539 -0.00517863 -0.001730918 0.005023539 -0.004428625 -0.001931965 0.005023539 -0.003678679 -0.001730918 0.005023539 -0.003129601 -0.00118196 0.005023539 -0.002928674 -4.31974e-4 0.005023539 -0.00517863 -0.001730918 -0.002355039 -0.004428625 -0.003815174 -0.002355039 -0.005727708 -0.00118196 -0.002355039 -0.00735861 -0.002123475 -0.002355039 -0.001498699 0.001259565 -0.002355039 -0.001498699 -0.002123475 -0.002355039 -0.002928674 -4.31974e-4 -0.002355039 -0.00735861 0.001259565 -0.002355039 -0.005727708 3.18027e-4 -0.002355039 -0.005928575 -4.31974e-4 -0.002355039 -0.003129601 3.18027e-4 -0.002355039 -0.003678679 8.67064e-4 -0.002355039 -0.004428625 0.002951145 -0.002355039 -0.004428625 0.001067996 -0.002355039 -0.00517863 8.67064e-4 -0.002355039 -0.004428625 -0.001931965 -0.002355039 -0.003678679 -0.001730918 -0.002355039 -0.003129601 -0.00118196 -0.002355039 -0.001498699 -0.002123475 -0.004876375 -0.001498699 0.001259565 -0.004876375 -0.004428625 0.002951145 -0.004876375 -0.00735861 0.001259565 -0.004876375 -0.00735861 -0.002123475 -0.004876375 -0.004428625 -0.003815174 -0.004876375 -0.00149101 0.001263976 -0.004914641 -0.001483798 -0.002132058 -0.00492537 -0.00149101 -0.002127945 -0.004914641 -0.001485288 0.001267313 -0.004926383 -0.001466929 0.001277863 -0.004944682 -0.001469433 -0.002140462 -0.004947066 -0.001448631 0.001288414 -0.004962921 -0.001447737 -0.002152979 -0.00496155 -0.001436293 0.001295626 -0.004966259 -0.001436889 -0.002159178 -0.004968762 -0.004428625 0.002960026 -0.004914641 -0.004428625 0.00298506 -0.004947066 -0.004428625 0.003022432 -0.004968762 -0.00736624 0.001263976 -0.004914641 -0.007387936 0.001276493 -0.004947066 -0.007420361 0.001295208 -0.004968762 -0.00736624 -0.002127945 -0.004914641 -0.007387936 -0.002140462 -0.004947066 -0.007420361 -0.002159178 -0.004968762 -0.004428625 -0.003823935 -0.004914641 -0.004428625 -0.003848969 -0.004947066 -0.004428625 -0.003886461 -0.004968762 -0.02341556 0.001580238 -0.003550529 -0.04353523 0.007828354 -0.00443989 -0.04068785 0.006725013 -0.004583418 -0.04069995 0.006718516 -0.004630506 -0.05216205 0.01090908 -0.003936827 -0.05218935 0.01081216 -0.003912985 -0.04638522 0.008864879 -0.004212439 -0.04925757 0.009962618 -0.004117608 -0.04925668 0.009964644 -0.004112303 -0.04638445 0.008923053 -0.004270434 -0.05362874 0.01132732 -0.003863215 -0.05511558 0.01167666 -0.003755152 -0.05362915 0.01133644 -0.003859341 -0.05216056 0.01089376 -0.003956258 -0.05215919 0.01087886 -0.003959894 -0.05362522 0.01129806 -0.003867447 -0.04925918 0.009951472 -0.004132032 -0.04925835 0.009959757 -0.004122734 -0.04638779 0.008920609 -0.004285871 -0.02937394 0.00235033 -0.004933655 -0.05214524 0.010782 -0.003962755 -0.05213314 0.01071065 -0.003957033 -0.0580421 0.01209384 -0.003535926 -0.04637801 0.008715867 -0.004375219 -0.04071789 0.006578445 -0.004767835 -0.03225767 0.003252327 -0.005104303 -0.03506773 0.004383087 -0.00508368 -0.03505975 0.004425585 -0.005043268 -0.03499662 0.004500627 -0.004825532 -0.03222918 0.003305435 -0.004996955 -0.03503441 0.004482567 -0.004945456 -0.03504866 0.004458785 -0.004997134 -0.04071509 0.00667119 -0.004709482 -0.04071801 0.006630361 -0.004741311 -0.04355067 0.007762074 -0.004537463 -0.04354953 0.007715404 -0.004560232 -0.04639136 0.008837521 -0.004354 -0.04638636 0.00878334 -0.004367113 -0.04925173 0.009857654 -0.004161477 -0.02345657 0.00154829 -0.00381422 -0.05509382 0.01162755 -0.003769457 -0.05812066 0.01223134 -0.003574073 -0.05661743 0.01195389 -0.003664672 -0.04925936 0.00993973 -0.004140317 -0.04639208 0.008906066 -0.00431329 -0.04925858 0.00992453 -0.004147291 -0.04639303 0.008893907 -0.004325211 -0.04925709 0.009905755 -0.004153192 -0.04639333 0.008878409 -0.004335999 -0.04354858 0.007796466 -0.004509747 -0.04354631 0.007808983 -0.00449413 -0.04354333 0.007818579 -0.004477143 -0.04639029 0.008914947 -0.004300177 -0.05216109 0.01090496 -0.003951549 -0.06424933 0.01289373 -0.003111898 -0.06414955 0.01310706 -0.003200054 -0.06263405 0.01303106 -0.003300607 -0.06074488 0.01271575 -0.003415942 -0.06112051 0.01278513 -0.003393352 -0.06238532 0.0130186 -0.003317058 -0.06036978 0.01264655 -0.003438532 -0.05962103 0.01250839 -0.003483653 -0.05436587 0.01154106 -0.00380373 -0.05363029 0.01133662 -0.003852546 -0.05362892 0.01134186 -0.003854513 -0.0521599 0.01091665 -0.003938615 -0.05216085 0.01091253 -0.003945589 -0.04639494 0.008913159 -0.004243314 -0.0463804 0.008922219 -0.004254043 -0.04925417 0.009966075 -0.004100799 -0.05364018 0.01129895 -0.003838062 -0.05433875 0.01153326 -0.003802061 -0.05216109 0.01090919 -0.003948748 -0.04070907 0.006700575 -0.004672527 -0.02931612 0.002390563 -0.004681289 -0.02637046 0.001859962 -0.004212856 -0.0264002 0.00184983 -0.004356205 -0.02344214 0.001578152 -0.003692269 -0.03218781 0.003323495 -0.004866421 -0.02935189 0.002374589 -0.004820466 -0.02641367 0.001849234 -0.004461586 -0.03210312 0.003386676 -0.00462383 -0.03494215 0.004490733 -0.004660606 -0.03547263 0.004697144 -0.004667401 -0.04067271 0.006720006 -0.004531562 -0.02632248 0.001943767 -0.003972351 -0.02926331 0.002442657 -0.004472136 -0.02999538 0.002566874 -0.004596531 -0.05215382 0.01083797 -0.003963649 -0.0507043 0.01042366 -0.00405097 -0.05070489 0.01043689 -0.004045069 -0.05070471 0.01044654 -0.004038095 -0.05070436 0.01045018 -0.004034221 -0.05070382 0.01045274 -0.004029989 -0.04523092 0.008477568 -0.004271984 -0.0406537 0.00670433 -0.004457533 -0.1041212 0.01196581 -0.001082599 -0.1041363 0.01205587 -0.001101851 -0.1041405 0.0120728 -0.00111258 -0.1045657 0.01204365 -0.001095831 -0.08698409 0.01304966 -0.001796722 -0.09841144 0.01238024 -0.001294434 -0.09271913 0.01285076 -0.001558423 -0.09843051 0.0124638 -0.001338303 -0.09272027 0.01285493 -0.001563966 -0.06986594 0.01339346 -0.002820849 -0.06985527 0.01334118 -0.002809405 -0.07379722 0.01359039 -0.002560019 -0.07555162 0.01343452 -0.002419114 -0.07557713 0.0135228 -0.002465665 -0.08700615 0.01308828 -0.001859664 -0.08986347 0.01297968 -0.001708149 -0.09218752 0.01289141 -0.001584947 -0.02337312 0.001620829 -0.003393948 -0.02460438 0.0016523 -0.003680408 -0.06407564 0.01288354 -0.003116965 -0.02306216 0.001088738 -0.002488613 -0.06982672 0.01340663 -0.002709746 -0.06411123 0.01307636 -0.003094375 -0.09840846 0.01237571 -0.00125128 -0.09833258 0.01194459 -0.001121222 -0.0868957 0.01260203 -0.001590251 -0.1037492 0.009769976 -5.19804e-4 -0.1026629 0.003211975 7.14067e-4 -0.06414264 0.01319789 -0.003180325 -0.06414341 0.01318794 -0.003182411 -0.05436688 0.01152449 -0.003758788 -0.05213361 0.01086527 -0.003836989 -0.04633373 0.008847713 -0.004093766 -0.04060173 0.006634235 -0.0043118 -0.05805534 0.01223558 -0.003454864 -0.05209594 0.01074904 -0.003726959 -0.04628145 0.008722245 -0.003942072 -0.04053258 0.006509125 -0.004119217 -0.03478819 0.004302144 -0.004270613 -0.02889943 0.001907885 -0.003537297 -0.02599185 0.001381695 -0.003089427 -0.02324914 0.001393318 -0.002980113 -0.03173732 0.002803862 -0.003740429 -0.06355661 0.01074093 -0.002231121 -0.0619294 0.003592193 -2.48128e-5 -0.05751013 0.009948432 -0.002472579 -0.0562067 0.00327003 -1.46416e-4 -0.05597084 0.003224968 -1.363e-4 -0.05082136 0.005653858 -0.001287817 -0.05151283 0.008501529 -0.002518475 -0.03903573 0.002223253 -8.57812e-4 -0.03978163 0.004530847 -0.002383053 -0.03394156 0.002578139 -0.002376854 -0.02116161 -0.002827942 0.001018524 -0.02252805 6.79633e-5 -0.00132364 -0.02318525 -0.002878129 9.46037e-4 -0.02542686 3.24144e-4 -0.001810193 -0.02675259 -0.002417922 8.55459e-4 -0.02829587 7.90655e-4 -0.002186954 -0.02951282 -0.002061963 7.85374e-4 -0.03110313 0.001583755 -0.002367258 -0.03137189 -0.001822113 7.3817e-4 -0.03236109 -0.001608908 7.08362e-4 -0.0500375 0.002091646 1.18265e-4 -0.04553973 0.001232624 3.11233e-4 -0.03820931 -3.47913e-4 5.32129e-4 -0.09801328 0.01010066 -6.8147e-4 -0.10414 0.0120759 -0.001104176 -0.1041398 0.01207834 -0.001098752 -0.09843105 0.01249337 -0.001315236 -0.09843116 0.01249909 -0.001310706 -0.08700644 0.01317226 -0.001815736 -0.09272003 0.01285821 -0.001554787 -0.1041355 0.01205587 -0.001083791 -0.1041185 0.01195913 -0.001044034 -0.1040477 0.01154392 -9.2445e-4 -0.09842669 0.01247584 -0.001294434 -0.08698123 0.0130524 -0.001741886 -0.07545346 0.01299029 -0.002178609 -0.0870065 0.01318025 -0.001811504 -0.07557684 0.01357424 -0.002433538 -0.0755769 0.01356601 -0.002438426 -0.07271707 0.01358771 -0.002623558 -0.07557141 0.01355069 -0.002411544 -0.07554888 0.01344621 -0.002353668 -0.08700156 0.01315647 -0.001792371 -0.0697261 0.01295554 -0.002524197 -0.06400513 0.01263767 -0.002900481 -0.05794686 0.01179754 -0.003226995 -0.05197042 0.01030009 -0.003427565 -0.0461272 0.008273661 -0.003553748 -0.03456467 0.003925204 -0.003739058 -0.04034489 0.00608319 -0.00364536 -0.09685248 0.00332576 6.75573e-4 -0.09258913 0.003409147 6.47329e-4 -0.08653414 0.0106709 -0.001079261 -0.08521628 0.003527939 4.84888e-4 -0.07504868 0.01102817 -0.00158596 -0.07357031 0.003715336 2.28303e-4 -0.06929969 0.01101011 -0.001891255 -0.0677433 0.003809154 9.99211e-5 -0.0662198 0.003833711 6.63563e-5 0.02175766 0.009653091 0.003143489 0.02767866 0.009785592 0.003249168 0.02770167 0.008710205 0.002262592 0.02178961 0.008705019 0.001870453 0.0158624 0.008632242 0.001778066 0.01582223 0.009415924 0.003315985 0.02766585 0.01072502 0.004323959 0.06323337 0.01063793 0.004159033 0.07512128 0.01076668 0.003901541 0.09597873 0.00830233 0.002690613 0.08711928 0.005122303 0.002584934 0.09306287 0.005278885 0.002356052 0.006976008 0.007528543 0.001625835 0.009964764 0.007299542 7.65139e-4 0.01004242 0.004747033 -0.001087248 0.01600795 0.005058526 -0.001420259 0.02193146 0.004952192 -0.001053988 0.02783119 0.004784524 -2.36966e-4 0.04555177 0.004821479 0.002133965 0.03963589 0.004772782 0.001417458 0.05148243 0.004859507 0.002536118 0.06337106 0.004897952 0.002488732 0.07524734 0.004979074 0.002551019 0.0960384 0.005385339 0.002142131 0.09299731 0.008172452 0.003057718 0.08700448 0.01095944 0.003627479 0.09295153 0.01113373 0.003294885 0.05134803 0.010495 0.00436604 0.0454216 0.01038146 0.004083633 0.03950572 0.01019239 0.003722727 0.03359287 0.009974062 0.003442585 0.01000714 0.006093621 -2.78842e-4 0.01595789 0.006415069 -5.68075e-4 0.08704674 0.008009731 0.003443658 0.07516491 0.00790137 0.00357753 0.06327921 0.007848322 0.003668606 0.05138707 0.007814168 0.003823459 0.0454601 0.007764518 0.003362715 0.03954631 0.00766474 0.00267601 0.02773487 0.007508695 0.001359105 0.02182978 0.00759238 7.55129e-4 0.01590847 0.007618904 4.90575e-4 0.01588487 0.008151888 0.001104295 0.009943366 0.007809758 0.001403272 0.009923398 0.008234739 0.002134621</float_array>
          <technique_common>
            <accessor source="#EPP1045_A-mesh-positions-array" count="1924" stride="3">
              <param name="X" type="float"/>
              <param name="Y" type="float"/>
              <param name="Z" type="float"/>
            </accessor>
          </technique_common>
        </source>
        <source id="EPP1045_A-mesh-normals">
          <float_array id="EPP1045_A-mesh-normals-array" count="17427">0.002932667 -0.8193094 -0.5733442 0.1347893 -0.7481681 -0.6496741 0.1362618 -0.7476193 -0.6499986 0.02066612 -0.1403961 -0.9898798 -0.1380915 -0.4089874 -0.9020311 0.09344446 -0.3886252 -0.9166454 0.1143658 -0.4097841 -0.9049848 0.1200404 -0.4207952 -0.8991785 0.1393914 -0.519886 -0.8427863 0.001676023 -0.3587275 -0.9334409 0.07540857 -0.4885808 -0.8692539 0.09341663 -0.3886053 -0.9166566 0.09340691 -0.3886276 -0.9166482 -0.1063175 -0.3862661 -0.9162397 -0.1063538 -0.3862669 -0.9162352 -0.06080037 -0.5777609 -0.8139384 0.001676797 -0.3586989 -0.9334519 0.001666426 -0.3587278 -0.9334408 -0.1335363 -0.4090825 -0.9026737 -0.139069 -0.438709 -0.8878031 -0.1391279 -0.4388189 -0.8877395 -0.1380769 -0.4089726 -0.90204 -0.1185168 -0.3517428 -0.9285638 -0.122443 -0.3365555 -0.9336692 -0.07852649 -0.3568813 -0.9308433 -0.07852596 -0.356894 -0.9308385 -0.07852596 -0.3568939 -0.9308387 -0.07846385 -0.3569018 -0.9308409 -0.09055155 -0.3274554 -0.9405177 -0.1225087 -0.3365731 -0.9336543 -0.1224358 -0.3365482 -0.9336729 -0.0432502 -0.3570955 -0.933066 -0.01481217 -0.2659292 -0.9638788 -0.07848316 -0.3568783 -0.9308483 -0.007940948 -0.3831717 -0.9236431 -0.007963776 -0.3831693 -0.9236438 -0.007946074 -0.3831742 -0.9236419 -0.002576708 -0.3982381 -0.9172785 -0.008587837 -0.3461539 -0.9381385 -0.01311266 -0.3600268 -0.9328498 -0.01324278 -0.3600363 -0.9328444 -0.006315112 -0.3741516 -0.9273461 -0.001488685 -0.2742149 -0.9616674 0.05876809 -0.166407 -0.9843044 0.04456818 0.05799847 -0.9973214 0.04456806 0.05799823 -0.9973214 0.04456704 0.05799859 -0.9973214 0.04457587 0.05807107 -0.9973168 0.04457581 0.05807107 -0.9973168 0.04457604 0.05807113 -0.9973168 0.02859348 -0.07003247 -0.9971348 0.02859336 -0.07003247 -0.9971349 0.02859383 -0.07003277 -0.9971349 0.02860039 -0.06997263 -0.9971389 0.02860039 -0.06997263 -0.9971389 0.02860045 -0.06997263 -0.9971389 0.02166324 -0.1191484 -0.9926401 0.02166324 -0.1191484 -0.9926401 0.02166318 -0.1191484 -0.9926401 0.01657336 -0.1463707 -0.989091 0.01210916 -0.1598249 -0.9870712 0.006307244 -0.1691609 -0.9855684 0.006307184 -0.1691609 -0.9855684 0.006307244 -0.1691609 -0.9855684 0.02768099 -0.1402533 -0.9897287 0.05720722 -0.1605804 -0.9853636 0.05876773 -0.1663827 -0.9843086 0.02554696 0.08858162 -0.9957413 0.05359524 0.1367909 -0.989149 0.05368816 0.1369127 -0.9891272 0.02234733 -0.01039355 -0.9996963 0.02124893 -0.01557701 -0.9996529 0.003977835 -0.1211905 -0.9926213 0.02929854 -0.2159957 -0.9759547 0.02931016 -0.2159725 -0.9759594 0.02929258 -0.2160174 -0.9759501 0.02931219 -0.2159956 -0.9759543 0.04216015 -0.4727373 -0.8801943 0.04214268 -0.4727417 -0.8801928 0.03445672 -0.4624308 -0.8859857 0.04152917 -0.4658741 -0.883876 0.05065828 -0.5657285 -0.8230341 0.05067223 -0.5659526 -0.8228791 0.05067229 -0.5659526 -0.8228791 0.05067223 -0.5659527 -0.8228791 0.05067694 -0.5662366 -0.8226834 0.04381185 -0.7872414 -0.6150866 0.01321268 -0.8802211 -0.4743797 0.0612092 -0.8782868 -0.4742002 0.1916019 -0.8682271 0.4576794 0.1916777 -0.8682507 0.4576029 0.02129405 -0.8871021 0.4610819 0.07511466 -0.8758615 -0.4766806 0.07521677 -0.8758262 -0.4767295 0.1070058 -0.9451937 -0.3084781 0.140527 -0.9056274 -0.4001142 0.09797817 -0.5361535 -0.838415 0.05365186 0.1369127 -0.9891291 0.04013639 0.2130202 -0.9762231 0.05021095 -0.09087812 -0.9945955 0.09279054 -0.8143591 -0.5728955 0.07881212 -0.8636289 -0.4979296 0.1439566 -0.8565147 -0.4956403 0.119646 -0.8900696 -0.4398421 0.131911 -0.8922182 -0.4319099 0.1343285 -0.8919085 -0.4318042 0.06746512 -0.7689017 -0.6357977 0.0674653 -0.7689015 -0.6357977 0.06746524 -0.7689015 -0.6357977 0.06796848 -0.7556614 -0.6514262 0.05385524 -0.7675843 -0.6386814 0.05648511 -0.767455 -0.6386098 0.05209827 -0.5783315 -0.8141367 0.05183416 -0.5792657 -0.8134891 0.1072573 -0.9451716 -0.3084585 0.1072573 -0.9451716 -0.3084585 0.1072573 -0.9451716 -0.3084586 0.107044 -0.9451966 -0.3084559 0.0874378 -0.9229885 -0.3747623 0.4117109 -0.8124216 -0.4128744 0.005624473 -0.8962168 -0.4435808 0.05227738 -0.8066141 -0.5887622 -0.03567916 -0.8082671 -0.5877341 0.005752444 -0.6859187 -0.7276555 0.003983736 -0.6859462 -0.7276413 2.78435e-4 -0.6143503 -0.7890334 0.03333759 -0.4624539 -0.8860164 0.03779566 -0.5797045 -0.8139498 0.0421645 -0.4727296 -0.8801984 0.1457965 -0.5172198 -0.8433428 0.1211931 -0.6475615 -0.752314 0.07602012 -0.6514031 -0.754914 0.07500743 -0.6544292 -0.7523937 -0.03576105 -0.6584225 -0.7517985 0.1393902 -0.5198662 -0.8427987 0.1448556 -0.5028361 -0.8521578 0.07579147 -0.5080814 -0.857968 0.0736835 -0.515569 -0.853674 -0.0621162 -0.51954 -0.8521854 -0.07314532 -0.5565664 -0.8275771 -0.1268302 -0.5549674 -0.8221468 -0.09098368 -0.4935183 -0.8649634 -0.1106378 -0.4930524 -0.8629362 -0.07999777 -0.3623788 -0.9285914 -0.08907157 -0.3623337 -0.9277827 -0.06852632 -0.3218805 -0.9442973 -0.04407805 -0.3216904 -0.9458185 0.07574689 0.3384804 -0.9379197 0.07574361 0.3384817 -0.9379196 0.09642845 -0.08984082 -0.9912771 0.1157466 -0.1011578 -0.9881143 0.1179822 -0.1815253 -0.9762832 0.05051326 -0.1839183 -0.9816428 0.03271889 -0.1707728 -0.984767 0.03271931 -0.1707813 -0.9847655 0.06851607 -0.1398227 -0.9878033 0.07073068 -0.2312124 -0.9703289 0.05730432 -0.2316997 -0.9710981 0.05420875 -0.08237755 -0.9951258 0.01200848 -0.08311927 -0.9964673 0.01068657 -0.01047575 -0.9998881 0.02234166 -0.0103985 -0.9996963 -0.001490533 -0.2742149 -0.9616673 0.03876835 -0.3726742 -0.9271522 0.03707522 -0.2728208 -0.9613503 -0.001846373 -0.273899 -0.9617567 -0.003491938 -0.1496437 -0.9887339 -0.009002566 -0.1497259 -0.9886866 0.005580425 -0.2606219 -0.9654248 -0.0163961 -0.260928 -0.965219 -0.01269096 -0.3763346 -0.9263969 0.04142928 -0.4657061 -0.8839693 -0.006325364 -0.37419 -0.9273305 -0.006269216 -0.3741731 -0.9273377 -0.007643997 -0.2972446 -0.9547708 -0.009029865 -0.2972759 -0.9547489 -0.007994294 -0.3045033 -0.9524778 -0.03545773 -0.3050493 -0.9516763 -0.03453928 -0.345472 -0.9377933 -0.06473219 -0.4107367 -0.9094533 -0.04962801 -0.4108784 -0.9103385 -0.0658527 -0.6029375 -0.7950659 -0.04821956 -0.6032341 -0.7961053 -0.07843863 -0.7091612 -0.7006695 -0.02406257 -0.7101656 -0.7036234 -0.03179454 -0.7585738 -0.650811 0.08081823 -0.7543283 -0.6515039 0.07525777 -0.7799571 -0.6212916 0.1226795 -0.7754848 -0.6193328 0.1347461 -0.745368 -0.6528937 0.1362725 -0.7477107 -0.6498911 -0.08188492 0.4359979 -0.8962147 0.0113393 -0.3977196 -0.9174369 -0.1550561 0.8571081 -0.4912467 -0.03121668 0.2600128 -0.9651005 -0.3153441 0.947011 -0.06105959 -0.315344 0.9470111 -0.06105953 -0.315344 0.9470111 -0.06105953 -0.3153886 0.9470055 -0.06091624 -0.2665072 0.9483466 -0.1720836 -0.2356178 0.8961608 -0.3760056 -0.2877325 0.9316 -0.2221071 -0.3855509 0.8816818 0.2720071 -0.2718249 0.9390586 -0.2104289 -0.2965373 0.9462316 -0.1292727 0.00731945 0.6520266 -0.7581608 -0.1366342 0.7983068 -0.586547 -0.1365216 0.798164 -0.5867676 -0.1365197 0.7981632 -0.586769 -0.1365203 0.798164 -0.586768 -0.01785391 0.5924247 -0.8054281 -0.04231673 0.5966607 -0.8013771 0.01515221 0.4563469 -0.8896729 0.01522755 0.4561803 -0.889757 -0.03121525 0.2600095 -0.9651014 -0.03121852 0.2598241 -0.9651512 -0.03121852 0.2598241 -0.9651512 -0.03121852 0.2598241 -0.9651513 -0.01985883 0.4256144 -0.9046867 0.07284146 0.4085995 -0.9098025 0.01519584 0.4562301 -0.8897322 -0.08708912 -0.1330567 -0.9872748 -0.06316196 0.05722463 -0.9963614 -0.07506936 0.05262196 -0.9957889 -0.07508516 0.05901557 -0.9954292 -0.01693189 0.2157721 -0.976297 0.06249266 0.1754159 -0.982509 0.01325446 0.216599 -0.9761707 0.01325446 0.216599 -0.9761707 0.01325446 0.216599 -0.9761707 -0.06210434 -0.14543 -0.9874175 0.08124822 -0.6985629 -0.7109209 0.02204948 -0.5431786 -0.8393276 0.008389532 -0.4720089 -0.881554 -0.03438621 -0.3685724 -0.928963 -0.03438615 -0.3685723 -0.928963 -0.03438615 -0.3685723 -0.9289629 -0.03439491 -0.3685723 -0.9289627 0.08137488 -0.6988211 -0.7106527 0.08137482 -0.6988212 -0.7106527 0.08137494 -0.6988211 -0.7106527 0.09729051 -0.7290067 -0.6775572 0.09729063 -0.7290067 -0.6775572 0.09729057 -0.7290068 -0.6775572 0.1515592 -0.8416994 -0.5182393 0.1514533 -0.8415477 -0.5185166 0.1522962 -0.8427972 -0.5162352 0.2029409 -0.9394571 -0.2761076 0.1488783 -0.8543025 -0.4979985 0.02069348 -0.4692436 -0.8828264 0.08422452 -0.6726472 -0.7351543 0.09899234 -0.7288271 -0.6775041 0.09899228 -0.7288271 -0.677504 0.09899228 -0.7288271 -0.677504 0.1429019 -0.8448505 -0.5155646 0.1437062 -0.8446723 -0.5156331 0.1437059 -0.8446717 -0.5156341 0.1437057 -0.8446713 -0.5156346 -0.1192373 -0.0887348 -0.9888926 -0.03836053 -0.4086342 -0.9118918 -0.09618377 -0.08100903 -0.9920617 -0.06211596 -0.1454951 -0.9874072 -0.07928311 -0.1591534 -0.9840652 -0.05641353 -0.1518735 -0.9867888 -0.04224371 -0.06733542 -0.9968358 -0.09496927 -0.08483546 -0.9918588 -0.073192 0.4014706 -0.9129428 -0.07051545 0.3667011 -0.9276626 -0.08271557 0.190729 -0.9781517 -0.111474 0.2270207 -0.9674892 -0.1114714 0.2270027 -0.9674936 -0.2979441 0.926854 0.2284096 -0.2978887 0.9269869 0.227942 -0.3601648 0.9209854 0.1485507 -0.360165 0.9209853 0.148551 -0.3601649 0.9209854 0.1485508 -0.3609654 0.9206663 0.1485857 -0.3398479 0.9389542 0.05355823 -0.3602033 0.9209716 0.148543 -0.3602033 0.9209715 0.148543 -0.3602034 0.9209716 0.1485431 -0.2865306 0.9477096 0.1405236 -0.2865305 0.9477096 0.1405236 -0.2227571 0.9609861 -0.1639666 -0.310679 0.9231511 0.2264298 -0.3106791 0.9231512 0.2264298 -0.310679 0.9231512 0.2264298 -0.2096258 0.9531027 -0.2182939 -0.2097126 0.9531624 -0.2179497 -0.08735942 0.7631657 -0.6402707 -0.1383485 0.8619385 -0.4877721 -0.07390344 0.7670115 -0.637363 -0.07394397 0.7670846 -0.6372704 -0.1708082 0.8089235 -0.5625545 -0.1383728 0.8187541 -0.5572205 -0.03610956 0.6558213 -0.7540521 -0.04364168 0.6534737 -0.75569 -0.1132118 0.755245 -0.6455913 0.02893739 -0.7922199 -0.6095492 -0.1192792 -0.08853214 -0.9889057 -0.03676939 -0.4802505 -0.8763605 0.002532601 -0.6829345 -0.7304753 0.03264719 -0.7920227 -0.6096183 0.03264713 -0.7920227 -0.6096183 0.03264719 -0.7920227 -0.6096183 0.03272712 -0.7923036 -0.6092487 0.05932378 -0.8769079 -0.4769837 0.1489807 -0.8543275 -0.4979249 0.1494129 -0.8543303 -0.4977908 0.1494126 -0.8543306 -0.4977903 0.1494126 -0.8543306 -0.4977903 -0.02312105 0.5627771 -0.8262853 -0.02314597 0.5628439 -0.8262391 -0.007806897 0.4299308 -0.9028281 -0.1278783 0.5245005 -0.8417521 -0.127909 0.5245461 -0.841719 0.008385121 0.1806465 -0.9835124 0.1398825 0.4541062 -0.8798981 0.1739163 0.5185058 -0.8372007 0.1414716 0.5131176 -0.8465791 0.1746054 0.5278101 -0.8312218 0.02679133 0.4793542 -0.8772126 0.1097429 0.5672191 -0.8162224 0.1097215 0.5672234 -0.8162224 0.1235913 0.3847732 -0.9146994 0.08047676 0.375853 -0.9231783 0.1004237 0.379346 -0.919789 0.08176726 0.3469009 -0.9343307 0.1000724 0.3501696 -0.9313253 0.08266574 0.3278846 -0.9410941 0.08266615 0.3278842 -0.9410942 0.08266592 0.3278844 -0.9410942 0.01885133 0.2447851 -0.9693941 0.08161252 0.3503981 -0.9330384 0.01670891 0.2806828 -0.9596552 0.1398805 0.4541057 -0.8798986 0.1398886 0.4541059 -0.8798972 0.1670152 0.434466 -0.885068 0.1235155 0.3889669 -0.9129341 0.1578615 0.3399239 -0.9271093 0.1004166 0.3788225 -0.9200055 -0.002954542 0.1781399 -0.9840008 0.00533396 0.2022839 -0.9793124 -0.001326978 0.2130405 -0.9770425 0.008491933 0.2153399 -0.9765023 -0.001387715 0.213037 -0.9770432 -0.001317977 0.2130439 -0.9770418 -0.130043 0.3427351 -0.9303878 -0.1109425 0.3864831 -0.9155997 -0.08611482 0.3453969 -0.9344973 -0.1238914 0.4368378 -0.8909679 -0.1006492 0.4747976 -0.8743209 -0.1384854 0.4605144 -0.876783 -0.1044731 0.5103941 -0.8535709 0.02863562 0.5368871 -0.8431681 -0.006361663 0.5182191 -0.8552243 0.02791529 0.5142982 -0.8571571 -0.004220545 0.4787017 -0.8779675 -0.004245162 0.4786956 -0.8779706 0.01679879 0.2807055 -0.9596469 0.01670372 0.280687 -0.959654 0.01855689 0.2787039 -0.9601979 0.004085779 0.2519261 -0.9677379 0.01896136 0.2314035 -0.9726731 0.006517291 0.2225748 -0.9748938 0.00850898 0.2212663 -0.9751763 0.00652337 0.2209174 -0.9752707 0.006510257 0.2209181 -0.9752706 -0.07874822 0.1255528 -0.9889566 -0.004849433 -0.06103742 0.9981237 -0.004839718 -0.06104475 0.9981234 -0.004826128 -0.06105691 0.9981226 -0.2385785 0.1203109 -0.9636419 -0.09642243 0.03702104 -0.9946518 -0.09066969 0.05163496 -0.9945415 -0.09978073 -0.1346718 -0.9858536 -0.09978032 -0.1346713 -0.9858537 -0.09978002 -0.1346795 -0.9858527 0.0890209 0.6466439 -0.7575798 -0.0605843 0.04638165 -0.997085 -0.0605846 0.04638189 -0.9970849 -0.06058454 0.04638177 -0.9970849 -0.05036318 0.09231215 -0.9944556 -0.05036324 0.09231215 -0.9944556 -0.05036318 0.09231221 -0.9944557 -0.1001017 -0.1361994 -0.9856112 -0.1000975 -0.1361964 -0.985612 -0.1001024 -0.1361985 -0.9856113 -0.02059811 0.17595 -0.9841836 -0.02869337 0.172171 -0.9846492 -0.02869462 0.1721865 -0.9846464 -0.02943903 0.1662455 -0.9856449 -0.05043089 0.126217 -0.99072 -0.02245032 0.115883 -0.9930092 -0.03137814 0.1204096 -0.9922283 -0.02079731 0.1194943 -0.9926171 -0.02702933 0.1220607 -0.9921546 -0.090667 0.05164557 -0.9945412 -0.04706066 0.09933578 -0.9939405 -0.08557015 0.05130839 -0.9950101 -0.08559036 0.05132281 -0.9950077 -0.05156654 0.1162328 -0.9918825 -0.08560168 0.05134791 -0.9950054 -0.04928916 0.1145107 -0.9921986 -0.04930245 0.1144953 -0.9921997 -0.07874685 0.1255619 -0.9889556 -0.0369417 0.1115527 -0.9930717 -0.03884017 0.1097111 -0.9932044 -0.0457555 0.1125448 -0.9925927 -0.07961535 0.0951367 -0.9922754 -0.08313924 0.0962851 -0.9918755 0.4153446 -0.04811531 -0.9083908 0.05612158 0.1116501 -0.9921616 -0.09955739 0.09326773 -0.9906511 -0.04159516 0.1310925 -0.9904972 -0.04156601 0.1312322 -0.9904798 -0.04156607 0.1312322 -0.9904798 -0.04156607 0.1312322 -0.9904798 -0.05031323 0.09228408 -0.9944608 -0.05031329 0.09228408 -0.9944608 -0.05031317 0.09228414 -0.9944608 0.0543226 0.5200318 -0.8524179 -0.2170946 -0.6313219 -0.7445152 -0.2170946 -0.6313218 -0.7445151 -0.2170946 -0.6313217 -0.7445151 -0.2301197 -0.6301438 -0.7415954 -0.2301197 -0.6301438 -0.7415954 -0.2301197 -0.6301439 -0.7415954 -0.08158463 -0.06781011 -0.994357 -0.08158463 -0.06781011 -0.994357 -0.08158463 -0.06781011 -0.9943571 -0.09454727 -0.07376438 -0.9927838 -0.05196952 0.1148925 -0.9920176 -0.06851655 0.1170153 -0.9907639 0.08318221 0.555408 -0.8274073 0.08318215 0.555408 -0.8274073 0.08318215 0.555408 -0.8274073 0.1358656 0.5711727 -0.8095074 0.1358657 0.5711727 -0.8095074 0.1358657 0.5711727 -0.8095075 -0.07009899 0.08068317 -0.9942718 -0.07009893 0.08068311 -0.9942718 -0.07009893 0.08068311 -0.9942718 -0.04116362 0.1241161 -0.9914135 -0.02182734 0.1342607 -0.9907057 -0.03175348 0.1658359 -0.9856421 -0.03175294 0.1658374 -0.9856418 -0.04895097 0.1197512 -0.9915965 -0.06700879 0.1241735 -0.9899954 -0.06455612 0.1356012 -0.9886581 -0.04655462 0.1333093 -0.9899805 -0.0439198 0.1474336 -0.9880964 -0.03670042 0.1477338 -0.988346 -0.04015082 0.1313706 -0.9905199 -0.04015082 0.1313706 -0.9905199 -0.04015082 0.1313706 -0.9905199 0.09692072 0.02270537 -0.9950331 -0.04214429 0.08663684 -0.9953482 -0.08311551 0.1134722 -0.9900586 -0.02517187 0.09928035 -0.9947412 -0.025168 0.09927487 -0.9947417 -0.0196256 0.1220477 -0.9923302 -0.03387057 0.1257683 -0.9914813 -0.04121172 0.1281036 -0.9909042 -0.03348451 0.1286827 -0.9911204 -0.05836862 0.1347221 -0.9891629 -0.03114348 0.1465606 -0.9887114 -0.03941369 0.1476318 -0.9882568 -0.02121812 0.1655185 -0.9859785 -0.02548235 0.1653517 -0.9859054 -0.02079391 0.1752301 -0.984308 -0.02944391 0.1662156 -0.9856498 -0.03179562 0.1575471 -0.9869995 -0.03743278 0.157313 -0.9868391 -0.04429686 0.142729 -0.9887701 -0.0558263 0.1442017 -0.9879723 -0.06411284 0.1334573 -0.9889787 -0.04131138 0.1278786 -0.9909292 -0.04639577 0.1247814 -0.9910989 -0.0289247 0.1191909 -0.99245 -0.03233921 0.1175648 -0.9925386 -0.03407615 0.1182753 -0.992396 -0.03897291 0.1170433 -0.9923619 -0.05497902 0.1251598 -0.9906122 -0.07772308 0.1257241 -0.9890161 -0.07740974 0.1255891 -0.9890578 0.0929054 0.7669925 0.6348946 -0.1811229 0.9601534 -0.2128385 -0.08238643 0.9284402 -0.3622312 -0.08238673 0.9284402 -0.362231 -0.08238643 0.9284402 -0.3622311 -0.04332798 0.6456081 0.7624388 -0.04217803 0.6671435 0.7437343 -0.1020327 0.8055857 0.5836275 0.0261296 -0.1356477 0.9904125 0.02450597 -0.01227098 0.9996244 -0.00574249 -0.3455535 0.9383816 -0.005770862 -0.3457285 0.9383169 -0.005731046 -0.345501 0.9384009 -0.005731225 -0.345501 0.9384009 -0.005730926 -0.345501 0.9384009 0.04317176 -0.0221585 0.998822 0.04317206 -0.02215856 0.9988219 0.04317194 -0.02215856 0.9988219 0.1537826 0.839662 0.5208827 0.1537826 0.839662 0.5208828 0.1537824 0.8396622 0.5208825 0.02451401 -0.01226967 0.9996242 0.02913242 -0.1630759 0.9861834 0.01344013 0.06381916 0.997871 0.02311229 -0.08929854 0.9957368 -0.0970968 0.4114959 0.9062249 -0.09709686 0.4114959 0.9062248 -0.09709692 0.4114959 0.9062249 -0.02513277 0.4301429 0.9024109 -0.02513283 0.4301429 0.9024109 -0.02513283 0.4301429 0.9024109 -7.0899e-4 -0.4272611 0.9041281 -0.2372236 0.6389147 0.7317876 -0.2372192 0.6389212 0.7317833 -0.1530388 0.8146468 0.5594013 -0.01020103 -0.4278143 0.9038091 -0.00116539 -0.427648 0.9039446 -0.01055473 -0.4251464 0.9050631 -0.07827609 0.41302 0.9073519 -0.07819157 0.412689 0.9075098 -0.07819157 0.412689 0.9075098 -0.07819151 0.412689 0.9075098 -0.07141888 0.4101147 0.9092334 -0.1780022 0.9816439 0.06848764 -0.1941767 0.9585518 0.208504 -0.2484611 0.9395544 0.2355944 -0.2484611 0.9395543 0.2355943 -0.2484611 0.9395543 0.2355944 -0.09782332 0.8233788 0.5589973 -0.09782332 0.8233789 0.5589973 -0.09782338 0.8233788 0.5589973 -0.1578356 0.8233299 0.545175 -0.1578356 0.82333 0.545175 -0.1465451 0.9249238 0.3507716 -0.2028622 0.9192053 0.3375037 -0.1290043 -0.07503902 0.9888008 -0.1442221 -0.07816565 0.9864534 -0.05838847 0.6830425 0.7280411 0.02838146 -0.06829953 0.9972612 0.03054124 -0.06805515 0.997214 0.0100277 0.1964229 0.980468 0.01002776 0.196423 0.980468 0.01002776 0.1964229 0.980468 0.01722586 0.06444764 0.9977725 0.009043276 0.1652254 0.9862145 0.002733945 0.1643 0.9864066 0.01477676 0.005342304 0.9998766 -0.02288287 0.4698001 0.8824763 -0.0211935 0.469933 0.8824477 -0.02517372 0.51235 0.8584078 -0.02868986 0.5121909 0.8583924 -0.02726203 0.4972569 0.8671749 -0.02726268 0.4972568 0.867175 -0.02726256 0.4972568 0.867175 -0.05024528 0.7147656 0.6975569 -0.04893147 0.7148615 0.697552 -0.07733064 0.8702377 0.4865249 -0.07733041 0.8702376 0.4865249 -0.07733064 0.8702376 0.4865249 -0.06738543 0.8703473 0.4878062 -0.06738555 0.8703473 0.4878063 -0.06738579 0.8703472 0.4878063 -0.06390368 0.8392829 0.5399264 -0.06390351 0.8392831 0.5399264 -0.06390345 0.8392829 0.5399265 -0.06502223 0.8392655 0.53982 -0.06502217 0.8392656 0.5398198 -0.06502199 0.8392655 0.5398199 -0.06111204 0.8027781 0.5931379 -0.06111198 0.8027782 0.593138 -0.06111192 0.8027782 0.593138 0.01411998 0.2189184 0.975641 0.01411998 0.2189184 0.975641 0.01411998 0.2189184 0.975641 -0.002111077 0.2162004 0.9763468 -0.01420128 0.3803865 0.9247187 -0.01420116 0.3803865 0.9247187 -0.01420128 0.3803865 0.9247187 -0.02207821 0.3793644 0.9249839 -0.02207827 0.3793645 0.9249839 -0.02207833 0.3793645 0.9249839 -0.04279959 0.58513 0.8098093 -0.0611149 0.7779848 0.6253038 -0.06111502 0.7779847 0.6253038 -0.06111496 0.7779848 0.6253038 -0.07141697 0.8674538 0.4923655 -0.07141679 0.8674536 0.4923655 -0.07141697 0.8674537 0.4923656 -0.03643107 0.5805351 0.8134198 -0.03643047 0.5805352 0.8134198 -0.03643071 0.5805352 0.8134198 -0.02667075 0.5816603 0.8129945 -0.02667117 0.5816603 0.8129944 -0.02667105 0.5816603 0.8129945 -0.04349899 0.7886628 0.6132854 -0.04349893 0.7886627 0.6132854 -0.04349887 0.7886628 0.6132854 -0.05369818 0.5834037 -0.8104054 -0.05372083 0.5834019 -0.810405 -0.05369818 0.5834035 -0.8104054 -0.05392569 0.5834003 -0.8103926 -0.05392628 0.5834001 -0.8103926 -0.05392634 0.5834002 -0.8103926 -0.07982361 0.9705781 0.2271704 -0.07982385 0.9705781 0.2271704 -0.07982379 0.9705781 0.2271704 -0.05537509 0.7426322 0.6674063 -0.05537408 0.7426329 0.6674056 -0.05536139 0.7426344 0.667405 -0.05018734 0.7430238 0.6673807 -0.05018723 0.7430246 0.6673798 -0.05018675 0.7430242 0.6673802 -0.08938288 0.9777654 -0.1896989 -0.08938282 0.9777654 -0.1896989 -0.08938294 0.9777654 -0.1896989 -0.08891677 0.9941945 -0.06059044 -0.08891665 0.9941945 -0.06059044 -0.08891665 0.9941945 -0.06059044 -0.06807982 0.7588117 -0.6477422 -0.06807988 0.7588118 -0.6477422 -0.06807988 0.7588118 -0.6477422 -0.06808328 0.7588487 -0.6476986 -0.06808328 0.7588487 -0.6476986 -0.06808322 0.7588487 -0.6476986 -0.06145548 0.6267838 -0.776766 -0.06145554 0.6267839 -0.776766 -0.0614556 0.6267839 -0.776766 -0.05421286 0.5684091 -0.8209581 -0.05421286 0.568409 -0.8209581 -0.05421286 0.568409 -0.8209581 -0.6765215 0.3903236 -0.6244729 -0.6765193 0.3903234 -0.6244752 -0.6765197 0.3903234 -0.6244748 -0.04986387 0.5127413 -0.8570939 -0.05049657 0.5208034 -0.8521819 -0.05049651 0.5208036 -0.8521818 -0.05046665 0.5208063 -0.8521819 -0.04936903 0.520876 -0.8522036 -0.04936915 0.5208761 -0.8522035 -0.04936909 0.520876 -0.8522035 -0.07920354 0.9313142 0.3555008 -0.07920348 0.9313141 0.3555008 -0.07920354 0.9313141 0.3555009 -0.07707095 0.9314735 0.3555519 -0.07707101 0.9314736 0.3555519 -0.07707095 0.9314736 0.355552 -0.0777201 0.9367954 0.3411365 -0.0777201 0.9367954 0.3411365 -0.0777201 0.9367954 0.3411365 -0.07686156 0.9368321 0.34123 -0.07686156 0.9368321 0.3412301 -0.07686156 0.9368321 0.34123 -0.07772594 0.9436842 0.321588 -0.07772588 0.9436842 0.321588 -0.07772594 0.9436842 0.321588 -0.08524924 0.943509 0.3201928 -0.08524924 0.9435091 0.3201928 -0.08524924 0.943509 0.3201928 -0.08871728 0.9934117 0.07254374 -0.1011 0.9869673 0.1251972 -0.0724042 0.8056384 0.5879663 -0.0805146 0.9010663 0.426142 -0.08051478 0.9010663 0.426142 -0.08051472 0.9010663 0.426142 -0.111733 0.9005318 0.4201884 -0.111733 0.9005318 0.4201884 -0.111733 0.9005318 0.4201884 -0.04863899 0.6830842 0.7287182 -0.04713648 0.6674624 0.7431502 -0.04713648 0.6674624 0.7431502 -0.04713648 0.6674624 0.7431501 -0.08443874 0.9732996 0.2134432 -0.08181929 0.9476572 0.3086286 -0.08181935 0.9476572 0.3086286 -0.1091989 0.9468518 0.3025681 -0.109199 0.9468518 0.3025681 -0.1091989 0.9468517 0.302568 -0.08863478 0.9711553 -0.2213623 -0.08863478 0.9711553 -0.2213623 -0.08863478 0.9711553 -0.2213623 -0.08866816 0.9712228 -0.2210529 -0.01410293 0.3738555 0.9273797 -0.01410293 0.3738556 0.9273797 -0.01410287 0.3738556 0.9273797 -0.03577065 0.5866271 0.8090669 -0.03577047 0.5866271 0.8090668 -0.03577059 0.5866271 0.8090668 -0.03422802 0.5866614 0.8091087 -0.03422796 0.5866615 0.8091086 -0.03422814 0.5866615 0.8091086 -0.05507659 0.7739878 0.6308007 -0.05507671 0.7739878 0.6308007 -0.05507665 0.7739878 0.6308007 -0.06698077 0.7738409 0.6298286 -0.06698071 0.7738407 0.6298286 -0.06698077 0.7738407 0.6298286 -0.08614057 0.9782089 0.1889109 -0.1056612 0.9771593 0.1843786 -0.1013688 0.9924334 0.0692833 -0.08919304 0.9807996 -0.1734268 -0.0891931 0.9807996 -0.1734268 -0.08919304 0.9807996 -0.1734268 -0.09578245 0.9321284 -0.3492314 -0.09596163 0.9320955 -0.34927 -0.08755749 0.9728733 -0.2141293 -0.08754372 0.9728859 -0.2140776 -0.08755606 0.9728833 -0.2140845 -0.07092899 0.8674857 0.4923798 -0.07092922 0.8674857 0.4923797 -0.07092934 0.8674858 0.4923796 -0.06427919 0.8026076 0.5930341 -0.06427901 0.8026076 0.5930341 -0.06427913 0.8026075 0.5930341 -0.050884 0.685086 0.726683 -0.050884 0.685086 0.726683 -0.05088388 0.685086 0.726683 -0.04710751 0.6454286 0.7623667 -0.02468365 0.4195181 0.9074114 -0.02468383 0.4195181 0.9074114 -0.02468383 0.4195181 0.9074114 -0.03170841 0.4969798 0.8671826 -0.03172284 0.4969785 0.8671828 -0.03170835 0.4969798 0.8671826 -0.01128751 0.286036 0.9581524 -0.01128745 0.286036 0.9581524 -0.01128751 0.286036 0.9581524 -0.01880407 0.3733186 0.9275126 -0.01880395 0.3733186 0.9275126 -0.01880395 0.3733186 0.9275126 -0.009910166 0.2745918 0.9615098 -0.009910225 0.2745918 0.9615099 -0.009910285 0.2745918 0.96151 -0.003616094 0.2753372 0.961341 -0.003616094 0.2753372 0.9613409 -0.003616034 0.2753372 0.961341 -0.008047223 0.3257305 0.9454284 -0.004378795 0.3260652 0.9453372 -0.005752742 0.3417212 0.9397838 -0.01332247 0.3411279 0.9399226 -4.84729e-4 0.1407175 0.9900498 -4.84739e-4 0.1407175 0.9900498 -4.84753e-4 0.1407175 0.9900497 -0.05564826 0.6517457 0.7563933 -0.05564826 0.6517457 0.7563933 -0.0556482 0.6517457 0.7563933 -0.09132444 0.6513888 0.7532281 -0.09132444 0.6513888 0.7532281 -0.09132444 0.6513888 0.7532281 -0.1027563 0.9155147 0.3889399 -0.1027562 0.9155147 0.3889399 -0.1027563 0.9155147 0.3889399 -0.1503592 0.9144564 0.3757151 -0.1503592 0.9144564 0.3757151 -0.1503592 0.9144564 0.3757151 -0.1333547 0.9843808 0.1149393 -0.1312705 0.9880248 0.08108681 -0.1256038 0.9918705 0.02041262 -0.09589421 0.9320472 -0.3494172 -0.08821284 0.9727445 -0.2144454 -0.09021079 0.9820122 -0.165874 -0.09021091 0.9820122 -0.165874 -0.09021085 0.9820122 -0.165874 -0.08937442 0.9778093 -0.1894762 -0.08941912 0.9777953 -0.1895276 0.1030255 0.4226443 0.9004209 0.1030254 0.4226443 0.9004209 0.1030254 0.4226442 0.9004209 0.1031811 0.4239054 0.8998099 0.1031812 0.4239051 0.89981 0.1031813 0.4239057 0.8998098 0.1456915 0.8357598 0.5294145 0.1456905 0.8357441 0.5294395 0.1456899 0.8357463 0.5294362 0.09910929 0.886763 0.4514741 0.02599084 0.11035 0.993553 0.02598434 0.1098001 0.993614 0.02598428 0.1098001 0.993614 0.02598428 0.1098001 0.993614 0.005710721 0.9753156 -0.2207416 0.005710899 0.9753156 -0.2207417 0.005710542 0.9753156 -0.2207416 0.09289902 0.7669669 0.6349264 0.03264814 0.2705388 0.9621553 0.04666727 0.6105755 0.790582 0.04666727 0.6105754 0.790582 0.04666721 0.6105754 0.790582 0.04842042 0.7628312 0.6447822 0.04842042 0.7628312 0.6447822 0.04842036 0.7628311 0.6447823 0.02450472 0.757979 0.6518185 0.02450484 0.757979 0.6518185 0.02450478 0.757979 0.6518185 0.02828162 0.3052619 0.9518484 0.01061952 0.3023689 0.9531319 -0.00384742 0.245311 0.9694368 -0.003847241 0.2453109 0.9694368 -0.003847301 0.2453109 0.9694368 0.008649468 0.08446574 0.9963889 0.008649528 0.08446574 0.9963889 0.008649468 0.08446574 0.9963889 0.01950865 0.08659005 0.9960531 0.01950871 0.08659005 0.996053 0.01950871 0.08659005 0.9960531 0.02072954 0.05793941 0.9981049 0.02601534 0.05895012 0.9979219 0.02601444 0.05916029 0.9979095 0.02393192 0.05913442 0.9979632 0.02393192 0.05913442 0.9979632 0.02393192 0.05913442 0.9979632 0.02354562 0.04924815 0.9985091 0.07276463 0.1932754 0.9784427 0.07276463 0.1932754 0.9784427 0.07276463 0.1932754 0.9784427 0.1529608 0.8873519 0.4349824 0.05593496 0.05133265 0.997114 0.05593496 0.05133265 0.997114 0.05593496 0.05133265 0.997114 0.05620616 0.0531466 0.9970037 0.05596786 0.05135542 0.997111 0.0251106 -0.1558807 0.9874566 0.03055936 -0.05743116 0.9978817 0.03055936 -0.05743116 0.9978817 0.03055936 -0.05743116 0.9978817 0.09418642 0.8047618 0.5860779 0.09418648 0.8047618 0.586078 0.09418648 0.8047618 0.586078 0.03414964 0.05092632 0.9981184 0.03405755 0.04972547 0.9981821 0.02027845 -0.09446263 0.9953219 0.0189681 -0.1560242 0.9875712 0.01896816 -0.1560242 0.9875711 0.0189681 -0.1560242 0.9875711 0.02438622 -0.09049516 0.9955983 0.0244401 -0.09024751 0.9956195 0.02224636 -0.01655691 0.9996154 0.02035671 -0.01678931 0.9996518 0.02040201 -0.0769937 0.9968228 0.02634316 -0.09362649 0.9952589 -0.1325722 0.9096605 -0.3936273 -0.1323637 0.9097093 -0.3935849 -0.1742689 0.96179 -0.2111642 -0.1589998 0.9375026 -0.3095288 -0.1325709 0.9096564 -0.3936373 -0.1325708 0.9096564 -0.3936374 -0.1325709 0.9096564 -0.3936374 -0.132515 0.9095835 -0.3938246 -0.132515 0.9095835 -0.3938247 -0.132515 0.9095835 -0.3938246 -0.09587484 0.9320322 -0.3494626 -0.1734042 0.9847157 0.01631718 -0.1682411 0.9855306 -0.02060377 -0.2110594 0.9770506 -0.02874267 -0.2437325 0.9488512 0.2006885 -0.2437325 0.9488512 0.2006885 -0.2484492 0.9395744 0.2355273 -0.2484492 0.9395743 0.2355273 -0.2484493 0.9395744 0.2355273 -0.2484798 0.9395225 0.2357022 -0.04900258 0.6729654 0.738049 -0.03856801 0.569051 0.8213973 -0.0385679 0.569051 0.8213973 -0.03856784 0.569051 0.8213974 -0.03508353 0.5694167 0.8213 -0.03508347 0.5694167 0.8213002 -0.03508341 0.5694167 0.8213002 0.01823413 -0.06069326 0.99799 0.01823401 -0.06069326 0.99799 0.01823413 -0.06069326 0.99799 -0.009727656 0.3618023 0.9322041 -0.009727537 0.3618023 0.9322041 -0.009727656 0.3618023 0.9322041 0.007727146 0.3647178 0.9310861 0.007727026 0.3647178 0.9310861 0.007726907 0.3647178 0.9310861 -0.01573449 0.7954272 0.6058449 -0.01573437 0.7954272 0.6058449 -0.01573455 0.7954272 0.6058449 -0.04068821 0.9759909 -0.2139776 -0.04068779 0.9759908 -0.2139778 -0.04068803 0.9759909 -0.2139775 0.01607042 0.1889268 0.9818596 0.01607042 0.1889268 0.9818597 0.01607042 0.1889268 0.9818597 0.02496719 -0.05739957 0.9980391 0.02496719 -0.05739957 0.9980391 0.02496719 -0.05739957 0.9980391 -0.08116143 0.9667282 -0.2425889 -0.08116137 0.9667283 -0.2425887 -0.08116102 0.9667283 -0.2425892 -0.08115613 0.9667288 -0.2425885 -0.08115625 0.9667288 -0.2425884 -0.08115625 0.9667288 -0.2425885 -0.05363816 0.5821194 -0.8113322 -0.05522048 0.5819886 -0.81132 -0.0523259 0.5610256 -0.826143 -0.05059725 0.5203734 -0.8524386 -0.05059725 0.5203734 -0.8524386 -0.05060106 0.5203731 -0.8524386 -0.05059587 0.5203577 -0.8524482 -0.05059581 0.5203577 -0.8524482 -0.05059593 0.5203577 -0.8524483 -0.09102648 0.995653 -0.01973146 -0.09102642 0.995653 -0.01973146 -0.09102642 0.995653 -0.01973152 -0.08884227 0.9958579 -0.0193426 -0.08884233 0.9958579 -0.0193426 -0.08884233 0.995858 -0.0193426 -0.08922308 0.9821555 -0.1655595 -0.0892232 0.9821555 -0.1655595 -0.0892232 0.9821555 -0.1655595 -0.08962398 0.9878947 -0.1266163 -0.08962404 0.9878947 -0.1266163 -0.08962434 0.9878946 -0.1266162 -0.07341897 0.7581446 -0.6479402 -0.07341921 0.7581443 -0.6479405 -0.07341957 0.7581449 -0.6479399 -0.07182633 0.758401 -0.6478186 -0.07182645 0.7584006 -0.6478191 -0.07182699 0.7584007 -0.6478188 -0.08517277 0.9258069 -0.368276 -0.08517247 0.925807 -0.368276 -0.08517259 0.9258069 -0.3682761 -0.08094429 0.9272328 -0.3656329 -0.08094441 0.927233 -0.3656324 -0.08094418 0.9272329 -0.3656326 -0.06888079 0.8550087 0.5140191 -0.06093716 0.8554425 0.5143005 -0.0483042 0.7127913 0.6997109 -0.04830276 0.7127916 0.6997108 -0.04830318 0.7127915 0.6997109 -0.03687971 0.7138605 0.6993163 -0.0368787 0.7138609 0.6993158 -0.03687965 0.7138608 0.6993159 -0.04139286 0.7666228 0.6407622 -0.01884233 0.7724813 0.634758 0.01652026 0.1583885 0.9872387 0.01652026 0.1583885 0.9872387 0.0165202 0.1583885 0.9872387 0.02612978 -0.1356477 0.9904126 0.02582466 -0.09023678 0.9955855 0.02574819 -0.08871608 0.9957241 0.02295887 -0.01107805 0.9996751 0.01584243 -0.01261746 0.9997949 0.004132866 0.1502622 0.9886376 0.004132747 0.1502622 0.9886376 0.004132807 0.1502622 0.9886376 -9.83795e-4 0.1493156 0.9887892 -9.83786e-4 0.1493156 0.9887892 -9.83728e-4 0.1493156 0.9887892 -0.00891298 0.2444906 0.9696108 -0.008912682 0.2444906 0.9696107 -0.00891298 0.2444906 0.9696108 -0.02502328 0.4194754 0.9074218 -0.02502322 0.4194754 0.9074218 -0.02502334 0.4194754 0.9074217 -0.02522009 0.4217432 0.9063646 -0.02522015 0.4217432 0.9063646 -0.02522009 0.4217432 0.9063646 -0.0417729 0.585359 0.8096975 -0.04982572 0.6731474 0.7378279 -0.04982572 0.6731474 0.7378279 -0.04982572 0.6731474 0.7378279 -0.06099092 0.7780246 0.6252664 -0.06099086 0.7780246 0.6252664 -0.06099086 0.7780246 0.6252664 -0.0736677 0.9068914 0.4148749 -0.07366776 0.9068912 0.4148752 -0.07366788 0.9068911 0.4148754 -0.07546669 0.906791 0.4147708 -0.07546675 0.9067913 0.4147701 -0.07546687 0.9067912 0.4147704 -0.08602118 0.987888 0.1291422 -0.08602124 0.987888 0.1291421 -0.08602076 0.987888 0.1291422 -0.08564281 0.9845626 0.1526496 -0.08564257 0.9845626 0.1526496 -0.08564263 0.9845626 0.1526497 -0.08548355 0.9845696 0.1526933 -0.08548372 0.9845696 0.1526935 -0.08548361 0.9845696 0.1526933 -0.08613145 0.9883741 0.1252925 -0.08613163 0.988374 0.1252927 -0.08613175 0.988374 0.1252925 -0.0855143 0.9884104 0.1254287 -0.08551424 0.9884103 0.1254289 -0.0855146 0.9884103 0.1254287 -0.08498531 0.9854692 0.147065 -0.08498555 0.9854691 0.1470651 -0.08498549 0.9854692 0.147065 -0.09129369 0.9850966 0.1457743 -0.09129351 0.9850967 0.1457742 -0.09129363 0.9850966 0.1457743 -0.08940243 0.9922891 -0.08584588 -0.08940243 0.9922891 -0.08584588 -0.08940243 0.9922891 -0.08584588 -0.1030716 0.9906767 -0.08908379 -0.1030717 0.9906768 -0.08908379 -0.1030717 0.9906767 -0.08908379 -0.09325116 0.9845014 -0.1485306 -0.0932511 0.9845014 -0.1485306 -0.09325128 0.9845014 -0.1485306 0.01153606 -0.2363229 0.9716061 0.02180755 -0.1321629 0.9909881 0.01006323 -0.4660156 0.8847194 -0.03416478 -0.4465247 0.8941188 -0.03389233 -0.4464623 0.8941604 0.002951383 -0.4380909 0.898926 -0.02792072 -0.4134924 0.9100795 -0.02793669 -0.4134954 0.9100776 0.04495042 -0.3343961 0.9413601 -4.86802e-4 -0.3124339 0.9499394 0.03721177 -0.3042533 0.9518641 0.003690838 -0.2850702 0.9584996 0.003690719 -0.2850628 0.9585018 0.0352075 -0.1810137 0.9828503 0.01922309 -0.2813686 0.9594072 0.01902502 -0.2346711 0.9718887 0.0387488 -0.2640334 0.9637349 0.03728401 -0.2590293 0.9651497 0.04912495 -0.2564865 0.9652987 0.05087053 -0.2649036 0.9629322 0.003694891 -0.2751119 0.9614052 -0.1043331 0.1417366 0.9843908 -0.2588968 0.7562604 0.6008684 -0.2588968 0.7562603 0.6008684 -0.2588967 0.7562603 0.6008684 -0.2376208 0.6482431 0.7234067 -0.08879417 0.03242927 0.995522 -0.1133652 0.3016077 0.9466685 -0.1776859 0.2920863 0.9397411 -0.1179419 0.9615239 -0.248116 -0.1386584 0.95806 -0.2507888 -0.258885 0.7564473 0.6006382 -0.2452135 0.4128061 0.8771896 -0.2023312 0.1775406 0.9630896 -0.1347545 0.9416373 0.3084809 -0.09508723 0.3857643 0.9176844 -0.2376103 0.6482381 0.7234146 -0.0343427 -0.448464 0.8931409 -0.03241723 -0.4479801 0.8934556 -0.04127973 -0.2803105 0.9590215 0.002285003 -0.2715047 0.9624345 -0.005774915 -0.1311997 0.9913392 0.04820567 -0.1212283 0.9914535 0.03608804 -0.1834748 0.9823618 0.03608137 -0.183476 0.9823618 0.04809474 -0.124373 0.9910693 0.01753294 0.08633631 0.9961118 0.6089803 0.1018226 0.7866227 -0.07735919 0.1769552 0.981174 0.02183771 -0.1319902 0.9910104 0.02286463 -0.1318331 0.9910083 0.02266424 -0.1305396 0.991184 0.01099252 -0.132582 0.9911111 0.02040755 -0.1441377 0.9893472 0.02039611 -0.1441419 0.9893469 0.007769525 -0.1488135 0.9888348 -0.102517 -0.1542723 0.9826955 -0.1279634 0.02474516 0.9914702 -0.1608601 0.189593 0.9685961 -0.1897665 0.4796935 0.8566697 -0.2529997 0.463272 0.8493352 -0.2678671 0.7541126 0.5996345 -0.1732493 -0.008163869 0.9848442 -0.1732493 -0.008163869 0.9848442 -0.1732493 -0.008163869 0.9848443 -0.1732231 -0.008258223 0.984848 -0.1732231 -0.008258223 0.984848 -0.1732231 -0.008258223 0.984848 -0.1371245 -0.164903 0.9767313 -0.1425431 0.002529382 0.9897854 -0.09073102 -0.3001115 0.9495794 -0.07733845 0.1769404 0.9811784 -0.08768451 0.9455725 0.3133753 -0.0282213 0.01191085 0.9995307 -0.03354686 0.1481434 0.9883968 -0.01786279 -0.06199568 0.9979166 -0.06977033 -0.06968486 0.9951263 -0.05130243 -0.2541275 0.9658092 -0.06323432 -0.257027 0.9643333 -0.04318118 -0.4183254 0.9072703 -0.05107969 -0.4206584 0.9057801 -0.002065479 -0.2688568 0.9631779 0.01742935 -0.1694802 0.9853795 0.01743704 -0.1694785 0.9853797 0.01255798 -0.179439 0.983689 0.02785599 -0.1819157 0.9829196 0.02440881 -0.182612 0.9828821 0.02867126 -0.2039582 0.9785597 0.02867108 -0.2039577 0.9785598 0.009204328 -0.1591323 0.9872144 0.01939731 -0.1677094 0.9856457 -0.006507515 -0.1680927 0.9857497 0.008133769 -0.1771756 0.9841457 -0.006413936 -0.179553 0.9837274 0.006412208 -0.1963042 0.9805221 -0.006263792 -0.1985281 0.9800752 0.01244354 -0.2212079 0.9751473 -0.006044089 -0.2247853 0.9743897 0.01142841 -0.2316741 0.9727264 -0.01947337 -0.2631796 0.9645503 -0.0194621 -0.2631767 0.9645514 -0.3123208 0.1374414 -0.9399816 -0.3123209 0.1374416 -0.9399817 -0.3123207 0.1374416 -0.9399816 0.1611363 -0.8331615 0.5290342 0.1611365 -0.8331604 0.5290359 0.1611362 -0.8331611 0.5290348 0.01146906 -0.09900742 0.9950206 0.01146084 -0.09900289 0.9950212 0.01147377 -0.09902739 0.9950186 -0.08236753 0.07241696 -0.9939675 -0.08238524 0.07243329 -0.9939649 0.9781566 0.1943962 0.07361954 0.9781582 0.1943907 0.07361334 0.9781591 0.1943882 0.07360738 0.1884149 0.9706018 0.1497731 0.1884145 0.9706019 0.1497732 0.1884143 0.9706019 0.1497734 0.1818423 0.836141 0.5174956 0.1818411 0.8361428 0.5174931 0.181842 0.8361399 0.5174974 0.199814 0.9292829 -0.310657 0.1998116 0.9292821 -0.3106609 0.1998093 0.9292812 -0.3106651 0.0052374 0.3201698 -0.9473458 0.005237162 0.3201699 -0.9473457 0.005237579 0.3201698 -0.9473457 0.1234114 0.3724212 0.9198217 0.1234115 0.3724212 0.9198217 0.1234117 0.3724212 0.9198217 0.0454266 -0.1099416 0.9928994 0.04542654 -0.1099416 0.9928994 0.04703319 -0.1018918 0.993683 0.1081721 0.1979581 0.9742235 0.108172 0.1979581 0.9742235 0.1039976 0.1761729 0.9788501 0.1039976 0.1761729 0.9788501 0.1039978 0.1761729 0.9788501 0.07969224 0.0549885 0.9953017 0.07969218 0.0549885 0.9953017 0.07969224 0.0549885 0.9953017 0.0711981 0.01355326 0.9973702 0.08032053 0.05516171 0.9952417 0.05716806 -0.05302208 0.9969556 0.05716812 -0.05302208 0.9969556 0.05716806 -0.05302208 0.9969556 0.05354201 -0.07336908 0.9958665 0.04003453 -0.1291286 0.9908194 0.04225361 -0.1184073 0.9920657 -0.07433414 -0.5734613 0.8158533 -0.0743345 -0.5734612 0.8158534 -0.07433444 -0.5734612 0.8158534 0.2334689 0.7430781 0.627158 0.2334681 0.7430784 0.627158 0.2334679 0.7430782 0.6271583 -0.1489704 -0.8117602 0.5646711 -0.1489704 -0.8117601 0.564671 -0.1489706 -0.8117601 0.564671 0.06274539 -0.1315472 0.9893223 0.07230019 -0.09546828 0.9928034 0.07377409 -0.107427 0.9914721 0.1084934 -0.006530821 0.9940757 0.108493 -0.006530225 0.9940758 0.1084933 -0.00653094 0.9940757 0.07054179 -0.1228097 0.98992 0.1884154 0.8517212 -0.4889485 0.1884154 0.8517213 -0.4889486 0.1884154 0.8517212 -0.4889485 0.0954076 -0.03917109 0.9946673 0.1742187 0.8709248 -0.4594975 0.1742186 0.8709248 -0.4594974 0.174241 0.870919 -0.4595001 0.08707803 -0.06402432 0.994142 0.09118515 -0.05410951 0.9943629 0.1137895 0.01908987 0.9933215 0.06458789 -0.0935738 0.9935151 0.08649313 -0.04983937 0.995005 0.08561605 -0.05272936 0.994932 0.1258746 0.02646803 0.9916931 0.1169589 0.02871328 0.9927216 0.1605093 0.1753998 0.9713248 0.1605093 0.1753998 0.9713248 0.1605093 0.1753998 0.9713248 0.1051297 -0.006590664 0.9944367 0.1051287 -0.006592392 0.9944368 0.1051293 -0.00659132 0.9944368 0.04599893 0.2109551 -0.9764129 0.2542598 0.2891262 0.9229074 0.2542598 0.2891262 0.9229074 0.2542599 0.2891261 0.9229074 -0.04136592 0.1367126 -0.9897468 -0.04136562 0.1367127 -0.9897468 -0.04136592 0.1367128 -0.9897467 -0.02553403 0.1243559 -0.9919092 -0.02554446 0.124364 -0.9919078 -0.02554428 0.1243641 -0.9919078 0.1417999 0.02107661 0.9896709 0.4878047 0.834204 0.2571969 0.4878076 0.8342009 0.257202 0.4878093 0.8341977 0.2572091 0.1055754 -0.005192637 0.9943978 -0.04864495 0.155487 -0.9866396 -0.04864525 0.1554871 -0.9866395 -0.0486449 0.1554869 -0.9866396 0.4870699 0.8481484 0.2083441 0.4870659 0.8481544 0.2083296 0.487069 0.8481513 0.2083346 0.4865919 0.8544116 0.1822339 0.4865947 0.854403 0.1822671 0.4865977 0.8544005 0.1822703 0.1061465 -0.003902912 0.9943429 0.106144 -0.003907799 0.9943432 0.1061437 -0.003911018 0.9943431 0.1045357 -0.008130192 0.9944879 0.1045418 -0.008121609 0.9944874 0.1045275 -0.008144378 0.9944887 0.1045078 -0.008181273 0.9944905 0.1045131 -0.008152723 0.9944902 0.1045074 -0.008171856 0.9944906 0.487786 0.8342235 0.2571691 0.4878034 0.8342064 0.2571919 0.4878064 0.834218 0.2571485 0.4880056 0.8299195 0.2703411 0.4880029 0.8299084 0.2703799 0.4880031 0.8299198 0.270345 0.1325744 0.3744792 -0.9177088 0.1325755 0.3744814 -0.9177078 0.132577 0.3744837 -0.9177066 -0.1376492 -0.05252063 -0.9890877 -0.1376493 -0.05252069 -0.9890876 -0.1376492 -0.05252069 -0.9890876 0.1150661 0.01587307 0.993231 0.115066 0.01587313 0.993231 0.1150661 0.01587313 0.993231 0.1054629 -0.005717992 0.9944069 0.1054629 -0.005717992 0.9944068 0.1054629 -0.005717992 0.9944069 0.1054965 -0.00562936 0.9944038 0.1054962 -0.005629062 0.9944038 0.1054966 -0.005629301 0.9944038 -0.06844902 0.1306 -0.9890695 -0.06844902 0.1306 -0.9890695 -0.06844902 0.1306 -0.9890695 0.116369 0.3010235 -0.9464899 0.116369 0.3010236 -0.9464899 0.247561 0.1557376 0.9562737 0.2475612 0.1557375 0.9562737 0.2475612 0.1557374 0.9562737 0.1986621 0.1730469 0.96467 0.1986621 0.1730469 0.96467 0.1986619 0.173047 0.96467 -0.07670962 0.0689975 -0.9946632 -0.07670968 0.06899744 -0.9946632 -0.07670968 0.06899744 -0.9946632 -0.0810101 0.07079327 -0.994196 -0.0810101 0.07079327 -0.994196 -0.0810101 0.07079327 -0.9941961 -0.09494215 0.03653198 -0.9948123 -0.07385313 0.10728 -0.9914821 -0.07385313 0.10728 -0.9914821 -0.07385325 0.10728 -0.9914821 0.08714491 -0.05005007 0.9949376 0.1427839 0.02229636 0.9895028 0.126528 0.02763116 0.9915781 0.1987777 0.1732798 0.9646044 0.1987777 0.1732797 0.9646044 0.1987776 0.1732797 0.9646044 0.1627026 0.1828671 0.9695811 0.1627026 0.1828672 0.9695811 0.1627026 0.1828672 0.9695811 0.1041576 -0.01260411 0.994481 0.2066961 0.3804447 0.9014092 0.206696 0.380445 0.9014092 0.2066963 0.3804448 0.9014092 0.07516264 -0.1035457 0.9917808 0.0751627 -0.1035457 0.9917807 0.07124483 -0.1190323 0.9903311 -0.06926822 0.1249505 -0.9897421 -0.0684334 0.1293261 -0.989238 -0.06843411 0.1306312 -0.9890664 -0.06843417 0.1306312 -0.9890664 -0.06843417 0.1306312 -0.9890664 0.07046055 -0.1241292 0.9897613 0.07046055 -0.1241292 0.9897612 0.07046061 -0.1241292 0.9897613 0.07048428 -0.1243636 0.9897301 0.07048451 -0.1243636 0.9897301 0.07048439 -0.1243636 0.9897301 0.0706017 -0.1245995 0.989692 0.07060146 -0.1245996 0.989692 0.07060128 -0.1245998 0.989692 -0.0685873 0.1308932 -0.9890212 -0.0685873 0.1308932 -0.9890211 -0.0685873 0.1308933 -0.9890211 -0.06847769 0.130779 -0.9890439 -0.06847763 0.1307786 -0.989044 -0.06847798 0.1307787 -0.9890439 -0.2235586 0.08152323 0.9712753 -0.2235576 0.08152043 0.9712756 -0.2235539 0.08151793 0.9712768 0.07046824 -0.124458 0.9897194 0.07046794 -0.1244583 0.9897194 0.07046824 -0.1244581 0.9897194 0.03868764 -0.1055951 0.9936565 0.05624598 -0.1127758 0.9920273 0.07970267 -0.09402817 0.992374 0.1340907 -0.1215329 0.9834885 0.2103916 -0.1092928 0.9714889 0.2588576 -0.1376476 0.9560575 0.4480884 0.6827374 -0.5771365 0.4480887 0.6827373 -0.5771364 0.4480886 0.6827375 -0.5771363 0.5824837 0.4137387 0.6996664 0.5824838 0.4137387 0.6996663 0.5824837 0.413739 0.6996664 0.01972281 0.1600852 -0.9869062 0.01972281 0.1600849 -0.9869063 0.01972275 0.160085 -0.9869062 -0.01151692 -0.153707 0.9880494 -0.0115168 -0.1537072 0.9880494 -0.0115168 -0.1537072 0.9880493 -0.01200103 -0.153971 0.9880025 -0.01200211 -0.1539722 0.9880024 -0.01200312 -0.1539729 0.9880022 -0.02516335 -0.1571414 0.9872555 -0.02516335 -0.1571414 0.9872556 -0.02516341 -0.1571414 0.9872555 -0.02483791 -0.155223 0.9875672 0.8541437 0.1304943 0.5033982 0.8541435 0.1304945 0.5033987 0.8541439 0.1304956 0.5033976 0.02027899 -0.1348677 0.9906561 0.02027946 -0.1348693 0.9906559 0.02027982 -0.1348709 0.9906557 -0.03786498 0.1302797 -0.9907541 -0.0378651 0.1302795 -0.9907541 -0.03786498 0.1302797 -0.9907541 0.1298533 0.1491687 -0.9802483 0.03204047 -0.1321578 0.9907108 0.02161216 -0.134599 0.9906645 0.0215919 -0.134576 0.9906681 0.02160221 -0.1345871 0.9906663 0.03608685 0.1636537 -0.9858576 0.1645629 0.2247775 -0.9604135 0.1645743 0.2247297 -0.9604228 0.008432388 0.1366188 -0.9905878 0.04131817 -0.1090142 0.9931812 0.04307949 -0.1095787 0.9930441 0.05843323 -0.08619052 0.9945636 0.07945525 -0.09479141 0.9923213 0.122625 -0.06563264 0.9902806 0.208889 -0.1096302 0.971775 0.3477864 -0.08763509 0.9334692 0.3477864 -0.08763509 0.9334693 0.3477864 -0.08763509 0.9334692 0.339976 -0.08882451 0.93623 0.339976 -0.08882445 0.93623 0.339976 -0.08882445 0.93623 0.4318391 -0.1466531 0.8899483 0.4318391 -0.1466531 0.8899483 0.4318391 -0.1466531 0.8899483 -0.03844243 0.1241954 -0.9915129 -0.03844255 0.1241956 -0.9915128 -0.03844237 0.1241955 -0.9915129 0.3386758 -0.1404068 0.9303681 0.3386768 -0.1404073 0.9303675 0.3386768 -0.1404069 0.9303677 0.1311408 0.1103593 -0.985202 0.2643319 -0.1409245 0.9540802 0.2643462 -0.1409334 0.954075 0.2643208 -0.1409158 0.9540846 -0.3033838 0.135571 -0.9431748 -0.3029143 0.1365045 -0.9431912 0.3717287 -0.1454471 0.9168767 0.3717287 -0.1454471 0.9168767 0.3717287 -0.145447 0.9168768 0.8075964 -0.1689611 0.5650134 0.8075958 -0.1689617 0.5650143 0.8075955 -0.1689606 0.565015 0.9952725 0.02480405 -0.09390169 0.9952725 0.02480375 -0.09390169 0.9952725 0.02480334 -0.09390169 0.7960719 -0.1666881 0.5817943 0.7960721 -0.1666878 0.5817942 0.7960718 -0.1666877 0.5817946 0.8013094 -0.1681702 0.5741273 0.8013093 -0.168171 0.5741272 0.8013094 -0.1681704 0.5741271 0.1310525 0.09548932 -0.986766 0.3382068 -0.1299778 0.9320526 0.3382077 -0.1299778 0.9320522 0.3382077 -0.1299776 0.9320523 -0.02199202 -0.1070966 0.9940055 0.6163471 -0.1447972 0.7740479 0.616347 -0.1447973 0.7740479 0.616347 -0.1447975 0.7740479 0.283561 -0.1416946 0.9484282 0.2835541 -0.1416993 0.9484295 0.2835678 -0.1416898 0.9484267 0.2958448 -0.1421569 0.9445991 0.2958451 -0.1421557 0.9445991 0.2958415 -0.1421582 0.9445999 0.7941585 -0.1668534 0.5843563 0.7941605 -0.1668547 0.5843533 0.7941564 -0.1668505 0.58436 0.8222532 -0.1715668 0.5426458 0.8222545 -0.1715694 0.5426431 0.8222566 -0.1715674 0.5426404 0.7913583 -0.1667822 0.588163 0.7913585 -0.1667823 0.5881627 0.791359 -0.1667817 0.5881625 0.2994996 -0.1422789 0.9434283 0.2995104 -0.1422811 0.9434245 0.2995218 -0.14228 0.9434211 0.2871078 -0.1418166 0.9473422 0.2871055 -0.1418168 0.9473429 0.2871101 -0.1418162 0.9473415 0.299736 -0.1423071 0.9433488 0.299736 -0.1423071 0.943349 0.299736 -0.1423071 0.9433488 0.840198 -0.1714314 0.5144695 0.8401971 -0.1714316 0.5144708 0.8401987 -0.1714311 0.5144681 -0.2367442 0.1248907 -0.9635116 -0.2367442 0.1248907 -0.9635116 -0.2367443 0.1248906 -0.9635117 -0.2985237 0.1342646 -0.944911 -0.03531992 0.1264208 -0.9913477 -0.03531944 0.1264398 -0.9913454 0.3074976 0.1590452 -0.9381631 0.3074992 0.1590431 -0.9381629 0.3074986 0.159044 -0.9381629 0.265533 0.1257064 -0.9558714 0.2655329 0.1257062 -0.9558715 0.2655326 0.125706 -0.9558716 0.05918574 0.1269581 -0.9901407 0.9345149 0.1571016 0.3193762 0.9345176 0.157101 0.3193682 0.9345161 0.1571019 0.3193723 0.0207147 -0.1347672 0.9906609 0.0207147 -0.1347671 0.9906609 0.02071481 -0.1347671 0.9906609 0.8670589 0.1336993 0.4799308 0.8670617 0.1336992 0.4799254 0.8670563 0.1336973 0.4799361 0.8543018 0.1305158 0.5031244 0.8543052 0.1305139 0.503119 0.8543034 0.1305149 0.5031217 0.8545216 0.130551 0.5027419 0.8545215 0.1305509 0.5027421 0.8545216 0.130551 0.502742 0.01811403 -0.1353477 0.9906327 0.01812988 -0.1353282 0.990635 0.01812803 -0.1353296 0.9906349 0.02519536 -0.1337907 0.9906893 0.02519637 -0.1337863 0.9906899 0.02519822 -0.1337853 0.99069 0.02065885 -0.1347613 0.9906627 0.02065861 -0.134763 0.9906625 0.02065819 -0.1347647 0.9906623 0.8411353 0.1288338 0.5252556 0.8411358 0.1288347 0.5252545 0.8411352 0.1288341 0.5252556 0.8406376 0.1384313 0.523608 0.8406375 0.1384318 0.523608 0.8406372 0.1384309 0.5236086 0.4879631 0.3206303 -0.8118426 0.4879631 0.3206302 -0.8118426 0.4879631 0.3206303 -0.8118425 0.06320685 -0.1307759 0.9893952 0.7124516 -0.01133131 0.7016298 0.7124512 -0.01133155 0.7016302 0.7124518 -0.01133084 0.7016295 0.01660704 -0.1274456 0.9917066 0.09612518 -0.2651929 0.9593919 0.09612989 -0.2651815 0.9593945 0.09624183 -0.2654336 0.9593136 0.01337897 -0.07592594 0.9970238 0.04133057 -0.09405553 0.9947087 0.07086539 -0.2068234 0.9758086 0.04201543 -0.159781 0.986258 0.03701651 -0.1325004 0.9904916 0.02279496 -0.123816 0.9920434 0.03342813 -0.1239672 0.9917232 0.04325634 -0.1279811 0.9908329 0.05305963 -0.1090562 0.9926185 0.0935232 -0.1295201 0.9871566 0.1380258 -0.1187453 0.9832846 0.1586315 -0.1306198 0.9786595 0.2710918 -0.1380928 0.9525963 0.2410448 -0.1182156 0.9632873 -0.3123394 0.1374539 -0.9399737 -0.3123394 0.137454 -0.9399737 -0.3123442 0.1374334 -0.9399752 -0.2984448 0.1344004 -0.9449166 -0.2925787 0.1326772 -0.9469924 -0.2925786 0.1326772 -0.9469924 -0.2925787 0.1326771 -0.9469924 0.1787934 -0.9805027 0.08153188 0.1787935 -0.9805027 0.08153182 0.1787937 -0.9805026 0.08153176 -0.02691119 -0.02513372 0.9993218 -0.01724565 -0.06785744 0.997546 -0.001581132 -0.1440324 0.9895717 0.1385188 -0.8358098 0.5312576 0.138519 -0.835812 0.5312541 0.1385251 -0.8358308 0.5312228 0.1392176 -0.8388206 0.5263064 0.1392176 -0.8388212 0.5263054 0.1392178 -0.8388197 0.5263078 0.05764377 -0.403726 0.9130622 0.05764383 -0.403726 0.9130622 0.05764377 -0.403726 0.9130622 0.1041761 -0.6048998 0.7894579 0.1041758 -0.6048997 0.789458 0.1041756 -0.6049001 0.7894577 0.1041119 -0.6046324 0.7896711 0.104112 -0.6046323 0.7896711 0.1041122 -0.6046324 0.789671 -0.007832348 -0.09759628 0.9951953 0.05695271 -0.2878938 0.9559674 0.1772742 -0.7586998 0.626856 0.1304817 -0.7482288 0.6504831 0.01657527 -0.2137697 0.9767435 0.01653122 -0.2135332 0.976796 0.05764549 -0.4037438 0.9130542 0.05765897 -0.40381 0.9130241 0.01299244 -0.2142554 0.9766913 0.01299625 -0.2142775 0.9766864 0.03419905 -0.06670641 0.9971864 0.09945553 -0.1089439 0.9890602 0.06862926 -0.1299995 0.9891361 0.04831111 -0.1182582 0.991807 0.06468522 -0.2019665 0.9772541 0.07245337 -0.1927648 0.9785665 0.1307302 -0.3354431 0.9329457 0.05242174 -0.2931859 0.9546173 0.03594452 -0.2170559 0.9754973 0.01295804 -0.2140972 0.9767264 0.01298284 -0.2142388 0.9766951 0.01519221 -0.179598 0.9836229 0.0151931 -0.1796044 0.9836217 0.01968449 -0.2131664 0.9768177 0.009950697 -0.1692116 0.9855296 0.02230054 -0.1708381 0.9850468 0.02004677 -0.1675791 0.9856548 0.02654093 -0.1485287 0.9885519 0.04162651 -0.1546584 0.9870907 0.0361889 -0.1218133 0.9918932 0.06705033 -0.1374368 0.9882386 0.08626806 -0.1182274 0.9892321 0.1036987 -0.1282743 0.9863023 0.1757356 -0.1280971 0.9760678 0.1028368 -0.08085817 0.9914065 0.03717154 -0.129444 0.9908898 0.03716939 -0.1294562 0.9908882 0.03710055 -0.1439443 0.9888901 0.02652913 -0.1562833 0.987356 0.02606546 -0.1654121 0.9858801 0.02666038 -0.1686961 0.9853075 0.02934217 -0.174797 0.9841672 0.03137516 -0.1441811 0.9890539 0.04627895 -0.1294441 0.9905062 0.04856204 -0.1181429 0.9918085 0.05469095 -0.1049844 0.992969 0.0622152 -0.07301068 0.9953888 0.06568354 -0.06125253 0.9959588 0.08359968 0.01400357 0.9964011 0.08580017 0.0228331 0.9960508 0.1210349 0.1763584 0.9768564 0.1210348 0.1763584 0.9768564 0.121035 0.1763584 0.9768564 0.1221314 0.1812019 0.9758329 0.1221315 0.1812019 0.9758329 0.1221314 0.1812019 0.9758329 8.389e-4 0.3212844 -0.9469825 8.392e-4 0.3212845 -0.9469823 8.61684e-4 0.3212793 -0.9469841 0.1660549 0.8578553 -0.4863229 -0.1553046 -0.829504 0.5364733 0.1730032 0.8712916 -0.4592612 0.1730033 0.8712916 -0.4592612 0.1730033 0.8712916 -0.4592613 0.2176254 0.9510775 -0.2192959 0.2176254 0.9510776 -0.2192957 0.2176256 0.9510775 -0.219296 0.0340265 -0.1643005 0.9858233 0.03401112 -0.164302 0.9858236 0.03397095 -0.1642602 0.985832 0.04144489 -0.1301054 0.9906336 0.04144477 -0.1301054 0.9906337 0.04144489 -0.1301054 0.9906336 -0.0189253 -0.3715683 0.9282127 -0.01892536 -0.3715682 0.9282127 -0.01892536 -0.3715683 0.9282127 0.1518114 0.809414 -0.5672762 0.1518117 0.8094143 -0.5672757 0.1518115 0.8094137 -0.5672767 0.1838526 0.8937875 -0.4090747 0.1838524 0.8937876 -0.4090747 0.1838524 0.8937876 -0.4090747 0.1967519 0.9229238 -0.3309082 0.1967518 0.9229238 -0.3309083 0.1967518 0.9229239 -0.3309083 -0.09856712 -0.6556465 0.7486068 -0.09856706 -0.6556465 0.7486069 -0.098567 -0.6556465 0.7486069 -0.106948 -0.6830683 0.7224817 -0.1069478 -0.6830685 0.7224816 -0.1069478 -0.6830683 0.7224818 -0.1190547 -0.7217572 0.6818303 -0.1190544 -0.7217572 0.6818304 -0.1190544 -0.7217573 0.6818303 0.2043865 0.9383029 -0.2789515 0.2043864 0.9383029 -0.2789514 0.2043864 0.9383029 -0.2789517 0.244562 0.933871 0.2609108 0.2445629 0.9338708 0.2609108 0.2445625 0.9338709 0.260911 0.04402714 0.4710782 -0.880992 0.04402697 0.4710783 -0.8809921 0.04402697 0.4710783 -0.880992 0.002815485 0.3176757 -0.9481953 0.002815485 0.3176757 -0.9481953 0.002815485 0.3176757 -0.9481953 0.004595994 0.3175925 -0.9482161 -0.01333862 0.2508787 -0.9679267 -0.01334142 0.2509012 -0.9679208 0.02675378 0.4332759 -0.9008642 0.02675372 0.4332759 -0.9008642 0.02675378 0.4332759 -0.9008642 0.1096805 0.7810456 -0.6147667 0.1096808 0.7810454 -0.6147667 0.1096805 0.7810456 -0.6147667 0.08254778 0.09562915 0.9919884 0.08254778 0.09562915 0.9919884 0.08254778 0.09562915 0.9919884 0.1129444 0.290473 0.9501942 0.1129444 0.2904729 0.9501942 0.1129445 0.2904729 0.9501942 0.1214296 0.3555082 0.9267517 0.1214302 0.3555084 0.9267516 0.1214299 0.3555083 0.9267517 0.186849 0.8861399 0.4240795 0.1868492 0.8861401 0.4240791 0.1868487 0.8861399 0.4240799 0.1840115 0.8556495 0.4837394 0.18401 0.855648 0.4837425 0.1840107 0.8556486 0.4837412 0.182542 0.8421502 0.5074066 0.1825427 0.8421497 0.5074071 0.1825416 0.84215 0.5074071 0.1241936 0.3796395 0.9167606 0.124194 0.3796394 0.9167606 0.1241937 0.3796393 0.9167606 0.1244779 0.3824025 0.9155728 0.1244778 0.3824018 0.9155731 0.1244781 0.382402 0.915573 0.1284385 0.4245172 0.8962637 0.1284385 0.4245173 0.8962638 0.1731126 0.7689915 0.615373 0.1731128 0.7689917 0.615373 0.1731086 0.768992 0.6153738 0.9853235 0.16842 0.02779287 0.985325 0.1684108 0.02779364 0.9853248 0.168412 0.02779221 -0.02497714 0.1299313 -0.9912084 -0.02497154 0.1299387 -0.9912076 -0.02499228 0.1299311 -0.991208 0.02418678 -0.145659 0.9890392 0.04331201 -0.1481392 0.9880177 0.04647606 -0.1152977 0.9922432 0.05161124 -0.1165606 0.9918417 0.06347477 -0.08937686 0.9939733 0.05852681 -0.08779311 0.994418 0.08738011 -0.04961562 0.9949387 0.1238181 -0.06460112 0.9901999 0.2098263 -0.007551252 0.9777095 0.2043161 -0.01101493 0.978843 0.1674956 0.2441566 -0.9551611 0.1674956 0.2441566 -0.9551612 0.1674956 0.2441566 -0.9551612 0.1119135 0.2106304 -0.9711386 0.2212826 6.11323e-4 0.9752095 -0.002367317 -0.1345302 0.9909068 -0.02290111 -0.1525512 0.9880303 0.03267019 0.1575819 -0.9869654 0.03547686 0.1612888 -0.9862695 0.03605788 0.1628932 -0.9859846 -0.02523624 -0.1563928 0.9873726 -0.02524596 -0.1569529 0.9872834 -0.02522528 -0.1570786 0.987264 0.0360586 0.1638994 -0.9858179 0.03605347 0.1637713 -0.9858393 0.03605341 0.1637713 -0.9858393 0.03605347 0.1637713 -0.9858393 0.03593957 0.1640969 -0.9857894 0.03593963 0.1640969 -0.9857893 0.03593963 0.1640968 -0.9857894 -0.02510046 -0.1572837 0.9872344 -0.02510046 -0.1572839 0.9872345 -0.02510064 -0.1572837 0.9872344 -0.2645795 0.3772464 0.8875151 -0.2645795 0.3772464 0.8875151 -0.2645795 0.3772464 0.8875151 0.3423209 0.006870985 0.939558 0.3423206 0.006870388 0.9395582 0.34232 0.006869792 0.9395583 0.02231943 0.1613584 -0.9866435 -0.01472318 -0.1553911 0.9877433 -0.01250588 -0.1541031 0.9879757 -0.01240408 -0.1541793 0.9879651 -0.0124042 -0.1541794 0.987965 -0.01240426 -0.1541795 0.987965 0.01936328 0.1600239 -0.9869232 0.01936346 0.1600239 -0.9869233 0.01936358 0.1600241 -0.9869232 0.01827836 0.1594372 -0.9870389 0.01827937 0.159438 -0.9870388 0.01827764 0.1594365 -0.987039 0.6988765 0.4535033 -0.5530883 0.6988766 0.4535035 -0.5530879 0.6988761 0.4535034 -0.5530884 0.6037518 0.4226022 0.6759372 0.6037524 0.4226024 0.6759366 0.6037521 0.4226024 0.6759369 0.5910014 0.4155871 0.691379 0.591001 0.415587 0.6913793 0.5910012 0.415587 0.6913791 -0.01135855 -0.1536074 0.9880667 -0.01135873 -0.1536077 0.9880667 -0.01135826 -0.153607 0.9880668 -0.01028871 -0.1529085 0.9881868 -0.01028877 -0.1529086 0.9881868 -0.01028871 -0.1529086 0.9881868 0.03664821 -0.1273241 0.9911839 0.2023733 0.3909728 -0.8978782 0.1952074 0.3983986 -0.8961991 -0.04764038 0.1010012 -0.9937451 -0.04993045 0.1025984 -0.993469 -0.04993039 0.1025985 -0.9934689 -0.04993045 0.1025984 -0.9934689 -0.02210158 0.133934 -0.9907439 -0.02208077 0.133884 -0.990751 -0.02351164 0.1264878 -0.9916895 -0.02962833 0.1001602 -0.9945302 0.04232174 -0.003825604 -0.9990967 -0.08897042 0.4540825 -0.8865063 -0.08897042 0.4540825 -0.8865063 -0.08897036 0.4540825 -0.8865064 -0.01262205 0.2066052 -0.978343 0.03343242 2.01182e-4 -0.999441 -0.1080219 0.7049767 -0.7009558 -0.1080221 0.7049809 -0.7009517 -0.1080225 0.7049788 -0.7009538 -0.0436331 0.3928776 -0.9185551 -0.04363304 0.3928772 -0.9185552 -0.04363322 0.3928778 -0.918555 0.02247589 0.04609572 -0.9986842 -0.04979658 0.3907696 -0.9191406 -0.04978561 0.390771 -0.9191406 -0.04979604 0.3907697 -0.9191406 -0.01066672 0.206574 -0.9783729 -0.01067095 0.2065735 -0.978373 -0.01066672 0.206574 -0.9783729 0.09013843 -0.2821445 -0.955128 0.09013843 -0.2821445 -0.9551281 0.09013843 -0.2821445 -0.9551281 0.03160804 2.84688e-4 -0.9995004 0.02007824 0.0562402 -0.9982154 -0.01259142 0.2064444 -0.9783774 -0.01259142 0.2064444 -0.9783774 -0.01259142 0.2064444 -0.9783774 -0.01259887 0.2065036 -0.9783647 -0.01261115 0.2065417 -0.9783566 -0.01261115 0.2065417 -0.9783566 -0.01261109 0.2065417 -0.9783566 -0.01256531 0.2063483 -0.978398 -0.06155997 0.4395152 -0.8961233 0.01414018 0.07371419 -0.9971793 -0.01895976 0.1772962 -0.9839749 0.001439392 0.1055631 -0.9944117 -0.009929776 0.1400322 -0.9900972 -0.0073421 0.1298871 -0.9915016 -0.002212464 0.08109372 -0.9967041 -0.002181828 0.08105623 -0.9967072 -0.002236068 0.08113008 -0.9967011 0.07131606 -0.06372916 -0.9954158 0.07129913 -0.0637117 -0.9954181 0.07130056 -0.06371146 -0.9954181 -0.3837147 0.7981736 -0.4644158 -0.3837147 0.7981737 -0.4644157 -0.3837148 0.7981736 -0.4644157 -0.3837023 0.7981706 -0.4644311 -0.3837025 0.7981706 -0.4644311 -0.3837024 0.7981706 -0.4644311 -0.02153253 0.1150325 -0.9931284 0.05042111 -0.1735681 0.9835303 -0.0129128 0.08203291 -0.996546 -0.01264399 0.08100527 -0.9966335 -0.04717165 0.08292585 -0.9954388 -0.0176866 0.09526807 -0.9952946 -0.03144758 0.09617137 -0.9948679 -0.03144824 0.09616714 -0.9948683 -0.009128272 0.1062991 -0.9942923 -0.01116842 0.1002478 -0.9948998 -0.0164951 0.1024442 -0.994602 -0.01737594 0.09340333 -0.9954767 -0.02100235 0.08675044 -0.9960088 -0.02153599 0.08945834 -0.9957578 -0.03367286 0.09296846 -0.9950995 -0.01155644 0.1249052 -0.9921014 -0.0352475 0.1151717 -0.9927201 -0.01256221 0.1094644 -0.9939114 -0.03711789 0.1007211 -0.9942222 -0.0371192 0.1007194 -0.9942223 -0.04714697 0.08290922 -0.9954413 0.04072499 9.06781e-4 -0.99917 -0.005291223 0.1774476 -0.984116 -0.005276739 0.1773728 -0.9841296 0.001779198 0.1384627 -0.9903661 -0.003579139 0.1629415 -0.9866293 0.002889871 0.1285139 -0.9917036 -0.008574247 0.1621501 -0.9867289 -0.006399035 0.1438308 -0.9895817 -0.02676463 0.1591644 -0.9868893 -0.0218712 0.1545057 -0.9877498 0.01668035 0.1661956 -0.9859518 0.01873606 0.2583954 -0.9658576 0.09337151 0.2863185 -0.9535741 0.1616703 0.3776777 -0.911714 0.1953809 0.3714617 -0.9076578 0.09956175 0.3171016 -0.9431512 0.1467184 0.3247699 -0.9343438 0.09894537 0.2843532 -0.9536001 0.09894502 0.2843526 -0.9536003 0.170274 0.2456587 -0.9542843 0.1709225 0.2457578 -0.954143 0.1181328 0.1380326 -0.9833574 0.1763197 0.299804 -0.9375655 0.1628867 0.297043 -0.9408684 0.1420395 0.2640102 -0.9540039 -0.2238474 -0.2766689 -0.9345302 -0.2103961 -0.1749516 -0.9618344 -0.1674341 -0.1663311 -0.9717509 -0.1414945 -0.06634247 -0.9877135 -0.06193208 -0.05139875 -0.9967561 -0.02756774 0.02694189 -0.9992569 0.04878681 0.03867751 -0.9980601 0.07674354 0.0886678 -0.9931004 0.103436 0.09257555 -0.9903185 0.1433747 0.1809424 -0.972987 0.1586684 0.183377 -0.9701533 -0.216853 -0.4525902 -0.8649491 -0.2141033 -0.6375613 -0.7400509 -0.2240751 -0.6086353 -0.7611527 -0.214856 -0.6098341 -0.7628494 -0.2275862 -0.2773811 -0.9334154 -0.1870824 -0.5015483 -0.8446594 -0.2273678 -0.1241434 -0.9658635 -0.2003573 -0.5435649 -0.8151038 -0.1983622 -0.5439331 -0.8153462 -0.1694543 -0.3956449 -0.9026353 -0.1694544 -0.3956449 -0.9026353 -0.1694544 -0.3956449 -0.9026353 -0.2164901 -0.537135 -0.8152412 -0.2164885 -0.5371387 -0.8152392 -0.02813732 -0.2494458 -0.96798 -0.02813559 -0.2494475 -0.9679796 0.007858216 -0.144321 -0.9894997 0.007858216 -0.1443211 -0.9894997 0.007858216 -0.1443211 -0.9894997 -0.2091602 -0.5693991 -0.7950074 -0.2091824 -0.569393 -0.795006 0.1181613 0.138036 -0.9833535 0.1265397 0.1250565 -0.9840471 0.09917056 0.03671067 -0.9943931 0.07623964 0.0332883 -0.9965337 0.02114838 -0.1265186 -0.9917389 0.02114844 -0.1265186 -0.9917388 0.02114838 -0.1265186 -0.9917388 -0.02501833 -0.1303756 -0.9911491 -0.02501839 -0.1303756 -0.991149 -0.02501833 -0.1303756 -0.9911491 -0.05262398 -0.2094651 -0.9763991 -0.1158655 -0.2127761 -0.970207 -0.1401274 -0.316712 -0.938114 -0.1914474 -0.3188865 -0.9282561 -0.1914473 -0.3188865 -0.9282562 -0.1914474 -0.3188865 -0.9282561 -0.1962547 -0.4298357 -0.8813203 -0.2271548 -0.4310824 -0.8732518 -0.2173718 -0.5304405 -0.8193794 -0.2173718 -0.5304405 -0.8193794 -0.2173718 -0.5304405 -0.8193794 0.004854202 0.1643271 -0.9863941 0.06641536 0.2305457 -0.9707923 0.03336644 0.2203925 -0.9748405 0.03665405 0.2147668 -0.9759773 0.03665298 0.2147666 -0.9759775 0.02526575 0.1836082 -0.9826748 0.03823024 0.1856697 -0.9818683 0.01751649 0.1788903 -0.9837131 0.01514977 0.1807959 -0.983404 0.007443368 0.1795587 -0.9837191 0.01667761 0.1662086 -0.9859496 0.02491146 0.1925125 -0.9809783 0.00833249 0.1646106 -0.9863235 0.01802378 0.1662183 -0.9859243 0.008306801 0.1570142 -0.9875614 0.005249917 0.1589235 -0.987277 -0.2168492 -0.452588 -0.8649512 -0.1425963 -0.7921372 -0.5934518 -0.1991049 -0.5300538 -0.8242574 -0.1991049 -0.5300538 -0.8242575 -0.1990984 -0.5300536 -0.8242592 -0.1345645 -0.7927656 -0.5944874 -0.1345646 -0.7927656 -0.5944873 -0.1345646 -0.7927656 -0.5944873 -0.1346413 -0.792525 -0.5947906 -0.197764 -0.1146203 -0.9735254 -0.2107537 0.1854491 -0.9597873 0.1616915 0.3776809 -0.9117088 0.2248449 0.4302706 -0.8742495 0.165937 0.4225181 -0.891035 0.2326088 0.4814247 -0.8450583 0.1703495 0.4731571 -0.8643515 0.2204489 0.5027776 -0.8358332 0.02629977 0.4642167 -0.8853312 0.1193006 0.5327471 -0.8378233 0.02781748 0.5112227 -0.858998 -0.04429328 0.4473503 -0.8932614 0.02645826 0.4689467 -0.8828301 -0.151824 0.374814 -0.9145841 -0.1322933 0.3717025 -0.9188775 -0.1948921 0.3464165 -0.9176125 -0.1198431 0.2236405 -0.9672759 0.06661725 0.2543315 -0.96482 0.06662458 0.2543333 -0.964819 0.06462919 0.2556198 -0.9646148 0.1077353 0.2896693 -0.951044 0.102895 0.2887234 -0.9518674 0.1095457 0.3058919 -0.945743 0.1095538 0.305893 -0.9457418 0.0445367 0.2265877 -0.972972 0.0445829 0.2207592 -0.9743089 0.03341853 0.2186993 -0.9752199 0.01923298 0.1958384 -0.9804475 0.008413374 0.1896114 -0.9818232 -0.2273582 -0.1243565 -0.9658384 -0.2276526 0.04800862 -0.9725582 -0.2000883 0.05777174 -0.9780732 -0.1673287 0.1428487 -0.9754976 -0.1077958 0.1621321 -0.9808635 -0.07443523 0.2270618 -0.9710316 0.03962343 0.2570219 -0.9655929 0.06059086 0.2869177 -0.9560372 0.1585714 0.3055197 -0.9388892 0.1630402 0.3107299 -0.9364107 0.1878282 0.3145961 -0.9304569 0.192618 0.3224198 -0.9267922 0.2015448 0.3237424 -0.92443 0.2012658 0.3233066 -0.9246432 0.1893731 0.3215913 -0.9277484 0.1854758 0.3155587 -0.9306027 0.1494672 0.3101006 -0.9388809 0.1442399 0.3014745 -0.942501 0.103379 0.2945492 -0.9500282 0.09278053 0.2757623 -0.9567376 0.05637848 0.2686729 -0.9615802 0.05632215 0.2661253 -0.9622917 0.01894629 0.2332717 -0.9722271 0.2574629 -0.5382002 0.8025294 0.3126335 -0.7684659 0.5583195 0.2843065 -0.9574849 0.04891568 0.2663298 -0.9611927 -0.07195216 0.3287169 -0.7738801 0.5413454 0.3287169 -0.77388 0.5413455 0.3164622 -0.8852013 0.3409844 0.3164622 -0.8852013 0.3409844 0.3005564 -0.9366218 0.1800151 0.3005565 -0.9366218 0.1800152 0.3005565 -0.9366219 0.1800151 0.3006098 -0.9365308 0.1803992 0.3071021 -0.5671218 0.764239 0.2752547 -0.4389488 0.8553121 0.01002621 -0.4292111 0.9031486 0.1958752 -0.2696124 0.9428372 0.155781 -0.39765 0.9042162 -0.2209476 0.04731619 0.9741373 -0.2209476 0.04731625 0.9741373 -0.2209477 0.04731619 0.9741373 -0.1589395 -0.1559369 0.9748959 -0.09037888 -0.1961047 0.976409 -0.02006459 -0.2259669 0.9739283 -0.01425999 -0.2273047 0.9737194 -0.01112645 -0.2214924 0.9750987 -0.01946359 -0.3088174 0.9509223 -0.2208833 0.04710072 0.9741623 -0.2208833 0.04710072 0.9741623 -0.2208834 0.04710072 0.9741623 -0.2066299 -0.01755535 0.9782617 -0.2346413 0.0162751 0.9719458 -0.337839 0.2990033 0.8924471 -0.3412343 0.323651 0.8825018 -0.3412325 0.3236408 0.8825062 -0.3920772 0.5897962 0.7059859 -0.3956936 0.6684086 0.6298069 -0.3956942 0.668412 0.6298028 -0.4015082 0.7988954 0.4478362 -0.4015073 0.7989022 0.447825 -0.4015073 0.7989022 0.4478251 -0.401583 0.7988749 0.4478057 -0.401583 0.7988746 0.4478063 -0.4015832 0.7988749 0.4478057 -0.3570524 0.9245757 0.1329422 -0.3570524 0.9245756 0.1329422 -0.3570524 0.9245756 0.1329422 -0.378251 0.8905074 0.2528296 -0.3782511 0.8905074 0.2528296 -0.3782511 0.8905074 0.2528296 -0.3974003 0.8005547 0.4485369 -0.3969402 0.8039197 0.4428899 -0.3969403 0.8039197 0.4428899 -0.3969403 0.8039197 0.4428899 -0.3969321 0.8039864 0.4427762 0.175619 -0.1345991 0.9752134 0.175619 -0.1345991 0.9752134 0.175619 -0.1345991 0.9752134 0.1756931 -0.1343007 0.9752412 0.1756936 -0.1343013 0.975241 0.1756929 -0.1343008 0.9752412 0.1372148 -0.1633795 0.9769746 0.1372148 -0.1633795 0.9769746 0.1359137 -0.3541117 0.9252743 0.1293041 -0.4074154 0.9040428 0.1545037 -0.5496793 0.8209637 0.1745786 -0.5415944 0.8223126 0.2752504 -0.4389557 0.85531 -0.1994147 -0.01705497 0.9797668 -0.1993278 -0.01736623 0.9797791 -0.1993278 -0.01736623 0.9797791 -0.283507 0.3188152 0.9044229 -0.2926214 0.3968485 0.8699908 -0.3226152 0.6149422 0.7195593 -0.1993644 -0.01726293 0.9797734 -0.1995469 -0.01508861 0.9797721 -0.09255516 -0.300731 0.9492073 -0.09253168 -0.300821 0.949181 -0.08221918 -0.2514817 0.9643636 -0.002227723 -0.3925508 0.9197276 0.2280771 -0.9629282 -0.1440494 0.2286045 -0.9628545 -0.1437054 0.2286045 -0.9628546 -0.1437044 0.2286046 -0.9628546 -0.143705 0.2282193 -0.9629448 -0.1437126 0.2282194 -0.9629448 -0.1437126 0.2282194 -0.9629448 -0.1437126 0.09345996 -0.9617636 -0.2574412 0.0934183 -0.9616879 -0.2577393 0.0934183 -0.9616879 -0.2577393 0.09341835 -0.9616879 -0.2577393 0.1010038 -0.9754175 -0.1958546 0.1420954 -0.9786819 0.1482924 0.2319509 -0.9585148 0.1656752 0.08161699 -0.9624887 -0.2587554 0.1462292 -0.9687437 0.2003814 0.1462154 -0.968784 0.2001966 0.299664 -0.9197531 0.2534869 0.299664 -0.9197531 0.2534869 0.2319424 -0.9417212 0.243647 0.2336839 -0.8305252 0.5055886 0.1538843 -0.857474 0.4909768 0.1641243 -0.7415226 0.650544 0.1641234 -0.7412391 0.6508673 0.1641318 -0.7413929 0.6506898 0.1641122 -0.7413009 0.6507997 0.2775272 -0.7691906 0.575608 0.2204486 -0.7918432 0.5695497 0.1973952 -0.595973 0.7783646 0.1220299 -0.6264842 0.7698222 0.1186698 -0.5304773 0.8393518 -0.3283795 0.7362908 0.5916442 -0.321665 0.8151407 0.481744 -0.3252275 0.7371123 0.5923619 -0.3252274 0.7371123 0.5923619 -0.3252276 0.7371123 0.5923619 -0.3252214 0.7372994 0.5921324 0.1186602 -0.5303572 0.839429 0.1186584 -0.5303501 0.8394338 0.01744353 -0.4265551 0.9042935 0.01628369 -0.4610987 0.8871995 0.009682834 -0.424695 0.9052848 -0.8172835 -0.5761915 -0.007164239 -0.2588276 -0.9659222 -0.001659154 -0.3649727 -0.9280475 0.07431495 -0.1512412 -0.988469 0.007442414 -0.1512261 -0.9884712 0.007439076 -0.0334481 -0.9994405 3.16037e-4 -0.0334481 -0.9994405 3.15962e-4 -0.0334481 -0.9994405 3.15995e-4 -0.8172799 -0.5761964 -0.007164299 -0.6207754 -0.7800753 0.07823443 -0.7070963 -0.7070958 0.005531311 -0.625768 -0.780007 0.001852393 -0.3839711 -0.9233436 -0.001675665 -0.3839711 -0.9233436 -0.001675605 -0.3839711 -0.9233436 -0.001675665 -0.946713 -0.321902 0.01065647 -0.9654362 -0.2586995 0.03174519 -0.9488301 -0.3120897 0.04818147 -0.8387441 0.5444343 -0.009980261 -0.9317337 0.3630131 0.009680926 -0.9654438 0.2587033 0.03148072 -0.9875159 0.1575191 0 -0.9956486 -0.09318697 0 -0.739372 0.6703425 -0.06300902 -0.7393755 0.6703388 -0.06300526 -0.7393664 0.6703492 -0.0630027 -0.7289619 0.682092 -0.05801016 -0.6545907 0.7555935 -0.0242784 -0.6546815 0.755514 -0.02430677 -0.629091 0.7771697 -0.01587033 -0.6256619 0.7781257 0.05538815 -0.6256619 0.7781257 0.05538809 -0.6256619 0.7781257 0.05538815 -0.5963138 0.8027419 0.003905117 -0.5963138 0.802742 0.003905117 -0.5963138 0.802742 0.003905236 -0.6278336 0.7782883 0.009628474 -0.6278335 0.7782882 0.009628593 -0.6278336 0.7782883 0.009628534 -0.7068948 0.7068719 0.02514046 -0.5838905 0.8088663 0.06933516 -0.5838548 0.808891 0.06934762 -0.5838533 0.808892 0.06934928 -0.5841013 0.8087199 0.06926697 -0.5841013 0.8087198 0.06926703 -0.5841013 0.8087198 0.06926703 -0.6556974 0.7536706 0.04518353 -0.6558731 0.7535221 0.04511183 -0.6558731 0.7535221 0.04511177 -0.6558731 0.7535222 0.04511183 -0.6870098 0.725808 0.03493398 -0.7195045 0.6940363 0.02503842 -0.8387584 0.5444122 -0.009986698 -0.838689 0.5445193 -0.009986758 -0.9706124 0.2344016 -0.05447667 -0.8762952 0.481567 0.01414531 -0.7070528 0.7070301 0.01359617 -0.8412626 0.5072917 -0.1869024 -0.7289715 0.682081 -0.0580185 -0.9705854 0.2345212 -0.0544427 -0.9651238 0.2586178 -0.04065668 -0.9715435 0.2346399 -0.03236597 -0.8948773 -0.4460533 0.01520705 -0.8948749 -0.4460582 0.0152077 -0.9646862 -0.2584981 -0.05059093 -0.9880957 -0.1538408 0 -0.9987167 0.05064541 0 -0.8948675 -0.4460729 0.01520723 -0.706817 -0.706817 -0.02862572 -0.6947218 -0.719031 -0.01887482 0.258828 -0.9659234 0 0 -1 0 -0.001677811 -0.9999986 0 -0.001677811 -0.9999986 0 -0.001677811 -0.9999986 0 -0.003083765 -0.9999952 -3.3464e-6 -0.003083765 -0.9999952 -3.4296e-6 -0.003083765 -0.9999952 -3.74686e-6 -0.008122682 -0.999967 -1.82662e-5 -0.03047543 -0.9995355 -3.11522e-4 -0.03047543 -0.9995355 -3.11503e-4 -0.03047543 -0.9995355 -3.1154e-4 -0.03049582 -0.9995349 -3.09457e-4 -0.06670242 -0.9977707 -0.002135932 -0.1155495 -0.9932798 -0.006596803 -0.1157599 -0.9932553 -0.00661993 -0.1157599 -0.9932553 -0.00661987 -0.1157599 -0.9932552 -0.00661987 -0.192341 -0.9811474 -0.01883322 -0.2562403 -0.9659312 -0.03630501 -0.4093784 -0.9082614 -0.08643263 -0.2588202 -0.9658946 -0.007723391 -0.4315382 -0.9020313 0.01069372 -0.431457 -0.9020702 0.01069396 -0.03315794 -0.9994501 3.08176e-4 -0.005506515 -0.9999849 0 0.2588281 -0.9659234 0 0.1701927 -0.984278 0.04723668 0.1701927 -0.984278 0.04723668 0.1701927 -0.9842781 0.04723668 0.2590758 -0.965857 0 0.3106592 -0.9501195 0.02763646 0.1711672 -0.9841439 -0.04650515 0.1823439 0.9831554 0.01249963 0.05752402 0.998343 0.001527011 0.057231 0.9983599 0.001509308 0.02407795 0.9997102 2.33666e-4 0.02434861 0.9997036 2.35563e-4 0.02434861 0.9997036 2.35589e-4 0.02434861 0.9997036 2.35577e-4 0.6659051 0.7459466 0.01158052 0.7065858 0.7065744 0.0385918 0.7911145 0.61156 0.0115028 0.422667 0.9062568 -0.007157742 0.4229003 0.9061481 -0.007148861 0.2587999 0.9659053 -0.007042348 0.4001051 0.911605 0.09429901 0.1823621 0.983152 0.01250314 0.9858826 0.1674386 0 0.9858827 0.1674375 -2.62139e-7 0.9652159 0.2586308 0.03831946 0.8835029 0.4682421 -0.01311773 0.8835015 0.4682446 -0.01311773 0.9898537 -0.1420907 0 0.9653999 -0.2586778 0.03300088 0.8992173 -0.4373583 -0.01122343 0.7672803 -0.634266 -0.09480267 0.7672803 -0.634266 -0.09480261 0.7672803 -0.634266 -0.09480261 0.7147796 -0.6972657 -0.05395275 0.6769342 -0.735269 -0.0337612 0.6770602 -0.7351507 -0.0338087 0.6770602 -0.7351507 -0.0338087 0.6770602 -0.7351507 -0.0338087 0.6494621 -0.7600592 -0.0225622 0.6494798 -0.760044 -0.0225687 0.6288633 -0.777454 0.009814918 0.6288633 -0.777454 0.009814918 0.6288633 -0.777454 0.009814977 0.6285416 -0.7776172 -0.01571542 0.6285416 -0.7776172 -0.01571542 0.6285417 -0.7776172 -0.01571536 0.6049033 -0.7962511 -0.008733272 0.6049033 -0.7962511 -0.008733212 0.6049033 -0.796251 -0.008733212 0.5739598 -0.8188836 0 0.6068432 -0.7948005 0.00579822 0.6068432 -0.7948005 0.00579822 0.6068432 -0.7948005 0.00579822 0.6299331 -0.7765849 0.01001536 0.6299331 -0.7765849 0.01001536 0.6299331 -0.7765849 0.0100153 0.6417945 -0.7667783 0.0122894 0.6417945 -0.7667783 0.01228934 0.6417945 -0.7667783 0.01228934 0.6625812 -0.7488062 0.01659494 0.6625812 -0.7488062 0.01659494 0.6625812 -0.7488062 0.01659494 0.6627849 -0.7486248 0.01664888 0.7418782 -0.6694647 0.03786796 0.741826 -0.6695235 0.03784817 0.7069722 -0.7069838 0.01909041 0.8992149 -0.4373632 -0.01122474 0.899208 -0.4373777 -0.01122474 0.9838455 -0.1519422 -0.09466606 0.9653675 -0.2586691 -0.03399974 0.8969143 -0.4419867 0.01387387 0.8969205 -0.4419744 0.01387006 0.7070399 -0.7070515 0.01314735 0.857128 -0.4644613 -0.2227274 0.7673308 -0.6341988 -0.09484434 0.9313377 0.3641553 0.001072227 0.9313353 0.3641616 0.001073539 0.974708 0.2101074 -0.07615292 0.964777 0.2585131 -0.04874956 0.9962038 0.08705222 0 0.9875961 -0.157016 0 0.7066019 0.7065907 -0.03799223 0.7660797 0.6427446 -0.001205682 0.9311763 0.3645678 0.001072227 0.004960238 0.9999877 -4.7799e-6 0.004960238 0.9999878 -4.80225e-6 0.004960238 0.9999878 -4.83423e-6 0.004665851 0.9999892 -2.56952e-6 0.0164538 0.9998647 -1.01374e-4 0.05902689 0.9982557 -0.00119245 0.05902695 0.9982557 -0.001191854 0.05902701 0.9982557 -0.001191258 0.06125688 0.9981213 -0.001250445 0.2441932 0.9695113 -0.02043473 0.2442024 0.969509 -0.02043545 0.4899337 0.8605839 -0.1391419 0.2587737 0.9658074 -0.01587855 0.5283766 0.8489153 0.01268833 0.5283474 0.8489335 0.01268839 0.006928384 0.9999761 9.93149e-6 0.006928384 0.9999761 9.92154e-6 0.006928384 0.9999761 9.93295e-6 4.79384e-4 0.9999999 0 4.79384e-4 0.9999999 0 4.79384e-4 0.9999999 0 -0.2588063 0.9659293 0 -0.2588062 0.9659293 0 -0.5740829 0.8187973 0 -0.6092059 0.7929491 -0.009994924 -0.3652158 0.9291423 0.05755043 -0.1899074 0.9811165 -0.03668451 -0.2588063 0.9659293 0 0 1 0 0.08801209 -0.9729503 -0.2135918 0.08801209 -0.9729505 -0.2135918 0.08801209 -0.9729505 -0.2135918 0.1811239 -0.9601525 -0.2128415 0.05691915 -0.8260588 -0.5607024 0.08355927 -0.9253272 -0.3698481 0.02726429 -0.497326 0.8671352 0.102045 -0.8056071 0.5835959 0.0713883 -0.409683 0.9094304 0.07138836 -0.409683 0.9094305 0.0713883 -0.409683 0.9094304 0.01053452 0.4252945 0.9049938 0.02518385 -0.5124462 0.8583499 0.02518385 -0.5124462 0.8583499 0.02518385 -0.5124462 0.8583499 0.02871018 -0.5123444 0.8583 0.02871018 -0.5123444 0.8583 0.02871018 -0.5123444 0.8583 -0.009070515 -0.1650606 0.9862417 -0.009070575 -0.1650606 0.9862418 -0.009070515 -0.1650606 0.9862417 -0.06933325 -0.2783172 0.9579836 -0.06933337 -0.2783172 0.9579836 -0.06933361 -0.2783172 0.9579836 -0.1187637 -0.8187884 0.5616768 -0.1187638 -0.8187884 0.5616769 -0.1187639 -0.8187884 0.5616768 -0.1037853 -0.6377149 0.7632487 -0.1037863 -0.6377147 0.7632487 -0.1037856 -0.6377156 0.763248 -0.1230732 -0.9019187 0.4139996 -0.02613043 0.1356683 0.9904097 -0.0291332 0.1630963 0.98618 -0.01001268 -0.1965937 0.980434 -0.01001274 -0.1965937 0.980434 -0.01001274 -0.1965937 0.980434 -0.01722437 -0.06444585 0.9977726 -0.01344114 -0.06382131 0.9978709 -0.006816565 -0.1650632 0.9862594 0.2372223 -0.6389018 0.7317992 0.2372084 -0.6389066 0.7317996 0.1530404 -0.8146184 0.5594423 0.01020193 0.4278028 0.9038146 0.001393854 0.4277284 0.9039062 0.001393854 0.4277284 0.9039062 0.001393854 0.4277284 0.9039062 7.21936e-4 0.4270924 0.9042078 7.2192e-4 0.4270924 0.9042078 7.21895e-4 0.4270924 0.9042078 0.07827442 -0.4129589 0.9073798 0.07832509 -0.4129774 0.9073671 0.09699517 -0.4116248 0.9061772 0.09699523 -0.4116249 0.9061772 0.02514684 -0.4302703 0.9023498 -0.028382 0.06829768 0.9972612 -0.03054207 0.06805616 0.997214 -0.02450567 0.01227122 0.9996244 -0.02451413 0.01226896 0.9996242 0.178 -0.981645 0.06847876 0.1941751 -0.9585574 0.2084798 0.1941751 -0.9585574 0.2084798 0.1941751 -0.9585574 0.2084797 0.2484851 -0.9394971 0.2357974 0.09782409 -0.8234773 0.558852 0.1578345 -0.8233453 0.5451522 0.1578345 -0.8233453 0.5451522 0.1578345 -0.8233453 0.5451521 0.1465427 -0.9249338 0.3507462 0.2028703 -0.9192228 0.3374511 0.1289998 0.07506 0.9887999 0.1442175 0.07818669 0.9864524 0.05839049 -0.6830471 0.7280367 -0.01514548 -0.1520379 0.9882587 -0.01514542 -0.1520379 0.9882586 -0.01514542 -0.1520379 0.9882586 -0.01032364 -0.2476068 0.9688057 -0.0103234 -0.2476067 0.9688056 -0.0103234 -0.2476068 0.9688057 0.04219573 -0.6671978 0.7436845 0.02121973 -0.4701275 0.8823434 0.02289545 -0.4699825 0.8823788 0.003636658 -0.2755662 0.9612752 0.003636658 -0.2755662 0.9612753 0.003636658 -0.2755662 0.9612753 0.02468287 -0.4195096 0.9074153 0.02468287 -0.4195095 0.9074153 0.02468287 -0.4195095 0.9074153 0.03171372 -0.4969943 0.8671742 0.01125782 -0.2856874 0.9582568 0.02210319 -0.3794525 0.9249472 0.03856903 -0.5690634 0.8213887 0.03856903 -0.5690634 0.8213886 0.03856903 -0.5690633 0.8213887 0.04906117 -0.6735247 0.7375348 0.04906123 -0.6735246 0.7375348 0.04906123 -0.6735246 0.7375348 0.048922 -0.7148261 0.697589 0.05025887 -0.7147608 0.6975608 0.04332411 -0.645408 0.7626085 0.04332411 -0.645408 0.7626084 0.04332411 -0.645408 0.7626085 0.04708009 -0.6451445 0.7626088 0.04707908 -0.6451445 0.7626088 0.04707902 -0.6451446 0.7626088 0.05087471 -0.6849937 0.7267706 0.05087471 -0.6849937 0.7267705 0.05087476 -0.6849937 0.7267705 0.0428242 -0.5850648 0.8098551 0.04281085 -0.585066 0.809855 0.04282391 -0.5850648 0.8098551 0.061131 -0.7781137 0.6251417 0.06113094 -0.7781137 0.6251418 0.06113106 -0.7781137 0.6251417 9.79039e-4 -0.149243 0.9888001 9.79105e-4 -0.149243 0.9888001 9.79051e-4 -0.149243 0.9888001 0.008912563 -0.2444818 0.969613 0.008912503 -0.2444818 0.969613 0.008912384 -0.2444818 0.9696129 0.0250262 -0.4195016 0.9074096 0.02502638 -0.4195015 0.9074096 0.02502626 -0.4195016 0.9074096 0.02526289 -0.4219802 0.906253 0.04176932 -0.5852211 0.8097972 0.04176908 -0.5852212 0.8097972 0.04176914 -0.5852213 0.8097972 0.04984802 -0.6733895 0.7376055 0.04983651 -0.6733905 0.7376053 0.04984813 -0.6733894 0.7376055 0.06099575 -0.778116 0.6251521 0.06099563 -0.778116 0.6251521 0.06099569 -0.7781161 0.6251521 0.08331704 -0.9931807 0.08155059 0.08331632 -0.9931808 0.08155041 0.08331698 -0.9931808 0.08155041 0.08408898 -0.9964244 -0.008223533 0.08408868 -0.9964243 -0.008223652 0.08408892 -0.9964243 -0.008223354 -0.01380562 -0.1537415 0.9880147 -0.01380568 -0.1537415 0.9880147 -0.01380562 -0.1537415 0.9880148 0.04654562 -0.9988982 -0.006005465 0.0465455 -0.9988982 -0.006005585 0.04654568 -0.9988982 -0.006005346 0.02811032 -0.8574526 0.5137947 0.0281111 -0.8574522 0.5137953 0.02811181 -0.8574529 0.513794 0.06840324 -0.8554663 0.5133212 0.06840288 -0.8554663 0.5133209 0.06840276 -0.8554663 0.513321 0.07918238 -0.9651113 0.2495806 0.07918274 -0.9651116 0.2495795 0.07918179 -0.965111 0.2495819 0.08922624 -0.9821758 -0.1654375 0.08922624 -0.9821758 -0.1654375 0.08922612 -0.9821758 -0.1654375 0.0888372 -0.995862 -0.01915568 0.0888372 -0.995862 -0.01915568 0.0888372 -0.995862 -0.01915568 0.08551198 -0.9883979 0.125529 0.08551192 -0.9883978 0.1255289 0.08551204 -0.9883979 0.1255289 0.08612668 -0.9883571 0.1254294 0.08612662 -0.9883571 0.1254294 0.08612668 -0.9883571 0.1254294 0.08548098 -0.9845674 0.1527094 0.08548098 -0.9845674 0.1527096 0.08548098 -0.9845674 0.1527094 0.08962309 -0.9878873 -0.1266745 0.08962315 -0.9878873 -0.1266745 0.08962309 -0.9878873 -0.1266745 0.08909052 -0.9958065 0.02079588 0.08909058 -0.9958064 0.02079582 0.08909046 -0.9958065 0.02079594 0.08884292 -0.9634789 -0.2526175 0.0835489 -0.9253317 -0.3698391 0.07707333 -0.9315087 0.3554592 0.07707327 -0.9315087 0.3554592 0.07707327 -0.9315087 0.3554592 0.07922661 -0.9314827 0.3550538 0.07922655 -0.9314827 0.3550538 0.07922661 -0.9314827 0.3550537 0.08564478 -0.9845583 0.1526762 0.08564454 -0.9845583 0.1526761 0.08564466 -0.9845584 0.1526759 0.08602333 -0.9878854 0.1291603 0.08602321 -0.9878855 0.1291603 0.08602315 -0.9878855 0.1291603 0.08757048 -0.9959375 0.02097475 0.08757048 -0.9959375 0.02097481 0.08757054 -0.9959375 0.02097487 0.08364111 -0.964841 0.2491712 0.08364117 -0.9648411 0.2491704 0.08364099 -0.9648407 0.2491722 0.08359193 -0.9115888 -0.4025149 0.08359193 -0.9115888 -0.4025149 0.1065868 -0.9911746 0.07881653 0.1065859 -0.9911748 0.07881593 0.1065866 -0.9911747 0.07881695 0.07694256 -0.8535631 -0.5152765 0.07694256 -0.8535631 -0.5152766 0.0769425 -0.8535631 -0.5152765 0.07571029 -0.8539227 -0.5148631 0.0902037 -0.9954637 0.03025346 0.0902037 -0.9954638 0.03025352 0.0902037 -0.9954638 0.03025341 0.09021264 -0.9954629 0.0302546 0.09021276 -0.9954629 0.03025472 0.09021264 -0.9954629 0.03025466 0.08871686 -0.9934155 0.07249206 0.1011098 -0.9869651 0.1252068 0.07240206 -0.8056154 0.5879983 0.08052831 -0.9011871 0.425884 0.08052831 -0.9011871 0.425884 0.1117293 -0.9006547 0.4199259 0.1117292 -0.9006547 0.4199259 0.04862409 -0.6830606 0.7287414 0.04707616 -0.6670873 0.7434908 0.08445131 -0.9734107 0.2129312 0.08445119 -0.9734107 0.2129312 0.08445131 -0.9734106 0.2129312 0.08180809 -0.9475392 0.3089933 0.08180809 -0.9475392 0.3089933 0.08180814 -0.9475393 0.3089933 0.1092116 -0.946704 0.3030256 0.1092115 -0.946704 0.3030256 0.1092116 -0.946704 0.3030256 0.08799552 -0.9730165 -0.2132972 0.10859 -0.9899821 -0.09024262 0.08940422 -0.9923014 -0.08570247 0.08940422 -0.9923014 -0.08570247 0.08940422 -0.9923014 -0.08570247 0.08524703 -0.9434691 0.3203108 0.08524703 -0.9434691 0.3203108 0.08524698 -0.9434691 0.3203108 0.07772284 -0.9435984 0.3218405 0.08986932 -0.9828315 -0.1611391 0.08985215 -0.9828481 -0.1610471 0.1178347 -0.9623674 -0.2448756 0.008038699 -0.3257014 0.9454385 0.008038699 -0.3257014 0.9454385 0.008038699 -0.3257014 0.9454386 0.004389584 -0.3261744 0.9452995 0.004387378 -0.3261746 0.9452994 0.004387319 -0.3261746 0.9452995 0.005746483 -0.3417248 0.9397825 0.01332247 -0.3411244 0.9399238 4.91581e-4 -0.1408034 0.9900375 4.91637e-4 -0.1408034 0.9900376 4.91612e-4 -0.1408034 0.9900375 0.0556358 -0.6514394 0.756658 0.09130889 -0.651169 0.7534199 0.1027572 -0.9155634 0.3888247 0.1027572 -0.9155634 0.3888247 0.1027572 -0.9155634 0.3888247 0.1503589 -0.9144573 0.3757129 0.1503588 -0.9144573 0.3757129 0.1503589 -0.9144573 0.3757129 0.1333454 -0.98438 0.1149567 0.1312596 -0.9880278 0.08106935 0.09620422 -0.9663905 -0.2383995 0.05684351 -0.8260998 -0.5606498 0.0875442 -0.968245 -0.2341749 0.0875442 -0.9682449 -0.234175 0.08754426 -0.9682449 -0.2341749 0.08755242 -0.9683226 -0.2338503 0.0906167 -0.9819946 -0.1657565 0.09061676 -0.9819946 -0.1657565 0.0906167 -0.9819947 -0.1657566 0.0881828 -0.9724965 -0.2155793 0.09102588 -0.995652 -0.01978605 0.09102588 -0.995652 -0.01978605 0.09102588 -0.995652 -0.01978605 0.09129375 -0.9850876 0.1458348 0.09129375 -0.9850877 0.1458348 0.09129369 -0.9850877 0.1458348 0.08498758 -0.9854807 0.1469863 0.08498764 -0.9854807 0.1469861 0.08498764 -0.9854807 0.1469862 0.07686167 -0.9368341 0.3412246 0.07686167 -0.9368341 0.3412246 0.07686161 -0.9368341 0.3412246 0.0777114 -0.9367459 0.3412743 -0.04727852 -0.09454739 0.9943971 -0.04727852 -0.09454739 0.9943971 -0.04727852 -0.09454739 0.9943971 -0.04730015 -0.09473717 0.9943781 -0.04730015 -0.09473717 0.9943781 -0.0473001 -0.09473717 0.9943781 -0.04729813 -0.09472042 0.9943798 -0.04729813 -0.09472048 0.9943798 -0.04729813 -0.09472042 0.9943797 -0.07752376 -0.3618457 0.929009 -0.07752394 -0.3618456 0.9290091 -0.07752406 -0.361846 0.9290089 -0.07752048 -0.3618105 0.9290231 -0.07752066 -0.3618103 0.929023 -0.07752031 -0.3618105 0.9290231 -0.1187959 -0.8192693 0.5609684 -0.1187951 -0.8192691 0.5609686 -0.1187975 -0.8192693 0.5609681 -0.1188142 -0.8195453 0.560561 -0.1188143 -0.8195455 0.560561 -0.1188143 -0.8195454 0.560561 -0.1045936 -0.6377181 0.7631356 -0.1045941 -0.6377173 0.7631362 -0.1045939 -0.6377171 0.7631364 -0.1045834 -0.6375873 0.7632462 -0.1045833 -0.6375876 0.763246 -0.1045835 -0.6375879 0.7632458 -0.06932616 -0.2780023 0.9580755 -0.06925088 -0.2779398 0.9580991 -0.02108609 0.04750829 0.9986484 -0.02108609 0.04750829 0.9986484 -0.02108609 0.04750829 0.9986484 0.01116436 -0.6358464 0.7717349 -0.02715146 -0.140872 0.9896555 -0.02749764 0.08391749 0.9960933 -0.02749758 0.08391749 0.9960933 -0.02749758 0.08391749 0.9960933 -0.03119194 0.04943513 0.9982902 -0.03367906 0.01185858 0.9993624 -0.02786386 0.04988759 0.9983661 -0.02786391 0.04988759 0.9983661 -0.02786386 0.04988759 0.9983662 -0.02788108 0.04981064 0.9983695 -0.02108943 0.04734122 0.9986562 -0.03453809 -0.3133502 0.9490094 -0.0737822 -0.3216912 0.9439656 -0.03359508 0.09260511 0.9951361 -0.03581231 0.01151388 0.9992923 -0.02438664 0.09050595 0.9955974 -0.02458453 0.08959501 0.9956749 -0.0223996 0.01138168 0.9996843 -0.02034968 0.01174706 0.9997239 -0.02040195 0.07697999 0.9968239 -0.02634435 0.09361237 0.9952601 0.0833913 -0.8961098 -0.4359279 0.08329683 -0.8961306 -0.4359033 0.08336162 -0.8961296 -0.435893 0.2196253 -0.9747552 -0.04021376 0.2004047 -0.9724671 -0.1189358 0.1856053 -0.9591035 -0.2137085 0.1856054 -0.9591034 -0.2137085 0.1856054 -0.9591035 -0.2137085 0.1856897 -0.9591794 -0.2132944 0.1856897 -0.9591794 -0.2132944 0.1856897 -0.9591793 -0.2132944 0.05682772 -0.8260682 -0.5606977 0.06313657 -0.8263228 -0.5596469 0.168241 -0.985531 -0.02058351 0.2110607 -0.9770506 -0.0287339 0.2437084 -0.9489034 0.2004707 0.2437084 -0.9489035 0.2004708 0.2437086 -0.9489034 0.2004707 0.2484574 -0.93956 0.2355757 0.2484576 -0.9395601 0.2355757 0.2484575 -0.93956 0.2355757 0.2484679 -0.9395427 0.2356336 0.006327867 -0.5520864 0.833763 0.006327748 -0.5520864 0.833763 0.006327748 -0.5520864 0.833763 0.006304264 -0.5517196 0.8340058 0.006304323 -0.5517196 0.8340058 0.006304264 -0.5517196 0.8340058 -0.004370689 -0.3830465 0.9237188 0.01025247 -0.6203202 0.7842818 0.01025247 -0.6203201 0.7842818 0.01025247 -0.6203201 0.7842818 0.006738722 -0.5721671 0.8201094 0.006738483 -0.5721673 0.8201093 0.006738483 -0.5721673 0.8201093 0.01907175 -0.7450193 0.6667702 0.01907193 -0.7450196 0.6667699 0.01907151 -0.74502 0.6667695 0.0553624 -0.7426319 0.6674076 0.05537647 -0.7426316 0.6674069 0.05537647 -0.7426313 0.6674072 0.07981091 -0.9702841 0.2284272 0.07364016 -0.9066422 0.4154239 0.07364004 -0.9066423 0.4154239 0.07363963 -0.9066423 0.4154241 0.0754432 -0.9065604 0.4152791 0.07544213 -0.9065603 0.4152792 0.07544326 -0.9065603 0.4152792 0.07141989 -0.867485 0.4923098 0.07141983 -0.867485 0.4923099 0.07141989 -0.8674851 0.4923098 0.07092559 -0.8674598 0.4924259 0.07092571 -0.8674597 0.4924259 0.07092565 -0.8674598 0.4924259 0.06426256 -0.8024566 0.5932402 0.06426262 -0.8024565 0.5932402 0.06426268 -0.8024566 0.5932402 0.06109613 -0.8026407 0.5933256 0.06109625 -0.8026408 0.5933256 0.06109601 -0.8026407 0.5933256 0.06502258 -0.8392789 0.539799 0.06502258 -0.839279 0.539799 0.06502252 -0.8392789 0.5397991 0.06389844 -0.8392397 0.5399941 0.06389838 -0.8392398 0.5399941 0.0638985 -0.8392398 0.5399942 0.06740373 -0.8704543 0.4876126 0.07733708 -0.8702824 0.4864439 0.08876574 -0.9809926 -0.1725522 0.08974975 -0.9822987 -0.1644209 0.08974981 -0.9822987 -0.1644209 0.08974975 -0.9822987 -0.1644209 0.1013713 -0.9924328 0.06929063 0.1056451 -0.9772411 0.1839539 0.1056451 -0.977241 0.1839539 0.1056451 -0.9772411 0.1839539 0.08614826 -0.9781897 0.1890062 0.06697124 -0.7737359 0.6299585 0.0669713 -0.7737359 0.6299585 0.06697124 -0.7737359 0.6299585 0.05505061 -0.7737284 0.6311211 0.05505061 -0.7737283 0.6311211 0.05505061 -0.7737284 0.6311211 0.034226 -0.5866286 0.8091327 0.034226 -0.5866285 0.8091326 0.03577387 -0.5866653 0.809039 0.03577381 -0.5866653 0.8090391 0.03577387 -0.5866653 0.8090391 0.01409727 -0.3738077 0.9273992 0.01409721 -0.3738077 0.9273992 0.01409727 -0.3738077 0.9273991 0.01881283 -0.3734163 0.9274731 0.01881289 -0.3734162 0.9274732 0.01881283 -0.3734162 0.9274731 0.009928464 -0.2747922 0.9614524 0.009928464 -0.2747922 0.9614524 0.009928464 -0.2747922 0.9614524 -0.03026843 0.1702848 0.9849299 0.06009334 -0.9814901 -0.1818406 0.01679104 -0.63416 0.7730197 -0.0280745 0.135345 0.9904007 -0.0243954 0.09050536 0.9955971 0.04631364 -0.1148828 -0.9922989 0.0463137 -0.1148828 -0.9922989 0.04631364 -0.1148828 -0.9922989 0.07777917 -0.1234804 -0.9892943 0.01927018 -0.1318843 -0.9910778 0.04226267 -0.1599702 -0.9862168 0.07961142 0.06344121 -0.9948052 0.0796113 0.06344085 -0.9948052 0.07961142 0.06344181 -0.9948051 -0.007303953 -0.3491302 -0.9370458 0.07964277 0.06360167 -0.9947924 0.07964277 0.06360083 -0.9947925 0.07964271 0.06360083 -0.9947924 0.02837926 -0.1715047 -0.9847745 0.01996773 -0.1760545 -0.9841779 0.04121637 -0.1280888 -0.9909059 0.03373706 -0.1286522 -0.9911158 0.0583989 -0.1346205 -0.9891749 0.096695 -0.04320538 -0.994376 0.09669494 -0.04320526 -0.994376 0.09669494 -0.04320532 -0.9943759 0.07824867 -0.06572359 -0.9947651 0.07824873 -0.06572359 -0.9947652 0.07824873 -0.06572359 -0.9947651 0.1317912 -0.002295553 -0.9912748 0.1317912 -0.00229448 -0.9912749 0.1317912 -0.002294957 -0.9912748 0.2546594 0.1506597 -0.9552227 0.2546588 0.1506609 -0.9552226 0.2546592 0.1506614 -0.9552224 0.08931416 -0.05174803 -0.9946584 0.08931434 -0.05174797 -0.9946584 0.08931422 -0.05174797 -0.9946584 0.0586937 -0.1185027 -0.9912176 0.0369423 -0.1115462 -0.9930725 0.04295843 -0.1222041 -0.991575 0.1765994 -0.07893544 -0.9811126 0.1499977 -0.07714855 -0.9856718 0.05021268 -0.1095809 -0.9927089 0.05526924 -0.1018511 -0.9932633 0.04888755 -0.09996575 -0.9937891 0.05164945 -0.09647518 -0.9939944 0.05164939 -0.09647518 -0.9939945 0.05164939 -0.09647512 -0.9939945 0.0671702 -0.1013642 -0.9925793 0.0671702 -0.1013642 -0.9925793 0.06717026 -0.1013643 -0.9925793 0.08235973 -0.06719875 -0.9943346 0.08235973 -0.06719869 -0.9943346 0.08235973 -0.06719875 -0.9943346 0.180224 0.1686168 -0.9690654 0.1802253 0.1686295 -0.9690629 0.1802244 0.1686233 -0.9690642 0.1797421 0.1674191 -0.9693626 0.1797419 0.167419 -0.9693626 0.1797422 0.167419 -0.9693626 0.2039018 -0.1272134 -0.9706909 0.2039639 -0.1271954 -0.9706802 0.05076628 -0.06490701 -0.9965992 0.05079853 -0.06489861 -0.9965981 0.0368216 0.04092061 0.9984837 0.03681123 0.04092377 0.998484 0.03683251 0.04092198 0.9984833 0.05388849 -0.06585061 -0.9963734 0.05388915 -0.06584972 -0.9963733 0.05388891 -0.06584942 -0.9963734 7.16778e-4 -0.3172675 -0.9483358 0.0575475 -0.06516456 -0.9962139 0.05754733 -0.0651645 -0.9962138 0.05754745 -0.06516456 -0.9962138 0.03767168 -0.1428833 -0.9890224 0.08371639 0.05951094 -0.9947111 0.09612405 0.06128466 -0.9934809 0.09612411 0.06128466 -0.9934809 0.09612405 0.06128472 -0.9934809 0.09612894 0.06130421 -0.9934793 0.09612882 0.06130421 -0.9934793 0.09612894 0.06130409 -0.9934793 0.08562982 0.07399511 -0.9935755 0.09943568 0.07565027 -0.9921641 0.1358088 0.2488431 -0.9589751 0.1504154 0.2474006 -0.9571667 0.08464848 -0.06264853 -0.9944394 0.03210473 -0.1709153 -0.9847626 0.03210467 -0.1708968 -0.9847657 0.03240287 -0.1647719 -0.9857993 0.03243613 -0.1646162 -0.9858243 0.02657771 -0.1635319 -0.98618 0.053258 -0.1679762 -0.9843515 0.06071507 -0.135137 -0.988965 0.04655033 -0.1333263 -0.9899784 0.0439158 -0.1474499 -0.9880941 0.03629368 -0.1477649 -0.9883564 0.0349105 -0.1560578 -0.9871309 -0.07542806 -0.02730631 -0.9967773 0.04314345 -0.09101295 -0.9949148 0.07758688 -0.1134355 -0.9905114 0.02973836 -0.1018018 -0.9943602 0.06495308 -0.1228403 -0.9902987 0.0165795 -0.1123424 -0.9935312 0.03226917 -0.1197077 -0.9922847 0.02020657 -0.1190088 -0.9926876 0.02715998 -0.1218607 -0.9921756 0.01899379 -0.121887 -0.9923623 0.0340901 -0.1258097 -0.9914685 0.02016472 -0.1753293 -0.9843034 0.02518951 -0.1647295 -0.9860172 0.02062493 -0.1649087 -0.9860932 0.03928923 -0.148236 -0.9881713 0.03155869 -0.1462649 -0.9887419 0.03155577 -0.1462653 -0.988742 0.02837878 -0.1714965 -0.9847759 0.03084021 -0.1575869 -0.9870235 0.03743165 -0.157313 -0.9868392 0.04429787 -0.1427247 -0.9887707 0.05583077 -0.1441955 -0.987973 0.06411427 -0.1334593 -0.9889783 0.04130953 -0.1278792 -0.9909291 0.04639399 -0.1247775 -0.9910995 0.02892488 -0.1191939 -0.9924497 0.03234177 -0.1175666 -0.9925382 0.03407883 -0.1182785 -0.9923956 0.0389651 -0.1170381 -0.9923627 0.05497306 -0.1251618 -0.9906122 0.06565344 -0.1254373 -0.9899268 0.03735995 -0.1131231 -0.9928784 0.03443044 -0.1126602 -0.9930369 -0.1599449 -0.009101808 -0.987084 0.08188682 -0.4359975 -0.8962147 -0.1438108 0.8446525 -0.5156363 -0.1438102 0.8446529 -0.5156357 -0.1438129 0.844652 -0.5156365 0.1550313 -0.8571009 -0.4912671 0.3092784 -0.9472489 -0.08406215 0.337144 -0.9409747 0.03001058 0.2664899 -0.9483555 -0.1720615 0.268627 -0.920656 -0.2832528 0.2985901 -0.9367614 -0.182543 0.29859 -0.9367615 -0.1825429 0.2985897 -0.9367616 -0.1825429 0.3850592 -0.8826799 0.2694545 0.2836907 -0.9432855 -0.1724301 0.2836908 -0.9432855 -0.1724301 0.2836908 -0.9432854 -0.1724301 0.3093427 -0.9472527 -0.08378171 0.3093427 -0.9472528 -0.08378171 0.3093427 -0.9472528 -0.08378171 0.0636028 -0.7288122 -0.6817534 0.1200156 -0.7855676 -0.6070256 0.1973013 -0.8610861 -0.4686182 0.1973013 -0.8610861 -0.4686182 0.1972844 -0.8610384 -0.468713 0.07566487 -0.692553 -0.7173877 0.07566493 -0.692553 -0.7173877 0.02834886 -0.6273258 -0.7782408 -0.04854315 -0.4216939 -0.9054379 -0.1835643 -0.3765753 -0.9080172 0.02951061 -0.4221088 -0.9060647 0.03578197 -0.2818858 -0.9587805 -0.001639366 -0.4787846 -0.8779309 -0.001649677 -0.4787697 -0.877939 0.04451447 -0.5743337 -0.8174101 -0.05591088 -0.5638433 -0.8239872 -0.001765549 -0.6014897 -0.7988786 0.07187598 -0.01619243 -0.9972822 0.05644828 -0.1100604 -0.9923208 0.01693212 -0.2157712 -0.9762972 -0.01679724 -0.1988338 -0.9798893 0.03578859 -0.2819054 -0.9587745 -0.003600537 0.5052569 -0.8629616 0.05464822 0.1896329 -0.9803332 0.03957396 -0.008433163 -0.9991812 0.03957402 -0.008433163 -0.9991812 0.03957402 -0.008433163 -0.9991812 0.05690699 0.1548448 -0.9862986 0.004449188 0.499867 -0.8660908 -0.1362337 0.8173512 -0.5598012 -0.1361955 0.8172692 -0.5599302 -0.1361956 0.8172693 -0.5599302 -0.1361954 0.8172693 -0.5599302 -0.1525984 0.8428488 -0.5160617 -0.2018296 0.9381148 -0.2814347 0.007603883 0.4756253 -0.8796151 -0.02072048 0.4693755 -0.8827555 -0.08414238 0.6724505 -0.7353437 -0.1489548 0.8544194 -0.4977752 -0.1428726 0.8448019 -0.5156523 -0.09899038 0.7288267 -0.6775047 -0.09796178 0.7289993 -0.6774684 0.003309786 0.5026838 -0.8644641 0.003313302 0.5026848 -0.8644635 0.003319084 0.5026837 -0.8644641 0.07042264 0.1809508 -0.9809677 0.06152242 0.1322126 -0.9893103 -0.01135092 0.3977156 -0.9174386 0.03836327 0.408635 -0.9118913 0.119244 0.08871877 -0.9888933 0.1136181 -0.02627992 -0.9931769 0.07224035 -0.04215013 -0.9964963 0.04224359 0.0673362 -0.9968357 0.09497207 0.08483767 -0.9918584 0.09618562 0.08101367 -0.9920611 0.07319366 -0.4014698 -0.912943 0.07051515 -0.3666737 -0.9276735 0.08271527 -0.1907284 -0.9781517 0.1114768 -0.2270234 -0.9674882 0.1114705 -0.2269812 -0.9674988 0.3580214 -0.9217668 0.1488849 0.3580216 -0.9217668 0.1488846 0.3580207 -0.921767 0.1488849 0.3602201 -0.9209996 0.148328 0.3602202 -0.9209997 0.148328 0.3602202 -0.9209997 0.148328 0.3495441 -0.9318822 0.09702891 0.3495441 -0.9318822 0.09702891 0.3495441 -0.9318822 0.09702891 0.297941 -0.9268622 0.2283804 0.2979528 -0.9268394 0.2284579 0.3601245 -0.9210059 0.1485216 0.3601244 -0.9210059 0.1485216 0.3601244 -0.9210059 0.1485217 0.2865614 -0.9476669 0.1407482 0.2227669 -0.9609873 -0.1639458 0.3106545 -0.9231969 0.2262767 0.3106546 -0.9231969 0.2262766 0.2096309 -0.9531027 -0.2182894 0.209622 -0.9530931 -0.2183394 0.08736652 -0.7632069 -0.6402207 0.08736652 -0.7632068 -0.6402207 0.08736646 -0.7632068 -0.6402207 0.1383441 -0.8619268 -0.4877941 0.07390695 -0.767008 -0.637367 0.07394772 -0.7670838 -0.6372709 0.164217 -0.8109246 -0.5616353 0.1383256 -0.8186895 -0.5573273 0.03611415 -0.6558219 -0.7540515 0.04364585 -0.6534745 -0.7556892 0.1132156 -0.7552434 -0.6455925 -0.02901554 0.7924906 -0.6091937 0.1192631 0.08863353 -0.9888986 0.0367707 0.4802498 -0.8763607 -0.002483069 0.6827066 -0.7306884 -0.03264576 0.7920226 -0.6096184 -0.03264576 0.7920226 -0.6096183 -0.03264576 0.7920226 -0.6096184 -0.03265893 0.7920666 -0.6095603 -0.03265887 0.7920667 -0.6095603 -0.03265881 0.7920667 -0.6095603 -0.05931979 0.8768785 -0.4770382 -0.05931979 0.8768785 -0.4770382 -0.05931979 0.8768785 -0.4770382 -0.1490774 0.8543835 -0.4978001 -0.1490774 0.8543834 -0.4978 -0.1490773 0.8543834 -0.4978001 -0.1476891 0.8545947 -0.4978511 -0.1476899 0.854594 -0.4978522 -0.1476901 0.8545945 -0.4978514 0.02312391 -0.5627784 -0.8262843 0.02313864 -0.5628168 -0.8262578 0.00780487 -0.4299351 -0.9028261 0.1278942 -0.5245158 -0.84174 0.1279062 -0.5245338 -0.841727 0.1105203 -0.3866545 -0.9155784 -0.007802307 -0.1805556 -0.9835339 -0.1542578 -0.4385588 -0.8853647 -0.0774976 -0.3781183 -0.9225079 -0.1224298 -0.3618133 -0.9241765 -0.07755202 -0.3782023 -0.9224688 -0.07755225 -0.3782021 -0.9224689 -0.0775519 -0.3782024 -0.9224688 -0.05771851 -0.3453586 -0.9366943 -0.07880985 -0.3491859 -0.9337335 -0.05771255 -0.3141553 -0.9476159 -0.1498776 -0.3643805 -0.9191102 -0.07419848 -0.5748769 -0.8148689 0.126645 -0.5432797 -0.8299447 0.01131218 -0.5355694 -0.8444156 0.008538067 -0.4861751 -0.8738198 0.008561909 -0.4861686 -0.8738231 -0.06949543 -0.4904985 -0.8686667 -0.1116738 -0.5366002 -0.8364146 -0.07244181 -0.5431772 -0.8364872 -0.1120125 -0.5517632 -0.8264446 -0.1828305 -0.5243809 -0.8316236 -0.1410194 -0.5144695 -0.8458337 -0.1824975 -0.520969 -0.8338382 -0.1396094 -0.4569234 -0.8784818 -0.1553559 -0.4601785 -0.8741284 -0.1394641 -0.4512737 -0.8814204 -0.1394485 -0.4512721 -0.8814236 -0.1542502 -0.4385516 -0.8853697 -0.1223587 -0.3618177 -0.9241842 -0.1223485 -0.3618348 -0.9241788 0.003038883 -0.1781241 -0.9840034 -0.004912495 -0.2012762 -0.9795222 0.001470565 -0.2116356 -0.9773476 -0.007954061 -0.2135922 -0.9768906 0.001450538 -0.211631 -0.9773486 0.001494288 -0.2116428 -0.977346 0.1030824 -0.4738633 -0.8745443 0.1218096 -0.437591 -0.8908852 0.09994125 -0.4457992 -0.8895363 0.1203845 -0.4119881 -0.9032018 0.09324759 -0.3869267 -0.9173836 0.1480231 -0.3969151 -0.9058408 0.0914067 -0.3584478 -0.9290642 -0.01391911 -0.3164207 -0.948517 -0.01373392 -0.3163944 -0.9485284 -0.01373392 -0.3163944 -0.9485284 -0.01373392 -0.3163944 -0.9485284 -0.05771994 -0.3228078 -0.9447029 -0.01484549 -0.2645474 -0.9642585 -0.01507741 -0.2645407 -0.9642568 -0.004106044 -0.246059 -0.9692462 -0.01549267 -0.2299394 -0.9730817 -0.006519973 -0.2179769 -0.9759322 -0.007974326 -0.217994 -0.9759176 -0.006532311 -0.2177402 -0.9759849 -0.006510913 -0.2177381 -0.9759855 -0.01719814 -0.1663028 -0.9859248 -0.1179759 -0.5272594 -0.8414745 -0.07100576 -0.5166289 -0.8532602 0.04714393 -0.4282468 -0.9024313 0.1204531 -0.4134796 -0.9025108 -0.06959891 -0.4922856 -0.8676468 -0.06956714 -0.4922786 -0.8676533 -0.2166799 -0.4897938 -0.8444832 -0.1776652 -0.4733231 -0.8627865 -0.2324408 -0.4807197 -0.8455057 -0.172622 -0.4272938 -0.8874806 -0.1532962 -0.4211027 -0.8939647 -0.1494671 -0.3101004 -0.9388809 -0.1442399 -0.3014749 -0.9425008 -0.1033791 -0.2945498 -0.9500281 -0.09278362 -0.2757684 -0.9567356 -0.0563758 -0.2686772 -0.9615791 -0.1957666 -0.3737195 -0.9066473 -0.1854721 -0.3155573 -0.9306039 -0.1893697 -0.3215906 -0.9277492 -0.1702758 -0.2456759 -0.9542797 -0.1709291 -0.245778 -0.9541364 -0.1216468 -0.142425 -0.9823021 -0.174739 -0.2852365 -0.9423941 -0.1634638 -0.2831264 -0.9450498 -0.1408962 -0.2570431 -0.9560739 0.1077952 -0.1621364 -0.9808629 0.07443022 -0.2270742 -0.9710291 -0.03962934 -0.2570358 -0.965589 -0.06058764 -0.2869197 -0.9560368 -0.158568 -0.3055182 -0.9388903 -0.1630365 -0.3107289 -0.9364117 -0.1878315 -0.3145963 -0.9304562 -0.1926164 -0.3224112 -0.9267956 0.1674344 0.1663354 -0.9717502 0.141494 0.06634294 -0.9877136 0.06193202 0.05139827 -0.9967561 0.02756881 -0.02693814 -0.999257 -0.04878973 -0.03868454 -0.9980598 -0.07674121 -0.0886681 -0.9931006 -0.1034369 -0.09257704 -0.9903184 -0.1433823 -0.1809606 -0.9729825 -0.1586744 -0.1833938 -0.9701491 -0.201542 -0.3237342 -0.9244334 -0.2012689 -0.3233075 -0.9246422 -0.2250414 -0.4311828 -0.8737493 -0.1500658 -0.3672317 -0.917944 0.2147903 0.6083505 -0.7640517 0.2214846 0.6074809 -0.7628313 0.2111227 0.6643838 -0.7169529 0.2110969 0.491819 -0.8447201 0.211097 0.4918191 -0.8447202 0.211097 0.491819 -0.8447201 0.2111234 0.4918128 -0.8447172 0.2111235 0.4918128 -0.8447172 0.2111235 0.4918128 -0.8447172 0.1345751 0.7927336 -0.5945276 0.134575 0.7927336 -0.5945276 0.134575 0.7927337 -0.5945276 0.1345464 0.7928206 -0.5944181 0.1345465 0.7928206 -0.5944181 0.2275832 0.277416 -0.9334058 0.1870859 0.5015453 -0.8446604 0.1975622 0.5371226 -0.8200418 0.2051405 0.5354192 -0.8192947 0.187618 0.4595095 -0.8681305 0.2181748 0.5405862 -0.8125063 0.2181708 0.5405856 -0.8125078 0.05806446 0.314709 -0.9474106 0.05806338 0.3147073 -0.9474112 0.03765285 0.2592694 -0.9650709 0.1614437 0.4239891 -0.8911617 0.1614091 0.4239892 -0.8911679 -0.12166 -0.1424273 -0.9823001 -0.1240634 -0.1169688 -0.9853562 -0.0991652 -0.03669291 -0.9943943 -0.07623368 -0.03327429 -0.9965347 -0.02124881 0.1262024 -0.991777 0.02490425 0.1300625 -0.991193 0.05262404 0.2094653 -0.9763991 0.1158657 0.2127773 -0.9702067 0.140126 0.3167112 -0.9381145 0.1914729 0.3193408 -0.9280946 0.1962558 0.4298376 -0.8813192 0.2271504 0.4310822 -0.8732531 -0.004853069 -0.1643201 -0.9863951 -0.03229838 -0.2010561 -0.9790472 -0.04679381 -0.1965684 -0.9793729 -0.03343564 -0.2181077 -0.9753518 -0.06732189 -0.2325215 -0.9702585 -0.04452449 -0.2283777 -0.972554 -0.03227591 -0.2010532 -0.9790484 -0.02532726 -0.1820545 -0.9829623 -0.03361582 -0.1834136 -0.9824609 -0.03361582 -0.1834136 -0.982461 -0.03361582 -0.1834136 -0.982461 -0.01747846 -0.1798776 -0.9835337 -0.01561385 -0.1815614 -0.9832556 -0.007563889 -0.180267 -0.9835887 -0.01720029 -0.1662928 -0.9859265 -0.03405326 -0.1977347 -0.9796639 -0.007852315 -0.1911262 -0.9815341 -0.0248478 -0.1941046 -0.9806661 -0.007730364 -0.1654304 -0.9861912 -0.01798903 -0.167129 -0.985771 -0.007691323 -0.1573981 -0.9875053 -0.005248308 -0.1589232 -0.987277 0.1425889 0.7921304 -0.5934626 0.1425889 0.7921304 -0.5934626 0.1425889 0.7921304 -0.5934626 0.1991823 0.5295801 -0.8245432 0.2173773 0.5303648 -0.819427 0.2173774 0.5303647 -0.8194269 0.2173773 0.5303648 -0.819427 0.223848 0.2767015 -0.9345204 0.2103939 0.1749575 -0.9618338 0.2000889 -0.0577712 -0.9780731 0.1673275 -0.1428523 -0.9754971 0.1514291 -0.3791711 -0.9128518 0.1204942 -0.413464 -0.9025124 0.2273603 0.1242889 -0.9658465 0.2273588 0.1243306 -0.9658415 0.2276525 -0.04800784 -0.9725583 0.1977632 0.1146247 -0.973525 0.2095203 -0.3551805 -0.9110149 0.1111176 -0.2271231 -0.9675061 0.1077046 -0.221467 -0.9692018 0.1249446 -0.2215738 -0.967106 -0.06759792 -0.2575064 -0.9639093 -0.06759858 -0.2575072 -0.963909 -0.05844265 -0.2654153 -0.9623613 -0.1128765 -0.2799896 -0.9533441 -0.1019934 -0.2779665 -0.9551607 -0.118081 -0.3184925 -0.9405421 -0.1180763 -0.3184927 -0.9405427 -0.1478798 -0.3345214 -0.9307132 -0.1478821 -0.3345209 -0.930713 -0.1477363 -0.3345299 -0.9307329 -0.05761468 -0.2743246 -0.9599097 -0.09307152 -0.2808877 -0.9552172 -0.05750483 -0.2496365 -0.9666306 -0.05593842 -0.2493209 -0.9668041 -0.05750995 -0.250694 -0.9663566 -0.04436683 -0.2466928 -0.9680776 -0.0156303 -0.2180427 -0.9758141 -0.01563018 -0.218043 -0.9758141 -0.0816248 0.9624804 -0.2587836 -0.2336663 0.8305332 0.5055836 -0.1687582 0.4230094 0.8902717 -0.2588849 0.4663045 0.8458952 -0.2985048 0.9407578 0.1608405 -0.2810128 0.9593397 0.02644526 -0.2810127 0.9593396 0.02644526 -0.2810127 0.9593397 0.02644526 -0.263001 0.9602434 -0.09361237 -0.2630009 0.9602434 -0.09361231 -0.2630009 0.9602434 -0.09361237 -0.3311433 0.7543396 0.5668473 -0.3311434 0.7543397 0.5668473 -0.3311433 0.7543397 0.5668473 -0.3238204 0.8400202 0.4353234 -0.3127791 0.9016916 0.2985322 -0.3127791 0.9016917 0.2985322 -0.312736 0.9018766 0.2980182 -0.3127371 0.901876 0.2980188 -0.3127382 0.9018762 0.2980173 -0.3139742 0.5944381 0.7403132 -0.312516 0.6564016 0.6866373 -0.1748809 0.2998872 0.9378083 -0.04869139 0.4150561 0.9084919 0.02587771 0.2771507 0.960478 0.0258848 0.2771206 0.9604865 -0.1727623 0.3931493 0.9030985 -0.04774981 0.1209076 0.9915148 0.009005248 0.2253874 0.9742276 0.08092314 0.2089044 0.9745822 0.3555694 -0.4091904 0.8403177 0.2516619 -0.04523408 0.9667576 0.2516481 -0.04519957 0.9667628 0.2516481 -0.04519951 0.9667628 0.2516481 -0.04519957 0.9667628 0.2003219 0.01536178 0.9796097 0.171043 0.1345799 0.976029 0.1711189 0.134313 0.9760524 0.3618603 -0.3895767 0.8469281 0.4008996 -0.7711801 0.4945309 0.4008995 -0.7711802 0.494531 0.4008995 -0.7711801 0.494531 0.3899695 -0.590587 0.7064918 0.322229 -0.6150463 0.7196434 0.4013344 -0.7989235 0.4479419 0.3995995 -0.7996579 0.4481824 0.3995945 -0.79966 0.4481832 0.3995966 -0.7996596 0.4481822 0.4008635 -0.771456 0.4941296 0.3976188 -0.8004918 0.4484556 0.3729621 -0.9018732 0.2179999 -0.1756039 0.1344135 0.9752417 -0.1756038 0.1344135 0.9752417 -0.1756038 0.1344135 0.9752417 -0.1754314 0.134499 0.975261 -0.1754313 0.1344988 0.975261 -0.1754313 0.134499 0.975261 -0.1372246 0.1634461 0.9769621 -0.1372247 0.1634461 0.976962 -0.1372246 0.1634461 0.976962 -0.1344444 0.3561041 0.9247241 -0.1307761 0.4155603 0.9001152 -0.1544842 0.5496584 0.8209813 -0.1864253 0.536659 0.8229476 -0.2588438 0.4663735 0.8458698 0.3345358 -0.3002634 0.8932681 0.2805362 -0.3198646 0.9049785 0.2803273 -0.3178881 0.9057394 0.1409749 0.1267917 0.9818605 0.1410064 0.1266554 0.9818735 0.1827622 0.009258925 0.9831136 0.1704373 0.1368636 0.9758175 0.1704858 0.136685 0.9758339 0.1016823 0.344947 0.9330983 0.08221852 0.2514826 0.9643633 0.002241611 0.3925281 0.9197373 -0.2281273 0.9629504 -0.1438217 -0.2265778 0.9632959 -0.1439568 -0.2265779 0.9632959 -0.1439564 -0.2265779 0.9632959 -0.1439566 -0.2282567 0.9629394 -0.1436898 -0.2282567 0.9629393 -0.1436898 -0.09342962 0.9617019 -0.2576829 -0.09342962 0.9617019 -0.2576829 -0.09342962 0.9617019 -0.2576828 -0.0934025 0.9616521 -0.2578787 -0.0934025 0.9616521 -0.2578787 -0.0934025 0.9616521 -0.2578787 -0.1010088 0.9754251 -0.1958137 -0.1420518 0.9787534 0.1478617 -0.2319476 0.9585872 0.1652601 -0.2319394 0.9416095 0.2440814 -0.3013662 0.9192038 0.2534618 -0.3013661 0.9192038 0.2534619 -0.3013661 0.9192038 0.2534618 -0.3133916 0.7473041 0.5859371 -0.3133916 0.7473041 0.5859371 -0.1641251 0.7413472 0.6507437 -0.1641399 0.7414183 0.650659 -0.1462016 0.9688124 0.2000691 -0.1462016 0.9688125 0.2000691 -0.1462016 0.9688125 0.2000691 -0.1462287 0.9687703 0.2002534 -0.1538944 0.8574729 0.4909754 -0.164133 0.7413336 0.6507572 -0.164133 0.7413336 0.6507572 -0.1641296 0.7412339 0.6508716 -0.2837144 0.7666128 0.5760304 -0.2204558 0.7919223 0.5694369 -0.1973954 0.5959737 0.778364 -0.1220266 0.6264864 0.769821 -0.1186612 0.5303432 0.8394377 0.3283402 -0.707477 0.6258347 0.3283403 -0.707477 0.6258347 0.3207865 -0.8151532 0.4823085 0.3241736 -0.7087287 0.6265901 0.3241736 -0.7087287 0.6265901 0.3241798 -0.7086283 0.6267005 -0.1186618 0.5303512 0.8394326 -0.1186629 0.5303548 0.83943 -0.01743835 0.4265487 0.9042966 -0.01627874 0.4610764 0.8872113 -0.009687185 0.4247241 0.9052711 -0.01455712 0.1819801 0.9831945 -0.02092576 0.2469037 0.9688141 -0.4221746 0.9058975 0.03344148 0.03155642 0.005897462 0.9994846 -0.0341984 0.06670403 0.9971866 -0.5146012 0.1884965 0.8364536 -0.3735262 -0.7255468 0.5779794 -0.3735268 -0.7255489 0.5779763 -0.3735263 -0.7255474 0.5779785 -0.03137475 0.1441805 0.989054 -0.3152121 -0.9423172 -0.1126037 -0.2064584 -0.8909897 0.4043667 -0.2064584 -0.8909896 0.404367 -0.2064583 -0.8909897 0.4043668 0.001243233 0.3251134 0.9456743 -0.1893436 -0.6367561 0.7474561 -0.1893482 -0.6367834 0.7474318 -0.1893475 -0.6367858 0.74743 -0.1893475 -0.6367832 0.7474321 -0.1893482 -0.6367824 0.7474325 -0.1893474 -0.6367823 0.7474329 -0.1892961 -0.6364325 0.7477438 -0.1892957 -0.6364328 0.7477437 -0.1892958 -0.6364322 0.7477441 -0.1446373 -0.3680256 0.9184973 -0.1446372 -0.3680249 0.9184976 -0.1446373 -0.3680251 0.9184976 -0.1446384 -0.3680357 0.9184931 -0.1446381 -0.3680354 0.9184932 -0.1446385 -0.3680358 0.918493 -0.09362632 -0.1017537 0.9903941 -0.09362632 -0.1017537 0.9903941 -0.09362632 -0.1017538 0.990394 -0.05968254 0.04460239 0.9972205 -0.08883649 -0.1010186 0.9909104 -0.08883655 -0.1010186 0.9909104 -0.08883643 -0.1010186 0.9909104 -0.05879247 0.04489105 0.9972605 -0.05246067 0.07937717 0.9954633 -0.02652907 0.1562843 0.9873559 -0.03710132 0.1439434 0.9888902 -0.03717005 0.1294519 0.9908888 -0.03717154 0.1294431 0.99089 -0.2137882 -0.9574837 -0.1937003 -0.1174858 -0.01856303 0.9929012 -0.0857976 -0.02281624 0.9960513 -0.08360183 -0.01401174 0.9964008 -0.07137852 -0.01357263 0.997357 -0.05881357 0.04479485 0.9972634 -0.05881357 0.04479485 0.9972635 -0.05881357 0.04479485 0.9972635 -0.05469167 0.1049811 0.9929693 -0.0994631 0.1089479 0.989059 -0.04003274 0.1291421 0.9908177 -0.04225331 0.1184073 0.9920658 -0.04856127 0.1181429 0.9918085 -0.04627799 0.1294443 0.9905063 -0.06274694 0.1315475 0.9893221 -0.04647707 0.1152986 0.992243 -0.05161136 0.1165596 0.9918418 -0.04132038 0.1090171 0.9931808 -0.04307907 0.1095785 0.9930442 -0.0386855 0.1055957 0.9936564 -0.05624771 0.1127769 0.992027 -0.04216033 0.1603178 0.9861648 -0.04225033 0.1600207 0.986209 -0.04219508 0.160225 0.9861782 -0.04219508 0.1602251 0.9861782 -0.04219508 0.160225 0.9861782 -0.3981621 -0.8336918 0.3826549 -0.3981622 -0.833692 0.3826548 -0.3981621 -0.8336918 0.382655 -0.3915296 -0.8007164 0.4533849 -0.3915292 -0.8007156 0.4533867 -0.3915296 -0.8007145 0.4533882 -0.1818149 -0.178986 0.9669061 -0.1818149 -0.1789861 0.9669061 -0.181815 -0.178986 0.9669061 -0.3734468 -0.7255626 0.5780107 -0.3734472 -0.7255622 0.5780109 -0.3734465 -0.7255619 0.5780118 -0.3730859 -0.7242344 0.5799065 -0.3730955 -0.724232 0.5799032 -0.3731054 -0.7242382 0.5798892 -0.3731153 -0.7242641 0.5798506 -0.3731084 -0.7242481 0.5798749 -0.3731247 -0.7242518 0.5798597 -0.1363443 -0.01604682 0.9905316 -0.0988484 0.05380934 0.9936467 -0.08649903 0.04983085 0.995005 -0.07377523 0.1074247 0.9914723 -0.0723015 0.09546834 0.9928033 -0.06458824 0.09357333 0.9935152 -0.06347513 0.08937746 0.9939731 -0.05852949 0.08779382 0.9944178 -0.05843573 0.0861864 0.9945639 -0.07945603 0.09478604 0.9923217 -0.07969969 0.09403151 0.992374 -0.1510986 0.1301149 0.9799181 -0.1782935 -0.003279745 0.983972 -0.1191955 0.09025692 0.9887599 -0.2926964 -0.05336576 0.9547152 -0.4859511 -0.03253096 0.8733804 -0.4859512 -0.0325309 0.8733804 -0.4859511 -0.03253096 0.8733803 -0.1719592 0.1264369 0.9769564 -0.05354225 0.07336819 0.9958667 -0.06221538 0.07301115 0.9953888 -0.06568127 0.06126064 0.9959584 -0.08707594 0.06403619 0.9941415 -0.1052959 0.01978498 0.9942441 -0.09603524 0.01821476 0.9952113 -0.119198 -0.03005516 0.9924155 -0.1545305 -0.01845151 0.9878157 -0.2614753 -0.1508544 0.9533487 -0.2614754 -0.1508544 0.9533487 -0.2614752 -0.1508544 0.9533486 -0.4011438 -0.3291884 0.8548209 -0.4011442 -0.329189 0.8548205 -0.401144 -0.3291887 0.8548207 -0.6396658 -0.6981129 0.3216615 -0.6396659 -0.6981129 0.3216615 -0.6396658 -0.6981128 0.3216616 -0.2435613 -0.1311727 0.9609743 -0.2435607 -0.1311719 0.9609746 -0.2435612 -0.1311722 0.9609745 -0.2435532 -0.1311575 0.9609785 -0.243553 -0.1311575 0.9609786 -0.2435531 -0.1311575 0.9609785 -0.01955503 0.1148104 0.993195 -0.01964986 0.114946 0.9931774 -0.04836428 0.1630154 0.9854375 -0.04831206 0.1182618 0.9918065 -0.05480533 0.1513447 0.9869607 -0.05663216 0.1523905 0.9866966 -0.02045297 0.09665036 0.9951083 -0.03020173 0.2103688 0.9771555 -0.1709421 0.6811718 0.7118876 -0.1709421 0.6811717 0.7118875 -0.1709421 0.6811717 0.7118876 -0.2543811 0.9265335 0.2771752 -0.2543811 0.9265335 0.2771752 -0.2543811 0.9265334 0.2771751 -0.1848839 0.9399747 0.2868196 -0.1848841 0.9399747 0.2868195 -0.1848842 0.9399747 0.2868196 -0.176279 0.9111451 0.3724787 -0.1762784 0.911144 0.372482 -0.1762791 0.9111442 0.3724808 -0.1762965 0.9112081 0.3723163 -0.1762973 0.911208 0.3723162 -0.176297 0.9112081 0.3723161 -0.2027316 0.9791328 -0.01410293 -0.2027332 0.9791325 -0.01409792 -0.2027333 0.9791324 -0.01410794 -0.1163725 0.6749296 0.7286478 -0.1163743 0.6749349 0.7286425 -0.1163737 0.6749153 0.7286608 -0.1846815 0.9393458 0.2890022 -0.1846815 0.9393458 0.2890022 -0.1846817 0.9393458 0.2890022 -0.1159938 0.6754131 0.72826 -0.1159936 0.6754131 0.72826 -0.1159937 0.675413 0.72826 -0.1174576 0.6815863 0.7222492 -0.1174576 0.6815864 0.7222492 -0.1174576 0.6815863 0.7222492 -0.1160249 0.675576 0.7281039 -0.1160249 0.6755759 0.7281039 -0.116025 0.6755759 0.7281039 -0.05934119 0.4279173 0.9018679 -0.4221994 0.9059104 0.03277307 -0.4221994 0.9059104 0.03277307 -0.4221994 0.9059104 0.03277307 -0.2616729 0.9379681 0.2274714 -0.1054947 0.4594518 0.8819156 -0.06564307 0.4561441 0.8874817 -0.05941408 0.4279459 0.9018494 -0.4830362 0.841219 -0.2429538 -0.4830357 0.8412193 -0.2429539 -0.4830361 0.8412191 -0.2429538 -0.4059241 0.9126393 0.048119 -0.4059239 0.9126393 0.04811894 -0.4059242 0.9126391 0.048119 -0.1235349 0.3229169 0.9383304 -0.0550791 0.2977852 0.9530426 -0.05668473 0.3035525 0.9511271 -0.03193449 0.3006535 0.9531987 -0.03227591 0.3023956 0.952636 -0.014517 0.209816 0.9776332 -0.01451838 0.2098262 0.977631 -0.0851981 0.2197254 0.9718344 -0.06703531 0.2095062 0.9755068 -0.06825751 0.2129678 0.9746721 -0.0275349 0.1967713 0.9800627 -0.03163081 0.2164819 0.9757742 -0.01546156 0.2144002 0.9766236 -0.02093529 0.2469543 0.968801 -0.06863534 0.1300076 0.9891346 -0.0413233 0.09404391 0.9947102 -0.01338303 0.07592654 0.9970237 -0.01455658 0.1819749 0.9831954 -0.01178997 0.1694608 0.9854664 -0.02230525 0.1708441 0.9850456 -0.020047 0.1675788 0.9856548 -0.02654093 0.1485279 0.988552 -0.04161882 0.1546587 0.987091 -0.03618294 0.1218121 0.9918935 -0.0670486 0.1374371 0.9882386 -0.08627253 0.1182202 0.9892325 -0.1037052 0.1282688 0.9863024 -0.1756753 0.1280913 0.9760793 -0.1027917 0.08084887 0.9914119 -0.04220622 0.1601899 0.9861835 -0.04220622 0.1601899 0.9861835 -0.04220604 0.1601898 0.9861835 -0.04221749 0.1601457 0.9861902 -0.04221773 0.1601458 0.9861901 -0.04221785 0.1601459 0.9861901 -0.243403 -0.9595479 0.1415023 -0.2434031 -0.9595479 0.1415023 -0.2434031 -0.9595479 0.1415023 -0.2134459 -0.9651513 0.1514064 -0.2134459 -0.9651513 0.1514064 -0.2134459 -0.9651513 0.1514064 -0.08885085 -0.1010912 0.9909017 -0.08885073 -0.1010912 0.9909018 -0.08885079 -0.1010912 0.9909017 -0.02606528 0.1654155 0.9858796 -0.02665942 0.1686958 0.9853076 -0.02934151 0.1747974 0.9841672 -0.02418613 0.145659 0.9890392 -0.04331338 0.1481386 0.9880177 -0.0166102 0.1274487 0.9917061 -0.03701931 0.1325005 0.9904915 -0.02279502 0.1238169 0.9920433 -0.0334261 0.1239668 0.9917232 -0.04325097 0.12798 0.9908332 -0.05305677 0.1090531 0.992619 -0.09353125 0.1295181 0.987156 -0.174614 0.109644 0.9785133 -0.2064519 0.123416 0.9706421 -0.3014568 0.1287415 0.9447484 -0.3423355 0.1321449 0.9302387 -0.2829747 0.1285044 0.9504799 -0.2829747 0.1285045 0.9504798 -0.2829747 0.1285044 0.9504799 -0.03715658 -0.01145893 -0.9992437 0.03714859 -0.3280032 -0.943946 0.03714859 -0.3280032 -0.9439459 0.03714871 -0.3280032 -0.9439459 0.02815711 -0.1000518 -0.9945838 0.00992304 -0.1400119 -0.9901002 0.06265944 -0.3302963 -0.9417952 0.06265944 -0.3302965 -0.9417951 0.06265944 -0.3302964 -0.9417951 0.1223542 -0.7023479 -0.7012395 0.1223541 -0.7023484 -0.7012391 0.1223537 -0.7023482 -0.7012393 0.05135238 -0.3923082 -0.9183993 0.05135256 -0.392309 -0.9183989 0.05135262 -0.3923078 -0.9183995 0.05097526 -0.3905969 -0.9191495 0.05096805 -0.3905668 -0.9191626 0.05097466 -0.3905908 -0.919152 0.01100194 -0.2066689 -0.9783491 0.01093196 -0.2063685 -0.9784133 0.01099479 -0.2066481 -0.9783536 0.007340788 -0.1298871 -0.9915016 0.009127616 -0.106294 -0.9942929 0.011168 -0.1002435 -0.9949004 -0.03586024 0.01137077 -0.9992922 -0.0358597 0.0113703 -0.9992922 -0.03585916 0.01136982 -0.9992922 -0.03766471 0.01619601 -0.9991592 -0.03570616 0.01103985 -0.9993014 -0.03570443 0.01104354 -0.9993014 -0.03570532 0.01104164 -0.9993014 -0.03965675 0.02169698 -0.9989778 0.04781997 -0.2790908 -0.9590733 0.04781997 -0.2790908 -0.9590733 0.04781997 -0.2790909 -0.9590733 -0.02340358 -0.03316414 -0.999176 0.01783585 -0.1745748 -0.9844824 0.01783591 -0.1745748 -0.9844824 0.01783585 -0.1745748 -0.9844824 0.06018245 -0.1915982 -0.9796266 0.06018245 -0.1915982 -0.9796265 0.06018251 -0.1915982 -0.9796267 0.007428228 0.05732864 0.9983278 -0.00299257 -0.06597226 -0.997817 -0.001015126 -0.06891703 -0.9976219 -0.05048191 0.1736922 0.9835053 0.01098597 -0.2065957 -0.9783648 0.001189589 -0.1578781 -0.987458 0.01389908 -0.1595527 -0.9870916 -0.001431584 -0.1055874 -0.9944091 0.02154338 -0.1150562 -0.9931253 0.01649558 -0.1024385 -0.9946026 0.01737606 -0.0934019 -0.9954769 0.1985394 -0.5759739 -0.7929919 0.1985347 -0.5759677 -0.7929976 0.198533 -0.5759649 -0.7930001 0.07582163 -0.1049956 0.9915781 0.07582169 -0.1049956 0.9915781 0.07582169 -0.1049956 0.9915781 0.08061748 -0.09968435 0.9917479 0.08061748 -0.09968435 0.9917479 0.08061748 -0.09968441 0.9917479 0.01118063 -0.2066165 -0.9783582 0.01118063 -0.2066165 -0.9783582 0.01118057 -0.2066165 -0.9783582 0.04500359 -0.363751 -0.9304085 0.04237163 -0.3518834 -0.9350844 0.0701313 -0.3550831 -0.9322005 -0.01362168 -0.06794977 -0.9975959 -0.01362234 -0.06794923 -0.9975959 -0.01362204 -0.06794995 -0.9975957 -0.01919454 -0.06942451 -0.9974026 -0.0191946 -0.06942361 -0.9974026 -0.01919454 -0.06942373 -0.9974027 0.04104238 -0.02757751 0.9987768 0.0613138 -0.08448755 0.9945364 0.02099776 -0.08676147 -0.9960079 0.01291722 -0.0820418 -0.9965452 -0.0423128 0.003811597 -0.9990972 0.01093214 -0.206586 -0.9783674 0.008806943 -0.1964784 -0.9804687 0.008806943 -0.1964784 -0.9804686 0.008807003 -0.1964784 -0.9804687 0.02496308 -0.1985349 -0.9797759 0.02496308 -0.198535 -0.9797759 0.02496314 -0.1985349 -0.9797759 0.004504978 -0.1285055 -0.9916986 0.03352534 -0.1403988 -0.9895274 0.01970088 -0.1150413 -0.9931653 -0.003133535 -0.06611388 -0.9978072 0.005569756 0.06131273 0.9981031 0.005569696 0.06131309 0.9981032 0.005569636 0.06131243 0.9981031 0.006150245 0.06007802 0.9981747 0.006150305 0.06007808 0.9981748 0.006150186 0.06007802 0.9981747 0.006375193 0.05958849 0.9982028 0.006375253 0.05958849 0.9982028 0.006375253 0.05958843 0.9982027 -0.003100574 -0.0658977 -0.9978216 -0.00278902 -0.0662319 -0.9978004 -0.002199113 -0.06704097 -0.9977478 -0.002199113 -0.06704097 -0.9977478 -0.002199053 -0.06704097 -0.9977478 0.008887767 0.05400264 0.9985013 0.01245427 0.0460776 0.9988602 0.01915049 0.03081262 0.9993418 -4.79058e-4 -0.06985759 -0.9975569 0.06576174 -0.1960488 -0.9783867 0.01979136 -0.1152082 -0.9931443 0.0236088 -0.1233646 -0.9920806 0.02360874 -0.1233644 -0.9920806 0.02360898 -0.1233653 -0.9920805 0.1739185 -0.04313981 -0.9838147 0.1738992 -0.04314023 -0.9838182 0.1739336 -0.04313963 -0.983812 0.005217671 0.06212943 0.9980545 0.005173921 0.06221044 0.9980496 0.3384537 -0.8793891 0.3348492 0.3384556 -0.87939 0.334845 0.3384565 -0.8793913 0.3348406 0.2111663 -0.6134483 -0.7609797 0.2111695 -0.6134529 -0.7609751 0.211169 -0.6134501 -0.7609775 0.1964072 -0.5730702 -0.7956223 0.1964068 -0.5730699 -0.7956227 0.1964069 -0.5730711 -0.7956218 -0.0359258 0.0115447 -0.9992879 -0.03592592 0.01154553 -0.9992879 -0.03592634 0.01154619 -0.9992878 -0.03467971 0.008212208 -0.9993647 -0.03467869 0.008208572 -0.9993648 -0.03467708 0.00821644 -0.9993648 -0.03590047 0.0114758 -0.9992895 -0.03589791 0.01146906 -0.9992897 -0.03590321 0.01148295 -0.9992894 0.199676 -0.5781422 -0.7911266 0.199679 -0.5781551 -0.7911164 0.1996697 -0.5781359 -0.7911326 0.2019412 -0.5828067 -0.7871189 0.2019416 -0.5828068 -0.7871187 0.2019417 -0.5828072 -0.7871185 0.2362552 -0.4762966 0.8469505 0.2362548 -0.476296 0.846951 0.2362552 -0.4762949 0.8469514 0.07094532 -0.0822556 0.994083 0.07094532 -0.08225572 0.9940829 0.07094514 -0.08225578 0.994083 0.06756401 -0.0853973 0.9940536 0.06756418 -0.08539718 0.9940536 0.06756424 -0.08539724 0.9940536 0.008553981 -0.09270215 -0.9956572 0.01777148 -0.09577941 -0.995244 0.02959841 -0.09661769 -0.9948815 0.02212655 -0.09248697 -0.995468 0.03776842 -0.09534549 -0.9947276 0.01269882 -0.08120828 -0.9966163 0.05309605 -0.08300411 -0.9951338 0.05306929 -0.0829842 -0.9951368 0.00523895 -0.1771894 -0.9841629 0.005274713 -0.1773656 -0.9841309 -0.001783132 -0.1384461 -0.9903684 0.0035851 -0.1629667 -0.9866251 -0.002889275 -0.1285144 -0.9917035 0.008575022 -0.1621497 -0.986729 0.006477236 -0.1444838 -0.989486 0.02611631 -0.1592636 -0.9868907 0.02122867 -0.1546129 -0.987747 0.02277463 -0.1279819 -0.991515 0.0338121 -0.1280627 -0.9911896 0.01158636 -0.1251344 -0.9920722 0.0353831 -0.1152651 -0.9927044 0.01257032 -0.1095168 -0.9939055 0.03716158 -0.100728 -0.9942198 0.03716778 -0.100724 -0.9942199 -0.01153624 0.2363272 0.9716051 -0.02186459 0.131841 0.9910297 -0.02186459 0.131841 0.9910297 -0.01006287 0.4660091 0.8847227 0.03416901 0.4465209 0.8941207 0.03388929 0.4464742 0.8941545 -0.002951264 0.4380862 0.8989282 0.02792006 0.4134879 0.9100815 0.02793675 0.4134921 0.910079 -0.04494875 0.3343947 0.9413606 4.8595e-4 0.3124348 0.9499392 -0.03721499 0.3042525 0.9518643 -0.003692686 0.2850691 0.9584999 -0.003693759 0.2850614 0.9585021 -0.03520661 0.1810105 0.9828508 -0.01922309 0.2813679 0.9594074 -0.01902496 0.2346749 0.9718878 -0.03875112 0.2640416 0.9637326 -0.0372827 0.2590247 0.9651509 -0.04912394 0.2564817 0.9653 -0.0508719 0.2649114 0.9629299 -0.003694832 0.27512 0.9614028 0.1043301 -0.1417293 0.9843923 0.2610073 -0.727283 0.6347715 0.2610072 -0.727283 0.6347715 0.2610072 -0.727283 0.6347715 0.2376204 -0.6483038 0.7233524 0.08879327 -0.03242629 0.9955222 0.1133646 -0.3015815 0.9466769 0.1776806 -0.2920296 0.9397598 0.1179431 -0.9615245 -0.2481132 0.138669 -0.9580596 -0.2507845 0.1347535 -0.9416386 0.3084776 0.0950914 -0.3858117 0.9176639 0.2376046 -0.6483128 0.7233497 0.03433459 0.4484618 0.8931423 0.03241711 0.4479793 0.8934561 0.04127961 0.2803116 0.9590211 -0.002282202 0.2715062 0.962434 0.005777001 0.1311872 0.9913408 -0.04820603 0.1212168 0.9914548 -0.03608787 0.1834738 0.982362 -0.03608137 0.1834752 0.982362 -0.04809457 0.1243726 0.9910693 -0.01753127 -0.08634775 0.9961108 -0.6086718 -0.1018427 0.7868588 -0.6086718 -0.1018427 0.7868588 -0.6086717 -0.1018427 0.7868588 0.07740283 -0.1770827 0.9811476 0.07740283 -0.1770827 0.9811475 0.07740283 -0.1770827 0.9811477 -0.02286547 0.1318284 0.9910089 -0.02286416 0.1318206 0.9910099 -0.02207303 0.1306437 0.9911836 -0.01099121 0.1325816 0.9911112 -0.02040725 0.14414 0.9893469 -0.02039551 0.1441409 0.989347 -0.007769465 0.1488153 0.9888345 0.1025199 0.1542648 0.9826964 0.1279622 -0.0247423 0.9914703 0.160856 -0.189569 0.9686015 0.1897695 -0.4797607 0.8566313 0.2537799 -0.4631528 0.8491674 0.2689863 -0.7252752 0.6337368 0.2689863 -0.7252752 0.6337368 0.1380094 0.1254104 0.9824591 0.1380094 0.1254104 0.9824591 0.1380094 0.1254104 0.982459 0.2610092 -0.727233 0.6348279 0.2347236 -0.3335175 0.9130559 0.2019662 -0.177613 0.9631528 0.1451785 0.1279367 0.9810991 0.1363396 0.1646549 0.9768829 0.1379329 0.1256233 0.9824425 0.1379386 0.12559 0.982446 0.07733899 -0.1769501 0.9811766 0.08768552 -0.9455755 0.313366 0.0282213 -0.0119102 0.9995307 0.03354632 -0.1481387 0.9883975 0.01786261 0.06199562 0.9979166 0.06976997 0.06968533 0.9951262 0.05129897 0.2541372 0.9658068 0.06323051 0.2570376 0.9643307 0.043177 0.4183236 0.9072713 0.02885681 0.4140217 0.9098095 -3.61114e-4 0.3094606 0.9509122 -0.01742839 0.1694802 0.9853796 -0.01743704 0.1694785 0.9853797 -0.01255798 0.179439 0.983689 -0.02785599 0.1819154 0.9829196 -0.02440971 0.1826118 0.9828821 -0.02867102 0.2039515 0.9785612 -0.02867096 0.2039516 0.9785611 -0.009204208 0.1591331 0.9872143 -0.01939749 0.16771 0.9856455 0.006507456 0.1680933 0.9857496 -0.00813198 0.1771756 0.9841458 0.006413936 0.1795521 0.9837275 -0.006412208 0.1963037 0.9805222 0.006263792 0.1985279 0.9800752 -0.01244354 0.2212071 0.9751475 0.00604391 0.2247847 0.9743897 -0.01142841 0.2316737 0.9727265 0.01947349 0.2631786 0.9645506 0.01946204 0.263176 0.9645516 -0.006302893 -0.1937971 0.9810214 0.0130366 -0.5122181 0.8587565 -0.00399053 -0.1736966 0.9847911 -0.003990054 -0.1736975 0.9847911 -0.004558682 -0.1704074 0.9853632 0.008524477 -0.2101821 0.9776251 0.005276262 -0.3898655 0.9208568 0.04426288 -0.4997884 0.8650158 0.03143364 -0.5042515 0.8629847 0.04213345 -0.412879 0.9098109 -0.005826771 -0.2505714 0.9680807 -0.01657223 -0.2397538 0.9706923 -0.005940079 -0.2376962 0.9713214 -0.01729869 -0.2076113 0.9780585 -0.006204068 -0.2056027 0.9786159 -0.01807099 -0.1723689 0.9848667 -0.00357443 -0.1933385 0.9811256 -0.03639918 -0.4733288 0.8801335 -0.01078587 -0.5385013 0.8425557 -0.04245644 -0.546625 0.8363005 -0.01793098 -0.6005413 0.7993927 -0.05527943 -0.5678032 0.8213062 -0.08885568 -0.5341353 0.8407165 -0.04760593 -0.5265436 0.8488143 -0.07185667 -0.461591 0.8841778 -0.03505343 -0.4548609 0.8898724 -0.0556789 -0.3915309 0.9184789 -0.003298461 -0.330694 0.9437323 -0.02539855 -0.3330493 0.9425674 -0.003015756 -0.3288476 0.9443782 -0.01976102 -0.2987707 0.9541204 0.002319276 -0.2940897 0.955775 -0.01953482 -0.2974206 0.9545467 -0.0201385 -0.2978484 0.9544008 -0.03798514 -0.2859979 0.9574771 -0.01984876 -0.2823005 0.9591208 -0.03727561 -0.2567776 0.9657515 -0.03726404 -0.2567752 0.9657526 0.10562 -0.7609696 0.6401325 0.0730763 -0.6130641 -0.7866463 0.07307624 -0.6130641 -0.7866463 0.0730763 -0.6130641 -0.7866463 -0.005787253 -0.3806871 0.9246858 0.001725137 -0.216053 0.9763801 -0.003800749 -0.1826731 0.9831665 -0.06842583 -0.04529345 0.9966276 -0.06838005 -0.04496765 0.9966455 -0.3119141 -0.8715155 0.3783786 -0.3119452 -0.8715037 0.3783802 -0.1906183 -0.930887 0.3116315 -0.1906183 -0.930887 0.3116315 -0.1906183 -0.9308871 0.3116315 -0.1341061 -0.8274012 0.545365 -0.134106 -0.8274012 0.545365 -0.134106 -0.8274012 0.5453649 -0.09799903 -0.2134292 0.9720311 -0.09799903 -0.2134292 0.9720311 -0.09799903 -0.2134292 0.9720311 -0.0980345 -0.2138205 0.9719415 -0.09803444 -0.2138205 0.9719415 -0.0980345 -0.2138205 0.9719415 -0.1906298 -0.9308987 0.3115893 -0.1906197 -0.9308869 0.3116308 -0.1906197 -0.930887 0.3116309 -0.1906196 -0.9308869 0.3116309 -0.01963102 0.1538246 0.9879031 -0.1450443 -0.7579522 -0.6359802 -0.1450443 -0.7579522 -0.6359802 -0.2087756 -0.7234773 -0.6580224 -0.3282945 -0.9445567 -0.005956172 -0.3180458 -0.9480749 -0.001009643 -0.3485188 -0.8675944 0.3547034 -0.3552128 -0.8856091 0.2992 -0.3552233 -0.8856062 0.2991961 -0.3429251 -0.8915724 0.2958058 -0.342892 -0.8915794 0.2958229 -0.3503879 -0.892553 0.2838618 -0.3459149 -0.8386431 0.4207383 -0.3366001 -0.8403707 0.4248267 -0.3366001 -0.8403705 0.4248267 -0.3366001 -0.8403705 0.4248266 -0.3219761 -0.7810961 0.5349959 -0.2934868 -0.783906 0.5471353 -0.2746317 -0.7064851 0.6522701 -0.2072596 -0.7071395 0.6760157 -0.213626 -0.9652048 -0.1508104 -0.213626 -0.9652048 -0.1508104 -0.213626 -0.9652048 -0.1508104 -0.1725607 -0.9766012 -0.1283466 -0.07513809 -0.853676 0.5153557 0.1307975 -0.7531106 0.6447608 0.08895891 -0.8612831 0.5002778 0.02483534 -0.8454997 0.533398 0.0231027 -0.8730773 0.4870342 0.04961729 -0.9470907 0.317108 -0.05593019 -0.8515884 0.5212189 -0.06804889 -0.8771882 0.4753004 -0.06808358 -0.8771902 0.4752916 -0.2687172 -0.917621 0.2928531 0.08594715 -0.831905 0.548222 0.1167785 -0.7575607 0.6422342 0.1167428 -0.757704 0.6420714 0.1167429 -0.7577041 0.6420714 0.1167429 -0.757704 0.6420714 -0.08712524 -0.4129539 0.9065751 -0.1073513 -0.4162699 0.9028816 -0.05158913 -0.3394415 0.9392114 0.0464974 -0.6110703 0.7902097 0.08039575 -0.6008643 0.7952978 -0.02786958 -0.6823486 0.7304956 -0.01590377 -0.6855826 0.7278211 -0.02865213 -0.6885974 0.7245777 -0.1394278 -0.661077 0.7372497 -0.1184144 -0.657255 0.7443077 -0.21623 -0.6244888 0.7505055 -0.1840432 -0.6206203 0.7622063 -0.1943752 -0.5838367 0.7882595 -0.1882585 -0.5831673 0.7902371 -0.03212291 -0.3736063 0.927031 -0.03212153 -0.3736035 0.9270322 -0.07868558 -0.385559 0.919322 -0.07453429 -0.4730978 0.8778516 -0.07453542 -0.473098 0.8778513 0.003666937 -0.2157607 0.9764395 0.003667116 -0.2157621 0.9764391 -0.03605228 -0.2227175 0.9742162 -0.0163806 -0.2479003 0.9686471 -0.05208367 -0.2544108 0.9656927 -0.006262123 -0.1830719 0.9830796 -0.005591452 -0.1850641 0.9827105 -0.01691013 -0.1868516 0.9822427 -0.003526449 -0.1955714 0.9806832 -0.02406919 -0.1989008 0.9797241 -0.002847254 -0.2273197 0.9738161 -0.01703196 -0.2194765 0.9754692 0.07764148 -0.9366578 -0.3415319 0.0776416 -0.9366578 -0.341532 0.07764184 -0.9366577 -0.341532 0.09245425 -0.8432225 0.5295547 0.0924564 -0.8432308 0.529541 0.09245312 -0.8432264 0.5295486 0.05345106 -0.6129334 0.7883247 0.05345088 -0.6129333 0.7883247 0.05345076 -0.6129334 0.7883247 0.07307434 -0.6130186 -0.786682 0.07307434 -0.6130186 -0.786682 0.07307434 -0.6130186 -0.786682 0.08109301 -0.9364646 -0.3412597 0.08109337 -0.9364646 -0.3412595 0.08109295 -0.9364645 -0.3412598 0.07382655 -0.6112344 -0.7879989 0.07382661 -0.6112344 -0.7879989 0.07382643 -0.6112344 -0.7879988 -0.002937138 -0.2167034 0.9762331 0.05348557 -0.6131631 0.7881436 0.05348592 -0.6131627 0.7881439 0.05348563 -0.6131629 0.7881438 0.02326917 -0.4092336 0.9121329 0.02326917 -0.4092336 0.9121329 0.02326911 -0.4092336 0.912133 0.0185455 -0.3766579 0.9261668 0.01854544 -0.3766579 0.9261668 0.01854544 -0.3766579 0.9261669 0.02264821 -0.4094859 0.9120353 0.02262508 -0.4093331 0.9121045 0.06446117 -0.4626962 -0.8841704 0.06446117 -0.4626962 -0.8841703 0.06446123 -0.4626961 -0.8841704 0.06445801 -0.4627358 -0.8841498 0.07754355 -0.9389586 -0.3351773 0.07754361 -0.9389587 -0.3351773 0.07754361 -0.9389587 -0.3351773 -0.00290811 -0.216921 0.9761849 0.005994498 -0.275936 0.9611573 -0.01448333 -0.2791415 0.9601408 -0.0125665 -0.2907848 0.9567059 -0.02240264 -0.2923206 0.956058 0.09268242 -0.8444648 0.5275313 0.09268265 -0.8444658 0.5275298 0.09268265 -0.8444652 0.5275307 0.04410451 -0.5500118 0.8339917 0.04410457 -0.5500117 0.8339916 0.04410451 -0.5500116 0.8339916 0.01013195 -0.5548751 0.8318721 0.01013195 -0.554875 0.8318721 0.01013195 -0.554875 0.8318721 -0.004753768 -0.3958547 0.9183009 -0.01585131 -0.3975064 0.9174626 -0.02151656 -0.3227216 0.9462493 -0.03754472 -0.3252956 0.9448668 0.07405185 -0.9393196 -0.3349555 0.07405191 -0.9393196 -0.3349555 0.07405179 -0.9393196 -0.3349555 0.07211589 -0.6113176 -0.7880927 0.07210475 -0.6113182 -0.7880933 0.07211589 -0.6113177 -0.7880926 -0.06052601 0.3200347 0.9454705 -0.06052613 0.3200347 0.9454705 -0.06052607 0.3200347 0.9454705 0.003216981 -0.6267945 0.779178 0.003217101 -0.6267945 0.7791781 0.003217041 -0.6267945 0.779178 -0.02036041 -0.6295611 0.7766842 -0.02036029 -0.6295611 0.7766842 -0.02036023 -0.6295611 0.7766841 -0.03032165 -0.4895592 0.8714428 -0.03032165 -0.4895592 0.8714428 -0.03032165 -0.4895592 0.8714427 -0.07418781 -0.4952194 0.8655946 -0.0519756 -0.5048204 0.8616583 -0.0519756 -0.5048204 0.8616583 -0.0519756 -0.5048203 0.8616583 0.06498014 -0.5317432 -0.8444091 0.0649802 -0.5317433 -0.8444092 0.06498014 -0.5317432 -0.8444091 0.0649805 -0.5317772 -0.8443878 0.0649805 -0.5317772 -0.8443878 0.0649805 -0.5317772 -0.8443878 0.06411623 -0.4631146 -0.8839762 0.06430077 -0.5099626 -0.85779 0.06430077 -0.5099624 -0.8577901 0.06434065 -0.509961 -0.8577879 0.0594111 -0.5100334 -0.8581004 0.05941104 -0.5100334 -0.8581005 0.05941134 -0.5100334 -0.8581004 -0.06642848 0.03766852 0.99708 0.05762857 -0.1554948 -0.9861544 0.05762857 -0.1554948 -0.9861544 0.05762851 -0.1554948 -0.9861544 -0.08265453 -0.5450038 0.8343495 -0.115662 -0.5499533 0.8271479 -0.06836938 -0.0448631 0.9966509 0.02007299 -0.8291658 0.5586422 0.02007299 -0.8291658 0.5586422 0.02007305 -0.8291659 0.5586423 0.06575441 -0.461512 -0.8846938 0.0640518 -0.4615632 -0.884792 -0.0161305 -0.6837574 0.7295312 -0.01613056 -0.6837574 0.7295311 -0.01613044 -0.6837574 0.7295312 -0.07073497 -0.6887929 0.7214991 -0.07073491 -0.6887929 0.7214991 -0.07073485 -0.6887929 0.7214992 -0.07446515 -0.5672225 0.8201912 -0.08333545 -0.5687193 0.8182992 0.1294955 -0.9883382 0.08011597 0.1294955 -0.9883382 0.08011525 0.1294955 -0.9883383 0.08011561 0.09517216 -0.8456647 0.5251606 0.0951718 -0.8456653 0.5251597 0.09517163 -0.8456638 0.5251621 -3.0034e-4 -0.2476318 0.9688541 -3.00339e-4 -0.2476318 0.9688541 -3.00256e-4 -0.2476318 0.9688542 0.1309169 -0.9061598 -0.4021632 0.1309172 -0.9061594 -0.4021641 0.1309164 -0.9061591 -0.4021647 0.08216595 -0.9100111 -0.4063602 0.08216577 -0.9100114 -0.4063596 0.08216619 -0.9100112 -0.4063599 0.0119329 -0.5741716 0.818648 -0.00132054 -0.5759558 0.8174799 -0.01309502 -0.4378863 0.8989351 -0.03281539 -0.4407932 0.8970088 -0.03720504 -0.3650224 0.9302551 -0.07545113 -0.371194 0.9254848 -0.05279487 -0.57362 0.8174185 -0.0833916 -0.5790787 0.8109955 -0.08528828 -0.5568405 0.8262292 -0.1143148 -0.5615993 0.8194745 -0.1135072 -0.4805907 0.8695682 -0.1605929 -0.486615 0.8587291 -0.1719257 -0.5794289 0.796683 -0.2322805 -0.5838215 0.7779449 -0.2511718 -0.6814421 0.6874223 -0.2831541 -0.681516 0.6748034 0.043123 -0.451442 0.8912579 0.07781749 -0.600938 0.7954987 0.1105158 -0.533536 0.8385258 0.1105151 -0.5335437 0.838521 0.1105141 -0.5333846 0.8386225 0.1105141 -0.5333846 0.8386225 0.1105141 -0.5333846 0.8386225 0.1198781 -0.7188166 0.6847861 0.04709708 -0.7404959 0.6704087 0.0578674 -0.7567281 0.6511636 -0.04472398 -0.7795594 0.6247296 -0.04482614 -0.7794185 0.624898 -0.1880732 -0.7963365 0.5748711 -0.2024679 -0.7766374 0.5965242 -0.2707428 -0.7783248 0.5664883 -0.2951566 -0.7434188 0.6001759 -0.2478175 -0.7431425 0.6215512 -0.2593376 -0.6642172 0.7011132 -0.2157693 -0.6619753 0.7177968 -0.01575595 -0.2745394 0.9614468 -0.0377435 -0.2764081 0.960299 -0.06985783 -0.2823638 0.9567605 -0.03832083 -0.3001932 0.9531084 -0.07820868 -0.3078427 0.9482174 -0.03906339 -0.3328583 0.9421674 -0.02565169 -0.33461 0.9420075 -0.3234609 -0.845874 0.4241114 -0.3420742 -0.843232 0.4146625 -0.3294311 -0.8300137 0.4500584 -0.330668 -0.8298615 0.4494315 -0.2951308 -0.7657305 0.5714496 -0.2990255 -0.7655138 0.5697126 -0.1865544 -0.4560586 0.870177 -0.1851086 -0.4803838 0.8573017 -0.1205823 -0.4720492 0.8732866 -0.130873 -0.4008376 0.9067533 -0.08817726 -0.3940579 0.9148461 -0.09895753 -0.3518636 0.9308058 -0.07160401 -0.3469307 0.9351534 -0.08001363 -0.3241918 0.9426015 -0.05125921 -0.3191036 0.9463326 -0.05926203 -0.2998354 0.9521486 -0.03294336 -0.2952254 0.9548596 -0.04065275 -0.2627321 0.964012 -0.02057355 -0.2593812 0.965556 -0.02625393 -0.2362363 0.9713409 -0.01388913 -0.2342697 0.9720726 -0.01776522 -0.2251902 0.9741529 0.002821266 -0.2219332 0.9750579 0.001730024 -0.2160877 0.9763724 0.04070788 0.05372428 -0.9977257 -0.02984434 0.7894846 -0.6130445 -0.02984446 0.7894847 -0.6130443 -0.0298444 0.7894846 -0.6130444 0.02675884 -0.9842212 0.1749076 0.02675879 -0.9842212 0.1749076 0.02675884 -0.9842212 0.1749076 -0.3435077 -0.914344 -0.214424 -0.3435077 -0.914344 -0.214424 -0.3435077 -0.914344 -0.214424 -0.1192194 -0.2059537 0.9712724 -0.2968384 -0.8762178 -0.3796438 -0.2968381 -0.8762177 -0.3796445 -0.2968379 -0.8762179 -0.379644 -0.02390933 -0.3868685 -0.9218249 -0.006605386 -0.2373282 -0.9714072 -0.006605386 -0.2373281 -0.9714072 -0.006605327 -0.2373281 -0.9714072 -0.2225697 -0.7183176 -0.6591528 -0.2225698 -0.7183176 -0.6591529 -0.2225697 -0.7183176 -0.6591529 -0.1168199 -0.4524267 -0.8841173 -0.1168199 -0.4524267 -0.8841171 -0.1168199 -0.4524267 -0.8841172 0.07760965 0.0286591 -0.9965719 0.07760959 0.02865916 -0.9965718 0.07760959 0.02865916 -0.9965719 0.03174996 -0.1165349 -0.992679 0.03174996 -0.1165349 -0.992679 0.03174996 -0.1165349 -0.992679 0.0679121 -0.009767174 -0.9976436 0.07336252 0.02800464 -0.9969121 0.07336252 0.02800464 -0.9969121 0.07336252 0.02800464 -0.9969121 0.06830543 9.93593e-4 -0.997664 0.06830549 9.93578e-4 -0.997664 0.06830549 9.93571e-4 -0.997664 0.1491834 0.3114753 -0.9384709 0.1329462 0.3131871 -0.9403399 -0.3014174 -0.8405189 -0.4501953 -0.3014174 -0.8405188 -0.4501951 -0.3014173 -0.8405188 -0.4501951 -0.2125658 -0.6518013 -0.727991 -0.2125658 -0.6518013 -0.7279911 -0.2125658 -0.6518014 -0.727991 -0.2525127 -0.6407747 -0.7250139 -0.1921657 -0.9791307 0.06614708 -0.1921744 -0.9791293 0.06614351 -0.2421859 -0.6274045 -0.740074 -0.1882244 -0.5199 -0.8332321 -0.1882768 -0.5198968 -0.8332222 -0.3705784 -0.8941559 -0.2513107 -0.3347299 -0.8181713 -0.4674953 -0.301415 -0.8324676 -0.4649158 -0.1927884 -0.5952212 -0.7800927 -0.1821655 -0.5967047 -0.7815109 -0.1821655 -0.5967047 -0.7815108 -0.1101528 -0.4364933 -0.8929389 -0.1077304 -0.436968 -0.8930024 -0.1077304 -0.436968 -0.8930024 -0.1077305 -0.436968 -0.8930024 -0.1287581 -0.4513795 -0.8829938 -0.2606875 -0.7519265 -0.6055151 -0.2963095 -0.7391396 -0.6048746 -0.3306023 -0.8080551 -0.4875954 -0.3306022 -0.8080551 -0.4875954 -0.3306023 -0.8080551 -0.4875954 -0.2822175 -0.8276989 -0.4850441 -0.07149958 -0.9601601 -0.270149 -0.07149958 -0.9601601 -0.270149 -0.07149964 -0.9601601 -0.270149 0.1481216 -0.7046054 0.6939679 0.09892117 0.09672522 -0.9903832 0.09892117 0.09672522 -0.9903832 0.09892123 0.09672522 -0.9903832 0.09300619 0.09565454 -0.9910601 0.09300619 0.09565454 -0.9910601 0.09300619 0.09565454 -0.9910601 0.09505587 0.1052555 -0.9898918 0.1264529 0.3311897 -0.9350525 0.1264529 0.3311897 -0.9350525 0.006884813 -0.2764542 -0.9610024 0.006884872 -0.2764542 -0.9610024 0.006884872 -0.2764542 -0.9610024 -0.0978102 -0.4221221 -0.901247 -0.09781032 -0.4221221 -0.901247 -0.09781014 -0.4221221 -0.901247 -0.1999314 -0.6779757 -0.7073729 -0.1999316 -0.6779756 -0.7073729 -0.1999313 -0.6779757 -0.707373 -0.05001342 -0.3032863 -0.9515861 -0.05001342 -0.3032863 -0.9515861 -0.05001342 -0.3032863 -0.9515861 -0.150303 -0.563486 -0.8123376 -0.150303 -0.5634861 -0.8123378 -0.242958 -0.7395976 -0.6276679 -0.1660544 -0.5619186 -0.810354 -0.1660543 -0.5619186 -0.810354 -0.1660542 -0.5619186 -0.8103541 -0.2804701 -0.814953 -0.5071373 -0.2804701 -0.814953 -0.5071373 -0.2804702 -0.8149529 -0.5071373 -0.216984 -0.67474 -0.7054388 -0.2169834 -0.6747402 -0.7054387 -0.2169839 -0.67474 -0.7054388 -0.2653475 -0.7804298 -0.566145 -0.2653476 -0.7804297 -0.566145 -0.2488414 -0.7851508 -0.5671122 -0.2488412 -0.7851509 -0.5671122 -0.2488412 -0.7851508 -0.5671122 -0.1565172 -0.5646182 -0.8103756 -0.1565172 -0.5646182 -0.8103756 -0.1565173 -0.5646181 -0.8103757 0.03943926 -0.1381311 -0.9896284 0.01912158 -0.140568 -0.9898864 -0.05247068 -0.3918688 -0.9185237 -0.05247074 -0.3918688 -0.9185236 -0.05247092 -0.3918687 -0.9185237 0.07943159 0.3486033 -0.9338985 0.0949245 0.2178544 -0.9713541 0.09454035 0.1934394 -0.9765467 0.09454035 0.1934394 -0.9765467 0.0945537 0.1936718 -0.9764993 0.1074675 0.3218997 -0.9406548 0.1074675 0.3218997 -0.9406548 0.1074675 0.3218997 -0.9406548 0.01964086 0.6879497 0.7254925 0.01964086 0.6879498 0.7254925 0.01964086 0.6879498 0.7254925 0.09453755 0.1932811 -0.9765782 0.09454268 0.19335 -0.9765642 -0.1490229 -0.3123015 0.9382218 -0.1490532 -0.3122931 0.9382197 -0.1490238 -0.3123013 0.9382216 -0.1451672 -0.313425 0.9384515 -0.1451673 -0.3134253 0.9384514 -0.145167 -0.3134255 0.9384515 -0.1141924 -0.2019371 0.9727186 -0.1142253 -0.2019276 0.9727167 -0.1141925 -0.2019371 0.9727186 -0.210991 -0.8307744 -0.5150696 -0.2109912 -0.8307744 -0.5150696 -0.2109912 -0.8307744 -0.5150697 -0.2420656 -0.5491214 0.7999187 -0.2420656 -0.5491214 0.7999188 -0.2420656 -0.5491214 0.7999187 -0.2693955 -0.8227645 -0.5004844 -0.2693954 -0.8227647 -0.5004842 -0.2693954 -0.8227646 -0.5004844 -0.3221761 -0.9220038 -0.2147365 -0.3221763 -0.9220037 -0.2147365 -0.3221764 -0.9220037 -0.2147365 -0.3388015 -0.9154475 -0.2171852 -0.3388016 -0.9154475 -0.2171852 -0.1191334 -0.2056378 0.9713498 -0.1191334 -0.2056378 0.9713498 -0.1191334 -0.2056378 0.9713498 -0.146848 -0.3196822 0.9360764 -0.1547897 -0.3173849 0.9355784 -0.2719767 -0.9589346 0.08045643 -0.2719771 -0.9589344 0.08045673 -0.2719776 -0.9589343 0.08045643 -0.1771018 -0.7521575 0.6347394 -0.1771019 -0.7521575 0.6347394 -0.1771021 -0.7521577 0.6347392 0.05621325 -0.0461595 -0.9973512 0.05621314 -0.0461595 -0.9973512 0.0562132 -0.0461595 -0.9973512 -0.09965759 -0.6627372 -0.7421913 -0.09965759 -0.6627372 -0.7421913 -0.09965753 -0.6627372 -0.7421912 -0.1463153 -0.6572362 -0.739346 -0.1463151 -0.6572362 -0.7393461 -0.1463152 -0.6572362 -0.739346 -0.05795365 -0.3878486 -0.9198994 -0.146016 -0.6626722 -0.7345373 -0.1460169 -0.6626721 -0.7345372 -0.1460166 -0.6626715 -0.7345377 -0.1069349 -0.5453079 -0.8313869 -0.1069348 -0.5453079 -0.8313871 -0.106935 -0.5453079 -0.8313869 -0.2912615 -0.8704972 -0.3967385 -0.2912614 -0.8704972 -0.3967385 -0.2912615 -0.8704972 -0.3967385 -0.3093358 -0.8638499 -0.3975862 -0.3254748 -0.8945832 -0.3062469 -0.3254749 -0.8945831 -0.306247 -0.3254748 -0.8945832 -0.306247 -0.3290156 -0.8931581 -0.3066226 -0.2870787 -0.8126937 -0.5070649 -0.2870787 -0.8126936 -0.5070649 -0.2870787 -0.8126937 -0.5070649 -0.3051387 -0.8501202 -0.4291691 -0.2490153 -0.7382726 -0.6268533 -0.2490153 -0.7382726 -0.6268533 -0.2490153 -0.7382726 -0.6268533 -0.1929616 -0.9751151 -0.1091626 -0.1117281 -0.9893825 -0.09294658 -0.1117281 -0.9893826 -0.09294658 -0.1117281 -0.9893826 -0.09294658 -0.1443118 -0.9571069 -0.2512385 -0.1443118 -0.9571069 -0.2512384 -0.37201 -0.896131 -0.2419872 -0.312389 -0.9224998 -0.2267316 -0.2864896 -0.9294956 0.2322965 -0.2864897 -0.9294957 0.2322965 -0.2864896 -0.9294956 0.2322965 -0.150896 -0.9537026 0.2601571 -0.150896 -0.9537026 0.2601571 -0.150896 -0.9537027 0.2601571 -0.2261145 -0.912699 -0.3403716 -0.2261145 -0.912699 -0.3403716 -0.2261145 -0.9126991 -0.3403716 -0.23128 -0.9114967 -0.3401227 -0.23128 -0.9114967 -0.3401227 -0.3438128 -0.8724953 -0.3471955 -0.3438128 -0.8724954 -0.3471954 -0.3438128 -0.8724953 -0.3471954 -0.3845919 -0.9202516 -0.07229334 -0.3624069 -0.9297936 -0.06438225 -0.3599593 -0.9301689 -0.07221704 0.06830477 9.89791e-4 -0.997664 0.06830477 9.89789e-4 -0.9976641 0.06830483 9.89775e-4 -0.9976641 0.03410679 -0.09247165 -0.9951311 0.006476581 -0.1640344 -0.9864334 0.0232715 -0.1177178 -0.9927744 0.0232715 -0.1177177 -0.9927744 0.02327156 -0.1177178 -0.9927744 -0.02329528 -0.2375082 -0.9711062 -0.02329528 -0.2375082 -0.9711062 -0.02329534 -0.2375082 -0.9711062 -0.01911854 -0.2368648 -0.9713545 0.006276965 -0.1683699 -0.985704 0.006276965 -0.1683699 -0.985704 0.006276965 -0.1683699 -0.985704 0.01050114 -0.1678124 -0.9857631 0.0105012 -0.1678125 -0.9857631 0.01050108 -0.1678124 -0.9857631 -0.03492444 -0.3022215 -0.9525978 -0.03492438 -0.3022215 -0.9525978 -0.03492444 -0.3022215 -0.9525978 0.028674 -0.1088961 -0.9936395 0.02867406 -0.1088961 -0.9936395 0.028674 -0.1088961 -0.9936395 -0.08556795 -0.4221608 -0.9024736 -0.08556771 -0.4221608 -0.9024735 -0.08556771 -0.4221609 -0.9024735 -0.07952535 -0.4056167 -0.9105772 -0.07952541 -0.4056167 -0.9105772 -0.07952541 -0.4056167 -0.9105772 -0.1412177 -0.5661471 -0.8121176 -0.1412177 -0.566147 -0.8121176 -0.1412178 -0.5661471 -0.8121176 -0.1450975 -0.5762841 -0.8042657 -0.1450976 -0.5762841 -0.8042657 -0.1450976 -0.5762841 -0.8042657 -0.2043831 -0.7221403 -0.6608639 -0.2043831 -0.7221403 -0.6608639 -0.2043832 -0.7221403 -0.6608639 -0.2018122 -0.7158588 -0.6684446 -0.2018122 -0.7158588 -0.6684446 -0.2502719 -0.8284683 -0.5010035 -0.2502719 -0.8284683 -0.5010033 -0.250272 -0.8284683 -0.5010033 -0.239661 -0.8043019 -0.5437472 -0.239661 -0.804302 -0.5437471 -0.2396609 -0.8043019 -0.5437473 -0.2764273 -0.8832561 -0.3787437 -0.2764278 -0.883256 -0.3787437 -0.2764525 -0.8832476 -0.378745 -0.3047548 -0.9344349 -0.1842718 -0.3047549 -0.9344348 -0.1842718 -0.3047549 -0.9344348 -0.1842718 -0.3257011 -0.9266561 -0.1876897 -0.3257011 -0.9266561 -0.1876897 -0.3257011 -0.926656 -0.1876897 -0.3393616 -0.9398874 -0.03802084 -0.3393617 -0.9398873 -0.03802084 -0.3393616 -0.9398874 -0.03802084 -0.3561204 -0.9334793 -0.0423665 -0.3561203 -0.9334792 -0.04236656 -0.3561203 -0.9334793 -0.04236656 -0.3621457 -0.928983 0.07642745 -0.3606041 -0.9325882 -0.01561486 -0.3606042 -0.9325882 -0.01561486 -0.3606041 -0.9325882 -0.0156148 -0.3633483 -0.9315013 -0.01683956 -0.3633483 -0.9315012 -0.01683956 -0.3633483 -0.9315012 -0.01683956 -0.3475465 -0.9126462 -0.2151476 -0.3475465 -0.9126461 -0.2151476 -0.3475465 -0.9126461 -0.2151476 -0.3441218 -0.9064428 -0.2448299 -0.310758 -0.847935 -0.4294599 -0.2573255 -0.7354992 -0.6267573 -0.2488587 -0.7379389 -0.6273083 -0.1877285 -0.6093999 -0.770318 -0.1847021 -0.6094998 -0.7709702 -0.1847021 -0.6094999 -0.7709703 -0.09432727 -0.4044079 -0.9097014 -0.09432727 -0.4044079 -0.9097014 -0.09432733 -0.4044079 -0.9097014 -0.08690547 -0.4042232 -0.9105225 -0.08690547 -0.4042232 -0.9105225 -0.08690541 -0.4042232 -0.9105225 -0.2151021 -0.9081873 -0.3590641 -0.2138004 -0.9337417 -0.2870815 -0.2073421 -0.9355572 -0.2859057 0.1481397 -0.7046012 0.6939682 -0.2017834 -0.7861347 -0.5841881 -0.1499534 -0.945765 -0.2881712 -0.2115613 -0.9332019 -0.2904758 -0.197298 -0.9669185 -0.1616855 -0.3144496 -0.9305484 -0.1876198 -0.2751808 -0.9090437 0.3129138 -0.343843 -0.8726094 -0.346879 0.006834983 -0.2765408 -0.9609779 0.001517534 -0.2787164 -0.9603723 0.06971651 0.01427471 -0.9974647 0.0377084 -0.08765268 -0.9954372 0.03770834 -0.08765262 -0.9954372 0.03475666 -0.08804208 -0.9955103 0.03475672 -0.08804208 -0.9955102 0.03475672 -0.08804208 -0.9955102 -0.01375806 -0.2381757 -0.9711247 -0.07169759 -0.4055681 -0.9112487 -0.07169747 -0.4055681 -0.9112487 -0.07169777 -0.405568 -0.9112487 -0.06711924 -0.3921824 -0.9174356 -0.06711918 -0.3921824 -0.9174356 -0.0671193 -0.3921822 -0.9174357 -0.1337809 -0.5771957 -0.805573 -0.1337808 -0.5771957 -0.8055731 -0.1337808 -0.5771957 -0.8055731 -0.1219784 -0.5443134 -0.8299664 -0.1219785 -0.5443135 -0.8299664 -0.1219785 -0.5443133 -0.8299665 -0.1872997 -0.718918 -0.6693846 -0.1872998 -0.718918 -0.6693847 -0.1872997 -0.718918 -0.6693847 -0.1650026 -0.6599963 -0.7329249 -0.165003 -0.6599972 -0.7329241 -0.1650025 -0.6599954 -0.7329259 -0.2237077 -0.8085893 -0.5441859 -0.2307408 -0.8256587 -0.5148268 -0.2307406 -0.8256586 -0.5148268 -0.2307406 -0.8256587 -0.5148268 -0.2415428 -0.6095697 0.7550377 -0.2415429 -0.6095696 0.7550377 -0.1197778 -0.2003055 0.9723842 -0.1197775 -0.2003058 0.9723842 -0.1197775 -0.2003055 0.9723843 -0.102689 -0.1456165 0.9839974 -0.2350016 -0.5566549 0.7968121 -0.2350016 -0.5566549 0.7968122 -0.2350016 -0.5566549 0.7968121 -0.2351689 -0.5569701 0.7965424 -0.2284193 -0.5581269 0.7976961 -0.2284192 -0.5581269 0.7976961 -0.2284192 -0.5581269 0.7976961 -0.3610298 -0.9321246 0.02830868 -0.3610298 -0.9321246 0.02830868 -0.3610298 -0.9321246 0.02830868 -0.3629523 -0.9260871 0.1030941 -0.3629524 -0.9260871 0.1030941 -0.3629536 -0.9261041 0.1029368 -0.3629536 -0.9261041 0.1029368 -0.3629536 -0.9261041 0.1029368 0.02082335 0.2124698 -0.9769458 0.005180001 0.2103417 -0.9776143 0.00518006 0.2103416 -0.9776143 0.005180001 0.2103416 -0.9776143 0.005335509 0.2092162 -0.9778549 0.005338311 0.2092167 -0.9778548 0.005335509 0.2092162 -0.9778549 0.00532329 0.2092586 -0.9778459 0.04487091 -0.08067882 -0.9957297 0.005168795 0.2089491 -0.9779129 0.005168855 0.208949 -0.9779129 0.005168855 0.208949 -0.9779129 -0.02187812 0.3951269 -0.9183661 -0.021878 0.3951264 -0.9183662 -0.0218783 0.3951263 -0.9183663 -0.02205336 0.3963031 -0.9178549 -0.02205359 0.3963032 -0.9178548 -0.02205342 0.3963029 -0.9178549 -0.07156413 0.7108889 -0.6996539 -0.07156497 0.7108898 -0.699653 -0.07156497 0.7108887 -0.699654 0.05583173 -0.08074057 -0.9951702 0.05583167 -0.08074057 -0.9951702 0.05583173 -0.08074057 -0.9951702 -0.003834486 0.7925485 -0.6097969 -0.003834545 0.7925485 -0.609797 -0.003834724 0.7925485 -0.6097968 0.06374043 -0.4041945 -0.9124495 0.06374037 -0.4041945 -0.9124494 -0.004495561 0.850939 -0.5252455 -0.004495501 0.850939 -0.5252455 -0.007660984 0.8506092 -0.5257427 0.03781813 0.1004314 -0.994225 0.002603113 0.4652911 -0.885154 0.003397166 0.4654364 -0.8850748 -0.003380417 0.5363453 -0.8439919 -0.003380417 0.5363453 -0.843992 -0.003380358 0.5363453 -0.8439919 -0.03993529 0.5299561 -0.8470844 0.00653249 0.2094321 -0.9778014 0.0794174 0.3486103 -0.9338971 0.07233905 0.2507082 -0.9653562 0.07233899 0.2507082 -0.9653562 0.07233905 0.2507082 -0.9653562 0.07662504 0.2518476 -0.9647287 0.06954473 0.1132475 -0.9911299 0.02868813 0.4732251 -0.8804745 0.009571373 0.1798318 -0.9836508 0.005312621 0.2092448 -0.9778489 0.005333304 0.2090874 -0.9778825 0.0319488 0.4739179 -0.8799893 0.04480689 0.2379684 -0.9702388 0.04503434 0.05433946 -0.9975064 0.01514887 0.1806414 -0.9834324 0.01850712 0.120021 -0.9925988 0.02149701 0.1204511 -0.9924865 0.02171152 0.2014213 -0.9792641 0.03888094 0.1737122 -0.9840287 0.03891837 0.1737174 -0.9840263 0.01497715 -0.9849123 0.1724054 -0.07729256 -0.9598262 -0.2697397 -0.08777123 -0.9582401 -0.2721622 -0.215113 -0.9081854 -0.3590625 -0.02695733 -0.958293 0.2845135 -0.101724 -0.9942364 -0.03385645 -0.1017239 -0.9942364 -0.03385651 -0.101724 -0.9942364 -0.03385645 -0.01323187 -0.9997571 -0.01762557 -0.06502169 -0.9675645 -0.2441135 -0.071478 -0.9601886 -0.2700536 -0.071478 -0.9601886 -0.2700536 -0.07147794 -0.9601886 -0.2700536 -0.07149982 -0.9601615 -0.2701439 -0.07149982 -0.9601616 -0.2701439 -0.07149976 -0.9601616 -0.2701439 0.07343202 -0.01353561 -0.9972084 0.07339668 -0.01353412 -0.997211 0.09778344 0.07402282 -0.992451 0.09944951 0.07393103 -0.9922923 0.1530597 0.3756814 -0.914022 0.1530597 0.3756814 -0.914022 0.09042018 0.145272 -0.9852514 0.08743119 0.1450564 -0.9855529 0.09720355 0.200367 -0.974887 0.03965282 0.1930818 -0.9803811 0.1010005 0.2317948 -0.9675072 0.07856029 0.350183 -0.9333811 0.06660687 0.2517567 -0.9654958 0.07003259 0.2524238 -0.9650792 0.06625819 0.2109006 -0.9752594 0.06624007 0.2109017 -0.9752603 0 0 -1 3.99873e-7 0 -1 1.49174e-7 0 -1 -3.99878e-7 0 -1 5.27837e-7 0 -1 2.42332e-7 0 -1 -7.99762e-7 0 -1 3.72926e-7 0 -1 1.21163e-7 0 -1 -2.6391e-7 0 -1 -4.8465e-7 0 -1 1.99935e-7 0 -1 -1.21164e-7 0 -1 0 0 1 -2.07884e-7 0 1 6.92961e-7 0 1 1.55914e-7 0 1 -1.38589e-6 0 1 0 0 1 1.38593e-6 0 1 -6.92936e-7 0 1 2.07886e-7 0 1 2.07888e-7 0 1 1.64835e-7 0 -1 -3.10364e-7 0 -1 -1.60991e-7 0 -1 -3.21975e-7 0 -1 1.6098e-7 0 -1 -1.87997e-7 0 -1 6.43929e-7 0 -1 0 0 -1 0 0 -1 -1.60986e-7 0 -1 6.43928e-7 0 -1 -5.63437e-7 0 -1 0 0 -1 -1.60985e-7 0 -1 1.60991e-7 0 -1 -1 0 0 -0.4999894 -0.8660315 0 -0.4999895 -0.8660315 0 0.499997 -0.8660272 0 0.499997 -0.8660271 0 1 0 0 0.5000101 0.8660196 0 0.5000103 0.8660196 0 -0.5000027 0.866024 0 -0.5000028 0.8660238 0 0.9659358 0.2587822 0 0.9659371 -0.2587774 0 0.9659373 -0.2587762 0 0.7071183 -0.7070953 0 0.7071189 -0.7070947 0 0.2587813 -0.965936 0 0.2587816 -0.965936 0 -0.2587815 -0.965936 0 -0.2587818 -0.9659359 0 -0.7070805 -0.7071331 0 -0.7070803 -0.7071334 0 -0.9659373 -0.2587768 0 -0.9659359 0.2587816 0 -0.9659359 0.2587816 0 -0.7070679 0.7071457 0 -0.7070682 0.7071453 0 -0.2588479 0.9659181 0 -0.2588477 0.9659183 0 0.2588478 0.9659182 0 0.2588475 0.9659183 0 0.7071067 0.707107 0 0.707106 0.7071076 0 0.965936 0.258781 0 -0.9806622 -0.001460909 -0.1957025 -0.8310112 0.004415452 -0.5562382 -0.8310112 0.004415512 -0.5562382 -0.8310112 0.004415571 -0.5562382 -0.9807615 0 -0.1952099 -0.9807615 0 -0.1952099 -0.9807615 0 -0.1952099 -0.8969004 -4.95522e-4 -0.4422326 -0.8969004 -4.95576e-4 -0.4422325 -0.8969004 -4.95585e-4 -0.4422326 -0.7069557 -4.96098e-4 -0.7072577 -0.8313084 9.78662e-4 -0.5558107 -0.8313084 9.78546e-4 -0.5558108 -0.8313084 9.78614e-4 -0.5558108 -0.707396 0.001010894 -0.7068168 -0.5555599 -4.97906e-4 -0.8314765 -0.5555599 -4.98058e-4 -0.8314763 -0.55556 -4.97751e-4 -0.8314763 -0.2584539 -4.71253e-4 -0.9660235 -0.2584538 -4.71271e-4 -0.9660236 -0.2584539 -4.71375e-4 -0.9660235 -0.5554713 6.93638e-4 -0.8315355 -0.2590932 7.32461e-4 -0.965852 -0.195082 0 -0.980787 -0.195082 0 -0.980787 -0.1950821 0 -0.9807869 -0.4903984 -0.849394 -0.1950371 -0.4903984 -0.849394 -0.1950371 -0.4903984 -0.8493939 -0.1950371 -0.4162277 -0.7199264 -0.5553924 -0.4162276 -0.7199264 -0.5553924 -0.4162276 -0.7199263 -0.5553923 -0.4484503 -0.7767406 -0.4422291 -0.4484503 -0.7767406 -0.4422291 -0.4903796 -0.8493667 -0.1952033 -0.4903796 -0.8493666 -0.1952033 -0.1311162 -0.2212483 -0.9663632 -0.1311162 -0.2212483 -0.9663632 -0.1311163 -0.2212482 -0.9663632 -0.3528341 -0.6131181 -0.70682 -0.3528341 -0.6131181 -0.70682 -0.3529559 -0.6133403 -0.7065663 -0.2770304 -0.4812362 -0.8316645 -0.2770304 -0.4812363 -0.8316645 -0.09684216 -0.169187 -0.9808148 -0.1294084 -0.2241342 -0.9659283 0.4903287 -0.8492912 -0.1956586 0.4904049 -0.8494082 -0.1949587 0.4904048 -0.8494082 -0.1949587 0.4904049 -0.8494082 -0.1949587 0.4157108 -0.7200157 -0.5556637 0.4157108 -0.7200157 -0.5556637 0.4157108 -0.7200157 -0.5556637 0.4156958 -0.7200096 -0.5556827 0.4156959 -0.7200096 -0.5556827 0.4156958 -0.7200097 -0.5556826 0.2777965 -0.4811555 -0.8314558 0.2777965 -0.4811555 -0.8314557 0.2777964 -0.4811555 -0.8314558 0.2777802 -0.4811307 -0.8314756 0.2777802 -0.4811307 -0.8314756 0.2777802 -0.4811306 -0.8314755 0.09751296 -0.168897 -0.9807982 0.09751296 -0.168897 -0.9807982 0.09751302 -0.168897 -0.9807982 0.09767341 -0.1691709 -0.980735 0.9806966 0 -0.1955361 0.9806951 0 -0.1955434 0.8315799 0 -0.5554051 0.8315821 0 -0.555402 0.5554519 0 -0.8315487 0.5554519 0 -0.8315487 0.5554519 0 -0.8315486 0.5554715 0 -0.8315357 0.5554714 0 -0.8315356 0.5554714 0 -0.8315356 0.1950461 0 -0.9807941 0.1950461 0 -0.9807941 0.1950461 0 -0.9807941 0.195551 0 -0.9806936 0.4903834 0.8493622 -0.1952131 0.4903834 0.8493621 -0.1952131 0.4903835 0.8493622 -0.1952131 0.4903895 0.8493829 -0.1951075 0.4903896 0.8493829 -0.1951075 0.4158979 0.7203277 -0.5551189 0.415843 0.7202461 -0.5552659 0.277781 0.4811301 -0.8314756 0.277781 0.4811301 -0.8314756 0.277781 0.48113 -0.8314756 0.2776904 0.4809726 -0.8315969 0.2776904 0.4809726 -0.8315969 0.2776904 0.4809726 -0.8315969 0.09751611 0.1689027 -0.9807969 0.09751611 0.1689027 -0.9807969 0.09751611 0.1689028 -0.9807969 0.09771871 0.1692495 -0.980717 -0.4903455 0.8492804 -0.195663 -0.4903876 0.8493788 -0.1951308 -0.4903876 0.8493786 -0.1951307 -0.4903876 0.8493787 -0.1951308 -0.4158425 0.7202599 -0.5552483 -0.4158424 0.72026 -0.5552483 -0.4157526 0.7201026 -0.5555195 -0.4157525 0.7201027 -0.5555195 -0.4157527 0.7201026 -0.5555196 -0.4157345 0.7200726 -0.555572 -0.4157347 0.7200725 -0.555572 -0.4157346 0.7200726 -0.5555721 -0.2777189 0.4810224 -0.8315587 -0.2777187 0.4810224 -0.8315587 -0.2777186 0.4810224 -0.8315587 -0.2775817 0.4807848 -0.8317418 -0.2777954 0.481157 -0.8314552 -0.2777953 0.481157 -0.8314552 -0.2777953 0.481157 -0.8314552 -0.09748089 0.1688387 -0.9808115 -0.09748095 0.1688387 -0.9808115 -0.09756493 0.1689873 -0.9807775 -0.09756493 0.1689873 -0.9807775 -0.09756499 0.1689873 -0.9807775 -0.0268312 0.9841609 0.1752356 0.3434767 0.9142972 -0.2146729 0.1192213 0.205942 0.9712746 0.296742 0.8760243 -0.3801653 0.2967422 0.8760243 -0.3801655 0.2967421 0.8760243 -0.3801653 0.02394002 0.3869215 -0.9218019 0.006608307 0.2373297 -0.9714068 0.006608307 0.2373298 -0.9714068 0.006608307 0.2373298 -0.9714068 0.2225714 0.7183241 -0.6591453 0.2225714 0.718324 -0.6591454 0.2225714 0.7183241 -0.6591453 0.2065134 0.9172713 -0.3405371 -0.0930345 -0.09578531 -0.9910448 -0.0930345 -0.09578537 -0.9910448 -0.0930345 -0.09578537 -0.9910448 -0.008684754 0.1583389 -0.9873467 -0.008684754 0.1583389 -0.9873467 -0.008684694 0.1583389 -0.9873467 0.252604 0.6409994 -0.7247835 0.2526039 0.6409994 -0.7247835 0.2125704 0.6518117 -0.7279803 0.2125704 0.6518116 -0.7279804 0.2125705 0.6518116 -0.7279804 0.2064893 0.9172772 -0.3405359 0.2375811 0.6179073 -0.7494971 0.2337592 0.6030096 -0.7627163 0.2337592 0.6030097 -0.7627163 0.2337592 0.6030097 -0.7627163 0.230076 0.5988367 -0.7671113 0.230076 0.5988367 -0.7671113 0.230076 0.5988367 -0.7671113 0.1062286 0.2814282 -0.9536843 0.1056421 0.2814487 -0.9537433 0.2307427 0.6922282 -0.6837967 -0.1045864 -0.105199 -0.9889362 -0.1045826 -0.105189 -0.9889377 0.3705726 0.8941594 -0.2513068 0.3347241 0.8181725 -0.4674973 0.3014163 0.832466 -0.4649178 0.1926327 0.5948784 -0.7803924 0.1926327 0.5948785 -0.7803925 0.1926327 0.5948784 -0.7803924 0.1820797 0.5965189 -0.7816727 0.1820797 0.5965189 -0.7816727 0.1820797 0.5965189 -0.7816728 0.1103388 0.4369292 -0.8927028 0.1077683 0.4370186 -0.892973 0.0231747 0.2372032 -0.9711836 0.01911759 0.2368651 -0.9713544 -0.09888172 -0.09658038 -0.9904012 -0.09888172 -0.09658038 -0.9904012 -0.09888166 -0.09658038 -0.9904012 -0.06791347 0.009767174 -0.9976435 -0.03175371 0.1165202 -0.9926807 -0.03175371 0.1165202 -0.9926807 -0.03175377 0.1165202 -0.9926807 -0.02332299 0.1175817 -0.9927893 -0.02332299 0.1175817 -0.9927893 -0.02332299 0.1175817 -0.9927893 -0.006504237 0.1639608 -0.9864455 0.1168303 0.452479 -0.8840891 0.1289314 0.4517901 -0.8827584 0.2606819 0.7519295 -0.605514 0.2606818 0.7519295 -0.605514 0.2963104 0.7391403 -0.6048734 0.2963104 0.7391403 -0.6048734 0.2963104 0.7391403 -0.6048734 0.3305495 0.8079549 -0.4877971 0.2870497 0.825973 -0.4851506 0.07148361 0.9601819 -0.2700756 0.07148361 0.9601819 -0.2700756 0.07148361 0.9601819 -0.2700756 -0.04100149 0.9721267 0.2308436 -0.006879746 0.2764781 -0.9609956 -0.006879746 0.2764781 -0.9609956 -0.006879687 0.276478 -0.9609956 0.09775412 0.4219905 -0.9013147 0.09775412 0.4219905 -0.9013147 0.09775412 0.4219905 -0.9013147 0.1997254 0.677518 -0.7078694 0.04992818 0.303047 -0.9516668 0.1501833 0.5631973 -0.8125601 0.2430789 0.7399082 -0.6272547 0.2430788 0.7399082 -0.6272547 0.1660668 0.5619379 -0.810338 0.1660668 0.5619379 -0.810338 0.1660668 0.5619379 -0.810338 0.2803835 0.8147718 -0.5074762 0.2803835 0.8147718 -0.5074762 0.2803835 0.8147718 -0.5074762 0.2167738 0.6742571 -0.7059649 0.2653631 0.7804612 -0.5660945 0.2653632 0.780461 -0.5660945 0.2653632 0.7804611 -0.5660945 0.2488579 0.7851909 -0.5670495 0.2488579 0.7851909 -0.5670495 0.2488579 0.7851909 -0.5670495 0.1565473 0.5646932 -0.8103175 0.1565473 0.5646933 -0.8103176 0.1565474 0.5646932 -0.8103175 -0.03942191 0.1381816 -0.9896221 -0.01911354 0.1406283 -0.989878 0.05240637 0.3916555 -0.9186184 0.05240583 0.3916555 -0.9186183 0.05240654 0.3916556 -0.9186183 -0.0794323 -0.3486043 -0.933898 -0.09454005 -0.1930976 -0.9766144 -0.09492272 -0.2178535 -0.9713545 -0.06842458 -0.04522103 -0.9966309 -0.09452342 -0.1931982 -0.976596 -0.09452348 -0.1931982 -0.976596 -0.09452342 -0.1931982 -0.976596 -0.09454166 -0.1933517 -0.9765639 -0.09453594 -0.1932816 -0.9765783 0.1490793 0.3125218 0.9381394 0.1490811 0.3125212 0.9381393 0.1490792 0.312522 0.9381394 0.1452118 0.3135908 0.9383893 0.1452115 0.3135908 0.9383893 0.1452121 0.3135905 0.9383893 0.114194 0.2019444 0.9727169 0.114204 0.2019413 0.9727164 0.1141938 0.2019445 0.9727169 0.2110557 0.8309455 -0.5147671 0.2110556 0.8309457 -0.5147668 0.2110556 0.8309454 -0.5147672 0.2421073 0.5491372 0.7998952 0.2421073 0.5491371 0.7998952 0.2421076 0.5491371 0.7998953 0.2693869 0.8227489 -0.5005148 0.2693867 0.8227489 -0.5005149 0.2693868 0.822749 -0.5005148 0.3222609 0.9221311 -0.2140614 0.3222609 0.9221311 -0.2140614 0.322261 0.9221311 -0.2140614 0.338867 0.9155458 -0.2166688 0.3388669 0.9155457 -0.2166688 0.3388669 0.9155457 -0.2166687 0.119214 0.205942 0.9712755 0.1468506 0.3196645 0.936082 0.1547804 0.3173806 0.9355815 0.2719753 0.9589384 0.08041536 0.2719746 0.9589386 0.08041501 0.2719754 0.9589384 0.08041536 0.1770994 0.7521374 0.634764 0.1770997 0.7521372 0.634764 0.1770997 0.7521372 0.634764 -0.05623608 0.04606091 -0.9973545 -0.05623602 0.04606086 -0.9973545 -0.05623614 0.04606091 -0.9973545 0.09983652 0.6632524 -0.7417069 0.1465027 0.6577813 -0.738824 0.1465026 0.6577813 -0.738824 0.1465026 0.6577813 -0.738824 0.05793941 0.3877851 -0.9199271 0.145884 0.6622852 -0.7349123 0.1458848 0.6622851 -0.7349123 0.145884 0.662285 -0.7349126 0.1070498 0.5456605 -0.8311408 0.1070498 0.5456606 -0.8311407 0.1070497 0.5456603 -0.8311409 0.2911818 0.8703539 -0.3971112 0.3093213 0.8638284 -0.3976441 0.3254591 0.8945544 -0.3063477 0.3254592 0.8945543 -0.3063477 0.3254592 0.8945544 -0.3063477 0.3290069 0.8931467 -0.306665 0.3290069 0.8931467 -0.306665 0.3290069 0.8931468 -0.306665 0.2870172 0.8125677 -0.5073015 0.2870172 0.8125678 -0.5073015 0.2870172 0.8125678 -0.5073015 0.3052083 0.8502415 -0.4288791 0.3052084 0.8502415 -0.4288791 0.3052083 0.8502416 -0.4288792 0.2489125 0.7380607 -0.6271436 0.1929714 0.9751209 -0.1090931 0.1118083 0.9893482 -0.09321582 0.1443371 0.9570704 -0.2513626 0.3720283 0.896166 -0.2418295 0.3123798 0.9225372 -0.2265923 0.3117452 0.9149695 -0.2562144 0.1993257 0.9496389 -0.241775 0.1804277 0.9792941 -0.09180933 0.1804277 0.9792941 -0.09180933 0.1804277 0.9792942 -0.09180933 0.1776839 0.9798133 -0.09162086 0.1776839 0.9798133 -0.09162086 0.177684 0.9798133 -0.09162086 0.3438308 0.8725398 -0.3470662 0.3845902 0.9202532 -0.07228255 0.3625011 0.9297551 -0.06440871 0.35993 0.9301476 -0.07263523 0.2151021 0.9081887 -0.3590605 0.2137936 0.9338191 -0.2868348 0.2073129 0.9356413 -0.2856518 -0.04098689 0.9721271 0.230844 0.2107436 0.7669235 -0.6061483 0.1054845 0.9942266 -0.01966232 0.1793703 0.9833533 -0.02903139 0.1973127 0.966917 -0.1616766 0.3144329 0.9305589 -0.1875956 0.2751162 0.9089657 0.3131974 0.3438414 0.8725331 -0.3470724 -0.006850779 0.2765233 -0.9609829 -0.001507401 0.2787288 -0.9603687 -0.0697177 -0.01427936 -0.9974645 -0.03771066 0.08763772 -0.9954384 -0.03771066 0.08763772 -0.9954385 -0.03771066 0.08763772 -0.9954385 -0.03479534 0.08787816 -0.9955234 -0.0347954 0.08787816 -0.9955234 -0.0347954 0.08787816 -0.9955234 0.01374548 0.2382961 -0.9710953 0.07173544 0.4056775 -0.9111968 0.07173508 0.4056779 -0.9111967 0.07173562 0.4056777 -0.9111968 0.06703388 0.3919335 -0.9175482 0.06703382 0.3919335 -0.9175482 0.067034 0.3919337 -0.9175481 0.133744 0.5770999 -0.8056478 0.1337439 0.5771 -0.8056478 0.1337438 0.5770999 -0.8056478 0.122111 0.5446826 -0.8297047 0.1221112 0.5446825 -0.8297047 0.1221109 0.5446823 -0.8297048 0.1875509 0.7195634 -0.6686204 0.1875524 0.7195639 -0.6686195 0.1875514 0.7195647 -0.6686188 0.1648706 0.6596357 -0.7332792 0.1648716 0.6596355 -0.7332792 0.1648712 0.6596365 -0.7332783 0.2235137 0.808239 -0.5447857 0.2235134 0.8082387 -0.5447862 0.2235136 0.8082388 -0.544786 0.2307923 0.825773 -0.5146201 0.2307924 0.8257731 -0.51462 0.2307925 0.8257728 -0.5146205 0.2415454 0.6095183 0.7550783 0.1197823 0.2003207 0.9723805 0.1197826 0.2003206 0.9723805 0.1197823 0.2003208 0.9723806 0.1027143 0.1456871 0.9839843 0.234975 0.5566087 0.7968523 0.2350671 0.5566871 0.7967703 0.2350673 0.5566871 0.7967703 0.235067 0.5566874 0.7967702 0.2284132 0.5581215 0.7977016 0.2284132 0.5581215 0.7977015 0.2284132 0.5581215 0.7977017 0.3610223 0.9321366 0.02800494 0.3629482 0.9261393 0.1026381 0.3629525 0.9261006 0.102972 0.3629526 0.9261006 0.102972 -0.005314648 -0.2092404 -0.9778499 -0.005310654 -0.2092741 -0.9778426 -0.005234897 -0.2098881 -0.9777115 -0.005367994 -0.2089228 -0.9779174 -0.005386412 -0.2089506 -0.9779114 -0.005386412 -0.2089506 -0.9779114 -0.005386352 -0.2089505 -0.9779114 0.0398634 -0.5294995 -0.8473732 0.0398634 -0.5294995 -0.8473731 0.0398634 -0.5294995 -0.8473732 -0.006563246 -0.2093619 -0.9778162 -0.04487049 0.08062362 -0.9957342 -0.04487055 0.08062362 -0.9957342 -0.04487055 0.08062362 -0.9957342 -0.005122303 -0.2093082 -0.9778364 -0.005122303 -0.2093082 -0.9778364 -0.005122363 -0.2093082 -0.9778364 0.02188158 -0.3951473 -0.9183571 0.02188301 -0.3951487 -0.9183565 0.02188205 -0.3951486 -0.9183565 0.02217489 -0.3971142 -0.9175013 0.02217453 -0.3971142 -0.9175013 0.02217471 -0.3971142 -0.9175014 0.07156819 -0.7109079 -0.6996342 0.07152163 -0.7109153 -0.6996315 0.0715686 -0.7109076 -0.6996345 -0.0378189 -0.1004147 -0.9942266 -0.00262624 -0.4650419 -0.8852849 0.02987682 -0.7897611 -0.6126866 0.02987706 -0.7897609 -0.6126869 0.02987635 -0.7897607 -0.6126872 -0.07941699 -0.3486127 -0.9338962 -0.07052326 -0.2267019 -0.9714077 -0.07052326 -0.2267019 -0.9714077 -0.07052332 -0.2267019 -0.9714076 -0.07581478 -0.2277472 -0.9707644 -0.07581478 -0.2277472 -0.9707643 -0.07581484 -0.2277472 -0.9707643 -0.06974446 -0.1111566 -0.9913526 -0.02870535 -0.4729629 -0.8806146 -0.0319671 -0.4736558 -0.8801298 0.00450617 -0.85102 -0.525114 0.004506051 -0.85102 -0.525114 0.004506051 -0.85102 -0.525114 0.007650494 -0.8505339 -0.5258646 0.007650434 -0.8505339 -0.5258646 0.007650434 -0.8505339 -0.5258646 -0.05582964 0.08069872 -0.9951738 -0.05582958 0.08069872 -0.9951738 -0.05582964 0.08069872 -0.9951738 0.003863215 -0.7928172 -0.6094475 0.003862798 -0.7928169 -0.6094476 0.003863155 -0.7928172 -0.6094474 -0.06373983 0.4041879 -0.9124525 -0.06373977 0.4041878 -0.9124525 -0.06373977 0.4041879 -0.9124525 -0.009609699 -0.1795723 -0.9836978 -0.01918482 -0.1154477 -0.9931283 -0.01569783 -0.1807208 -0.9834092 0.00338453 -0.5363781 -0.8439711 0.00338453 -0.5363781 -0.8439711 0.00338453 -0.5363781 -0.8439711 -0.003421306 -0.4651687 -0.8852155 -0.02083384 -0.212333 -0.9769753 -0.02207952 -0.1968248 -0.98019 -0.02238827 -0.1159033 -0.9930082 -0.04454797 -0.2485837 -0.9675855 -0.04406458 -0.253667 -0.9662875 -0.03443336 -0.1670533 -0.9853464 -0.03353565 -0.1669067 -0.9854022 -0.03288525 -0.1914302 -0.9809552 -0.03278326 -0.1914209 -0.9809604 -0.01497662 0.9849124 0.1724044 0.07729279 0.9598268 -0.2697378 0.08781939 0.9582328 -0.2721722 0.2150822 0.908195 -0.3590564 0.02697032 0.9583123 0.2844471 0.02697038 0.9583123 0.2844472 0.02697032 0.9583123 0.2844472 0.101704 0.9942422 -0.03374922 0.01314103 0.999766 -0.01718419 0.06513512 0.9674419 -0.2445685 0.07146865 0.9601992 -0.2700183 0.07146865 0.9601992 -0.2700183 0.07146865 0.9601991 -0.2700183 0.07141512 0.9602599 -0.2698166 -0.07681679 0.002252876 -0.9970427 -0.07680863 0.002256989 -0.9970434 -0.105086 -0.0956313 -0.9898544 -0.1073341 -0.09560716 -0.9896154 -0.1481258 -0.3514144 -0.9244278 -0.09062695 -0.1199821 -0.988631 -0.08437293 -0.1197471 -0.9892128 -0.110596 -0.2620037 -0.9587089 -0.1104608 -0.2619709 -0.9587333 0.03502136 0.3024887 -0.9525094 0.03502142 0.3024887 -0.9525094 0.03502142 0.3024887 -0.9525094 -0.02863568 0.1090167 -0.9936274 -0.02863574 0.1090167 -0.9936274 -0.02863568 0.1090167 -0.9936274 0.0855121 0.4220046 -0.9025518 0.0855121 0.4220047 -0.9025518 0.0855121 0.4220046 -0.9025518 0.07958418 0.4057774 -0.9105005 0.07958376 0.4057776 -0.9105004 0.0795837 0.4057776 -0.9105005 0.1412051 0.5661096 -0.812146 0.141205 0.5661097 -0.812146 0.1412051 0.5661096 -0.812146 0.1450046 0.5760459 -0.8044532 0.1450045 0.5760459 -0.8044532 0.1450046 0.5760459 -0.8044532 0.2044057 0.7221901 -0.6608025 0.2044057 0.7221901 -0.6608025 0.2044057 0.72219 -0.6608025 0.2021751 0.7167112 -0.6674208 0.2021743 0.7167116 -0.6674205 0.2021749 0.7167118 -0.6674201 0.250274 0.8284798 -0.5009834 0.2502741 0.82848 -0.5009831 0.250274 0.82848 -0.5009831 0.2395226 0.8039878 -0.5442726 0.2395217 0.803988 -0.5442728 0.2395209 0.8039878 -0.5442732 0.2763347 0.8830761 -0.3792307 0.2763344 0.8830761 -0.3792308 0.2763347 0.8830761 -0.3792306 0.3047926 0.934495 -0.1839042 0.3047925 0.934495 -0.1839041 0.3047928 0.9344949 -0.1839041 0.3257511 0.9267221 -0.1872761 0.325751 0.9267222 -0.1872762 0.3257507 0.9267222 -0.1872761 0.3393289 0.9398778 -0.03854453 0.3393291 0.9398778 -0.03854453 0.3393288 0.9398779 -0.03854447 0.3560789 0.9334692 -0.04293143 0.3560789 0.9334692 -0.04293143 0.3560791 0.9334691 -0.04293137 0.3621497 0.9289836 0.07640206 0.3606073 0.9325931 -0.01525229 0.3633886 0.9314977 -0.01615512 0.3475189 0.9125784 -0.2154793 0.344122 0.9064448 -0.2448223 0.310758 0.847935 -0.4294599 0.2573208 0.7354889 -0.6267712 0.2488547 0.7379271 -0.6273236 0.1877244 0.6093867 -0.7703295 0.1847459 0.609602 -0.7708791 0.1847459 0.609602 -0.770879 0.1847459 0.609602 -0.770879 0.09423661 0.4041909 -0.9098073 0.09423661 0.4041908 -0.9098073 0.09423661 0.4041909 -0.9098073 0.08691424 0.4042452 -0.9105119 0.08691418 0.4042453 -0.9105119 0.08691424 0.4042452 -0.9105119 -0.006340384 0.1681988 -0.9857327 -0.006340384 0.1681988 -0.9857327 -0.006340324 0.1681988 -0.9857327 -0.0104742 0.1678902 -0.9857501 -0.01047426 0.1678903 -0.9857501 -0.0104742 0.1678903 -0.9857501 -0.07755869 -0.02851355 -0.99658 -0.07755875 -0.02851355 -0.9965801 -0.07755869 -0.02851355 -0.9965801 -0.07332324 -0.02785891 -0.996919 -0.07332324 -0.02785891 -0.996919 -0.07332324 -0.02785891 -0.9969192 -0.09504967 -0.1052278 -0.9898954 -0.1264828 -0.331503 -0.9349374 -0.1074945 -0.3222151 -0.9405436 -0.01977789 -0.6887 0.7247767 -0.01977783 -0.6887 0.7247767 -0.01977789 -0.6887 0.7247767 -0.04428178 -0.2903354 -0.9558999 -0.04428178 -0.2903354 -0.9558999 -0.04428178 -0.2903354 -0.9558999 -0.0751357 -0.2978263 -0.9516587 -0.07513576 -0.2978263 -0.9516586 -0.07513576 -0.2978263 -0.9516587 -0.06727033 -0.2266749 -0.9716446 -0.07027328 -0.227215 -0.9713059 -0.06683331 -0.192727 -0.9789738 -0.06681686 -0.1927254 -0.9789752 -0.1056023 0.7610256 0.640069 0.04815006 0.9897572 -0.1343963 0.02240169 0.2923558 0.9560472 5.79612e-4 0.2122501 0.9772152 0.002892553 0.1848047 0.9827711 0.09684509 0.2067872 0.9735811 0.09687793 0.2069633 0.9735404 0.09685164 0.2068455 0.9735681 0.09685176 0.2068454 0.973568 0.09685176 0.2068454 0.973568 0.09682571 0.2066308 0.9736162 0.09682571 0.2066308 0.9736163 0.09682565 0.2066308 0.9736162 -0.04149544 0.2010707 -0.9786975 -0.04149544 0.2010707 -0.9786975 -0.04149544 0.2010707 -0.9786975 0.09246575 0.1812073 0.9790884 -0.05383044 0.2165026 -0.9747968 -0.05383044 0.2165027 -0.9747969 0.311913 0.8714768 0.3784685 0.3119129 0.8714769 0.3784685 0.3119129 0.8714768 0.3784685 0.3119125 0.8714761 0.3784704 0.3119128 0.8714761 0.3784704 0.3119127 0.8714761 0.3784704 0.1906225 0.9309155 0.3115436 0.1906226 0.9309156 0.3115436 0.1906226 0.9309155 0.3115436 0.1906177 0.93089 0.3116229 0.1906176 0.93089 0.3116229 0.1906177 0.93089 0.3116229 0.1906191 0.9309137 0.3115513 0.1906189 0.9309136 0.3115513 0.01963126 -0.1538235 0.9879033 0.1450317 0.7579664 -0.635966 0.2086734 0.7232385 -0.6583172 0.3283032 0.9445534 -0.005985558 0.3180513 0.948073 -0.001009643 0.348519 0.867601 0.3546874 0.3552174 0.8856196 0.2991628 0.3552167 0.8856168 0.2991724 -0.05381506 0.2167103 -0.9747516 -0.05383664 0.2163884 -0.9748219 -0.05383664 0.2163884 -0.9748219 -0.05383664 0.2163884 -0.9748219 -0.05452555 0.2022161 -0.9778219 0.07070273 0.5881635 0.8056457 0.1473029 0.596268 0.7891555 0.1305698 0.9857807 -0.1057734 0.1305697 0.9857807 -0.1057734 0.1305698 0.9857807 -0.1057734 0.2136119 0.965192 -0.1509119 0.2072605 0.7071366 0.6760185 0.2746394 0.7064826 0.6522696 0.2934951 0.7839068 0.5471295 0.3219741 0.7810903 0.5350053 0.3365784 0.8403192 0.4249457 0.3459243 0.8387308 0.4205556 0.3503878 0.89252 0.2839658 0.3429867 0.891559 0.2957749 0.3429079 0.8915767 0.295813 0.07513087 0.8537006 0.5153163 -0.1308778 0.7528316 0.6450703 -0.1308779 0.7528316 0.6450703 -0.1308778 0.7528316 0.6450703 -0.08893054 0.8613438 0.5001782 -0.0248357 0.8454992 0.533399 -0.02309936 0.8731321 0.4869362 -0.04958689 0.9470714 0.3171702 0.05591094 0.8516112 0.5211838 0.06804883 0.8771877 0.4753012 0.06808394 0.8771893 0.475293 0.2687171 0.9176209 0.2928533 -0.08594268 0.8319056 0.5482217 -0.1167622 0.7575932 0.6421988 -0.1168156 0.7573935 0.6424245 0.07849431 0.3102706 0.9474022 0.03888499 0.3354434 0.9412575 0.02316915 0.3328649 0.9426899 0.05065846 0.3381406 0.9397312 0.107347 0.4162688 0.9028826 0.08712518 0.4129539 0.906575 0.1882585 0.5831667 0.7902376 0.1943793 0.583837 0.7882582 -0.04343414 0.6157787 0.7867212 -0.07646024 0.6191556 0.7815372 0.0688821 0.6780613 0.7317706 0.0178852 0.6924667 0.7212281 0.07293915 0.7044785 0.7059674 0.1469853 0.6828971 0.7155745 0.06754076 0.669297 0.7399188 0.2241421 0.6468904 0.7288987 0.1093125 0.6160613 0.7800765 0.1821992 0.6269223 0.7574775 0.03145426 0.3729669 0.9273114 0.03145313 0.3729671 0.9273113 0.09437072 0.4363692 0.8948051 0.08039778 0.4938838 0.8658031 0.08040016 0.4938843 0.8658027 0.003551959 0.1849042 0.9827502 0.00337094 0.1854432 0.9826492 0.01686644 0.1875767 0.9821051 0.001431524 0.233635 0.9723234 0.001431345 0.2336349 0.9723234 0.001431465 0.233635 0.9723234 -0.07763421 0.9368152 -0.3411015 -0.07763409 0.9368152 -0.3411015 -0.07763427 0.9368152 -0.3411015 -0.06516963 0.6835937 0.7269475 -0.06516975 0.6835936 0.7269476 -0.06516963 0.6835937 0.7269475 -0.1288224 0.9915382 -0.01603239 -0.1288223 0.9915382 -0.01602947 -0.1288226 0.9915381 -0.01603132 -0.1071957 0.922671 0.3703883 -0.1070944 0.9226845 0.370384 -0.1071958 0.9226708 0.3703888 -0.1071388 0.9224078 0.3710598 -0.1071389 0.9224085 0.371058 -0.107138 0.9224066 0.3710627 -0.07307243 0.6129857 -0.7867078 -0.07307243 0.6129857 -0.7867078 -0.07307243 0.6129857 -0.7867078 -0.0810886 0.9366398 -0.3407795 -0.08108848 0.9366398 -0.3407794 -0.08108854 0.9366397 -0.3407797 -0.07381749 0.6110309 -0.7881575 -0.07381767 0.611031 -0.7881574 -0.07381749 0.6110311 -0.7881574 -0.06447219 0.4628558 -0.8840859 -0.06445717 0.4625183 -0.8842637 -0.07754272 0.9390753 -0.3348503 -0.07754278 0.9390753 -0.3348503 -0.07754278 0.9390753 -0.3348503 -0.0268765 0.4333273 0.9008359 -0.01866948 0.3769566 0.9260427 0.005791664 0.3807059 0.9246781 0.01444059 0.2795956 0.9600093 0.01444059 0.2795956 0.9600093 0.01444059 0.2795956 0.9600093 0.01256358 0.2908186 0.9566957 -0.02571266 0.4332944 0.9008856 -0.008890926 0.3061574 0.9519394 -0.0039981 0.2762544 0.9610763 -0.001838207 0.2499633 0.9682536 -0.001846373 0.2500299 0.9682365 -0.06522685 0.6838869 0.7266666 -0.06521826 0.6838881 0.7266662 -0.06521826 0.6838881 0.7266662 -0.04389446 0.5500603 0.8339707 -0.04389452 0.5500603 0.8339707 -0.04389441 0.5500603 0.8339707 -0.01010775 0.5546278 0.8320372 -0.01010781 0.5546279 0.8320372 -0.01010781 0.5546278 0.8320372 0.004758179 0.3958498 0.918303 0.01584953 0.3975015 0.9174647 0.02151763 0.3226817 0.946263 0.03754699 0.3252608 0.9448786 -0.02004086 0.8289 0.5590378 -0.02004063 0.8289 0.5590378 -0.02004086 0.8289 0.5590378 -0.06576824 0.4610866 -0.8849146 -0.0657683 0.4610866 -0.8849146 -0.06576824 0.4610865 -0.8849145 -0.06404638 0.4616187 -0.8847634 -0.06411159 0.4628556 -0.8841123 -0.06430047 0.5101273 -0.8576921 -0.06430065 0.5101272 -0.8576921 -0.06433224 0.5101261 -0.8576904 -0.05940485 0.5102395 -0.8579784 -0.05940479 0.5102395 -0.8579783 -0.05940502 0.5102395 -0.8579784 0.01611971 0.6838894 0.7294076 0.01611971 0.6838894 0.7294076 0.01611965 0.6838894 0.7294077 0.07073473 0.6888127 0.7214803 0.07073473 0.6888126 0.7214803 0.07073473 0.6888126 0.7214803 0.06643015 -0.03733289 0.9970924 0.06643015 -0.03733289 0.9970925 0.06643009 -0.03733289 0.9970925 -0.05760902 0.1559534 -0.986083 0.0519818 0.5045658 0.8618071 0.0519818 0.5045658 0.8618069 0.05198186 0.5045658 0.861807 -0.06497335 0.5318591 -0.8443367 -0.06498199 0.5318552 -0.8443385 -4.10304e-4 0.993116 -0.117135 -4.10336e-4 0.993116 -0.117135 -4.10386e-4 0.993116 -0.117135 0.07572877 0.495402 0.8653566 0.0303325 0.489421 0.8715201 0.0303325 0.489421 0.8715201 0.0303325 0.489421 0.8715201 0.02036422 0.6294876 0.7767436 -0.003207921 0.626661 0.7792855 0.06053447 -0.3202148 0.9454089 0.06053441 -0.3202148 0.945409 0.06053435 -0.3202148 0.945409 -0.07210904 0.611105 -0.7882583 -0.0721091 0.6111052 -0.7882581 -0.0721091 0.6111053 -0.7882581 -0.07405966 0.9393413 -0.334893 -0.07405948 0.9393413 -0.334893 -0.07405954 0.9393413 -0.3348929 -0.07307285 0.6130067 -0.7866914 -0.07307279 0.6130068 -0.7866913 -0.07307285 0.6130068 -0.7866913 -0.06423801 0.6838963 0.7267459 -0.06423759 0.6838818 0.7267594 -0.06424206 0.6838966 0.7267451 -0.1310964 0.9058338 -0.4028386 -0.1310961 0.9058338 -0.4028387 -0.1310963 0.9058338 -0.4028386 -0.08216798 0.9097281 -0.406993 -0.08216822 0.9097278 -0.4069935 -0.08216816 0.9097279 -0.4069932 -0.01192784 0.5742133 0.8186188 0.00132054 0.5759558 0.8174799 0.01307845 0.4380877 0.8988371 0.03280466 0.4409916 0.8969115 0.03720694 0.3650224 0.930255 0.06027024 0.3688122 0.9275479 0.05779159 0.3909198 0.9186087 0.08438456 0.3952408 0.9146934 0.08277064 0.4195495 0.9039509 0.1123959 0.4243128 0.8985131 0.113502 0.4805407 0.8695964 0.1605821 0.4865656 0.8587592 0.1719141 0.579377 0.7967233 0.23227 0.5837689 0.7779876 0.2511734 0.6814482 0.6874157 0.2831494 0.681522 0.6747995 -0.04311376 0.4514214 0.8912687 -0.07564634 0.6052204 0.7924556 -0.1105151 0.5335433 0.8385214 -0.1105157 0.5335379 0.8385247 -0.1105151 0.5335311 0.8385291 -0.1198847 0.7188023 0.6848 -0.04708719 0.7404855 0.6704208 -0.05786627 0.7567313 0.6511599 0.04472041 0.7795646 0.6247234 0.04481536 0.779433 0.6248807 0.1880792 0.796353 0.5748463 0.2024747 0.7766529 0.5965018 0.2707378 0.7783393 0.5664708 0.295159 0.7434244 0.6001678 0.2478243 0.743148 0.6215418 0.2593447 0.6642181 0.7011097 0.2157696 0.6619761 0.717796 0.002642691 0.1968369 0.9804327 0.002642512 0.1968376 0.9804326 0.02327555 0.2128437 0.976809 0.01800817 0.2170418 0.9759962 0.03615838 0.2201297 0.9748003 0.01743352 0.2440767 0.9695993 0.05212455 0.2503818 0.966743 0.01686656 0.2698633 0.9627509 0.06978708 0.2798509 0.9575037 0.01594519 0.3100429 0.9505888 0.03726404 0.3024408 0.9524395 0.323475 0.845851 0.4241465 0.3420563 0.8432148 0.4147123 0.3294299 0.8300139 0.4500588 0.3306766 0.8298611 0.4494259 0.2951387 0.7657296 0.571447 0.2990178 0.7655151 0.5697148 0.1865574 0.4560779 0.8701662 0.1851126 0.4803967 0.8572937 0.1205806 0.4720609 0.8732806 0.1308732 0.4008383 0.906753 0.08817708 0.3940575 0.9148463 0.09895741 0.351864 0.9308057 0.07160758 0.3469297 0.9351536 0.0800141 0.3242011 0.9425982 0.05125635 0.3191121 0.94633 0.05926179 0.2998372 0.952148 0.03294295 0.2952264 0.9548592 0.04065281 0.2627318 0.9640122 0.02057355 0.2593815 0.9655559 0.02625548 0.2362303 0.9713424 0.01389211 0.2342631 0.972074 0.01776522 0.2251914 0.9741526 0.002011954 0.2227072 0.9748834 0.003863334 0.2127872 0.977091 -0.04282021 0.4126527 0.9098815 0.006324589 0.1910996 0.9815503 0.0441485 0.507003 0.860813 0.06786614 0.4399011 0.8954783 0.03123056 0.4327049 0.9009945 0.05133813 0.3678644 0.9284612 0.006831228 0.3534768 0.9354184 0.02286708 0.3315721 0.9431527 0.002807736 0.3275122 0.9448429 0.0166884 0.3015033 0.9533191 -0.001760482 0.2977373 0.9546463 0.01649355 0.3004091 0.9536679 0.02020186 0.3011468 0.9533638 0.003126323 0.1735578 0.9848188 0.003127455 0.1735547 0.9848193 0.003693759 0.1702702 0.9853906 -0.008559763 0.2075775 0.9781811 -0.005270659 0.3898401 0.9208676 -0.03085094 0.5017719 0.8644497 -0.01273703 0.5076052 0.8614957 -0.04346674 0.5310775 0.8462077 0.04193454 0.5402292 0.8404725 0.04724526 0.532616 0.8450374 0.04117584 0.5311306 0.8462889 0.04556268 0.5210362 0.8523177 0.04651796 0.5202523 0.8527448 0.04651796 0.5202524 0.8527448 0.04557508 0.5211151 0.8522688 0.08538353 0.5152309 0.8527877 0.03618735 0.2807942 0.9590857 0.03618681 0.2807958 0.9590851 0.01942569 0.2607648 0.9652069 0.01704305 0.2616481 0.9650129 0.005731344 0.2616837 0.9651367 0.01735621 0.2476012 0.9687066 0.00587517 0.2453673 0.9694125 0.01809889 0.2127803 0.9769325 0.00616306 0.2106138 0.97755 0.01887202 0.1749054 0.9844044 0.002774775 0.1905022 0.9816829 -0.001974463 0.6759778 -0.7369194 -0.003861308 0.890942 -0.454101 -0.0599206 0.6808041 -0.7300106 -0.02580934 -0.07054024 -0.997175 -0.02539283 -0.09610313 -0.9950475 -0.06960672 0.1593993 -0.9847573 -0.04583072 0.4035887 -0.913792 -0.1301109 0.9057847 -0.4032683 -0.135523 0.7479549 -0.6497669 -0.09511655 0.5372405 -0.8380486 -0.1322477 0.7490231 -0.649211 -0.1321343 0.7427446 -0.6564077 -0.1355316 0.7479621 -0.6497569 -0.1355192 0.7478656 -0.6498705 -0.09215688 0.3981698 -0.9126708 -0.1161857 0.4184826 -0.9007626 -0.1178434 0.421692 -0.8990489 -0.1372403 0.5207787 -0.8425881 -0.07431 0.5018591 -0.8617514 -0.09217303 0.3981519 -0.912677 -0.09216564 0.3981685 -0.9126704 0.06011462 0.5991191 -0.7984001 6.49319e-4 0.3836051 -0.9234971 6.75809e-4 0.3836826 -0.9234648 6.42429e-4 0.3836806 -0.9234656 0.1400074 0.4580627 -0.877825 0.1400082 0.4580651 -0.8778235 0.1053963 0.4213085 -0.9007724 0.1054159 0.4213086 -0.9007701 0.1392355 0.4345347 -0.8898276 0.123483 0.3938673 -0.9108351 0.07441073 0.4880506 -0.8696377 0.07446956 0.4880581 -0.8696285 0.07446932 0.4880583 -0.8696284 0.07446932 0.4880583 -0.8696284 0.1010209 0.4876314 -0.8671854 0.07849586 0.4154506 -0.9062225 0.07852429 0.4154478 -0.9062214 0.01382023 0.4239189 -0.9055948 0.05380177 0.5337861 -0.8439064 0.01118367 0.53731 -0.8433107 0.01112204 0.5373013 -0.8433171 -0.005065679 0.5014426 -0.8651761 0.001622378 0.4811949 -0.8766123 0.001315057 0.4802881 -0.8771099 0.00846821 0.461567 -0.887065 0.007930576 0.4054555 -0.9140805 0.007869124 0.4054571 -0.9140803 -0.002314865 0.4082406 -0.9128715 0.00847423 0.4615596 -0.8870688 0.008508682 0.461571 -0.8870625 -0.07594621 0.1386201 -0.9874293 0.002209126 0.2879315 -0.9576485 0.002211034 0.2879316 -0.9576485 -0.03414642 0.1654587 -0.9856254 -0.03923338 0.1704241 -0.9845895 -0.03923308 0.1704078 -0.9845924 0.1162349 0.1088891 -0.9872349 0.1162806 0.1088997 -0.9872283 0.1162409 0.1088891 -0.9872342 0.1160595 0.1088486 -0.9872599 0.1160592 0.1088484 -0.98726 0.1160588 0.1088483 -0.9872601 0.1170039 0.1089778 -0.9871342 0.116995 0.1089773 -0.9871353 0.1170077 0.1089785 -0.9871338 -0.03759771 0.07984954 -0.9960977 -0.02771413 0.1334542 -0.9906674 -0.02771425 0.1334542 -0.9906674 -0.02771437 0.1334542 -0.9906674 -0.02779495 0.133316 -0.9906838 -0.0696119 0.1594004 -0.9847567 -0.02774536 0.1333373 -0.9906824 -0.0277453 0.1333373 -0.9906823 -0.02774536 0.1333373 -0.9906823 -0.0259878 0.1384327 -0.9900309 -0.02832216 0.1383845 -0.9899736 -0.1262284 0.1121302 -0.9856436 -0.04461973 -0.1607791 -0.9859814 -0.04465264 -0.1607778 -0.98598 -0.05167382 -0.1270824 -0.9905452 -0.03800213 -0.08946979 -0.9952643 -0.07137489 -0.1454236 -0.9867916 -0.02139651 -0.09609746 -0.995142 -0.02686703 -0.130497 -0.9910846 -0.04461675 -0.1607731 -0.9859825 -0.02083259 -0.07054579 -0.997291 -0.025936 -0.09694379 -0.9949519 -0.02537214 -0.09608411 -0.9950498 -0.006948173 -0.03211492 -0.9994601 0.04531615 0.1054688 -0.9933896 -0.02034217 0.132952 -0.9909138 -0.006997644 -0.03217113 -0.9994579 -0.02110248 -0.04453158 -0.9987851 -0.01686131 -0.04455852 -0.9988645 -0.02034014 -0.06417441 -0.9977314 -0.02579414 -0.07052785 -0.9971762 -0.03959065 0.3766484 -0.9255099 -0.03956866 0.3766493 -0.9255105 0.04715061 0.3263806 -0.9440618 -0.02033036 0.1329408 -0.9909155 -0.0203191 0.1329528 -0.9909141 -0.0395658 0.3766712 -0.9255017 0.02184462 0.5111265 -0.859228 -0.05022686 0.5796959 -0.8132834 -0.01054084 0.8675797 -0.4971864 -0.03783762 0.7722299 -0.6342156 -0.05904716 0.7512822 -0.6573344 -0.05908465 0.8749298 -0.4806319 -0.05908459 0.8749297 -0.4806318 -0.05908471 0.8749298 -0.4806319 -0.05990833 0.6809758 -0.7298514 -0.06273335 0.8538656 -0.5166993 -0.05701625 0.8658556 -0.4970346 -0.05698096 0.8658667 -0.4970192 -0.1062823 0.8640837 -0.4919996 -0.08157217 0.9013945 -0.4252458 -0.1319271 0.8818036 -0.4527888 -0.1189257 0.9697341 -0.2132425 -0.1189257 0.9697342 -0.2132425 -0.1189257 0.9697342 -0.2132425 -0.1424985 0.5186064 -0.8430549 -0.1182529 0.6475472 -0.7527942 -0.07190537 0.6513786 -0.7553381 -0.1372368 0.5207219 -0.8426238 -0.1417192 0.5067923 -0.8503395 -0.07450175 0.5118566 -0.8558343 -0.06968379 0.5288073 -0.8458766 0.06174731 0.5325678 -0.844132 -0.06960666 0.159397 -0.9847577 -0.05831372 0.1833437 -0.9813178 -0.127929 0.1807645 -0.975171 -0.07802575 0.2332773 -0.9692749 -0.06930047 0.2336165 -0.9698561 -0.04437166 0.2837622 -0.9578676 -0.01339626 0.2847321 -0.9585135 -0.001299858 0.3314006 -0.9434893 -0.008708059 0.3312024 -0.9435197 0.002328157 0.3713779 -0.9284789 -0.01315659 0.3709313 -0.9285671 -0.004940927 0.3993085 -0.9168034 0.06769001 0.4003676 -0.9138512 0.05994009 0.3861857 -0.9204716 0.099981 0.386009 -0.917061 0.106985 0.3995432 -0.9104502 0.0963512 0.3997002 -0.9115681 0.03262805 0.7553101 -0.6545548 -0.07624262 0.7514361 -0.655386 -0.07487946 0.8613037 -0.5025426 -0.155549 0.852246 -0.4994811 -0.1487789 0.9332211 -0.3270527 -0.1301599 0.9057783 -0.4032669 -0.116629 0.9025765 -0.4144314 -0.1199939 0.773432 -0.6224182 -0.07064801 0.7779334 -0.6243627 -0.06998383 0.6571344 -0.7505176 0.03645539 0.6607765 -0.749697 0.07169991 0.5656893 -0.8214955 0.129001 0.5639202 -0.8156915 0.1356633 0.4346167 -0.8903392 0.1392273 0.4345281 -0.889832 -0.05987137 0.6808007 -0.7300178 -0.05990475 0.6810254 -0.7298054 -0.05990469 0.6810254 -0.7298054 -0.05990475 0.6810254 -0.7298054 -0.06873166 0.7507581 -0.6569918 0.008124232 0.5805881 -0.814157 0.002555191 0.67603 -0.7368698 -0.1485707 0.9332528 -0.3270568 -0.08307582 0.9370591 -0.3391441 -0.08901381 0.809616 -0.5801711 -9.48933e-4 0.814239 -0.5805292 0.02520203 0.7082236 -0.7055383 0.08186626 0.7070903 -0.7023683 0.09487658 0.5057393 -0.8574535 0.1202837 0.5050175 -0.8546866 0.1264278 0.4190183 -0.8991329 0.1233133 0.4190712 -0.8995406 -0.1188048 0.9697144 -0.2133998 -0.04520976 0.9758079 -0.2139045 -0.04935073 0.8004382 -0.5973805 0.03884422 0.801872 -0.596232 0.05236637 0.6011201 -0.7974413 0.03092318 0.6012785 -0.7984409 0.08850955 0.5118303 -0.854515 0.02961897 0.3828558 -0.9233332 0.1002359 0.3820648 -0.9186835 0.05021929 0.26592 -0.9626862 0.07250243 0.2658607 -0.9612812 0.04284834 0.1987628 -0.9791105 -0.01333105 0.1981413 -0.9800829 -0.01922965 0.1727871 -0.9847714 -0.008318901 0.1729868 -0.9848891 -0.02272552 0.1119939 -0.9934491 -0.01221793 0.1121726 -0.9936137 -0.02402013 0.06181585 -0.9977986 -0.06627422 0.06109398 -0.9959294 -0.05796653 0.07880944 -0.995203 -0.07974714 0.07835441 -0.9937309 -0.07140362 -0.1454223 -0.9867898</float_array>
          <technique_common>
            <accessor source="#EPP1045_A-mesh-normals-array" count="5809" stride="3">
              <param name="X" type="float"/>
              <param name="Y" type="float"/>
              <param name="Z" type="float"/>
            </accessor>
          </technique_common>
        </source>
        <vertices id="EPP1045_A-mesh-vertices">
          <input semantic="POSITION" source="#EPP1045_A-mesh-positions"/>
        </vertices>
        <triangles count="3839">
          <input semantic="VERTEX" source="#EPP1045_A-mesh-vertices" offset="0"/>
          <input semantic="NORMAL" source="#EPP1045_A-mesh-normals" offset="1"/>
          <p>0 0 1 0 2 0 3 1 4 1 5 1 6 2 7 2 8 2 9 3 10 3 11 3 12 4 13 4 14 4 15 5 16 5 17 5 17 6 18 6 15 6 15 7 18 7 19 7 15 8 19 8 20 8 21 9 22 9 23 9 21 10 23 10 15 10 15 11 23 11 24 11 15 12 24 12 16 12 25 13 26 13 27 13 27 14 26 14 28 14 27 15 28 15 21 15 21 16 28 16 29 16 21 17 29 17 22 17 14 18 13 18 27 18 27 19 13 19 30 19 27 20 30 20 25 20 12 21 14 21 31 21 31 22 14 22 32 22 31 23 32 23 33 23 34 24 35 25 36 26 36 27 35 27 37 27 36 28 37 28 32 28 32 29 37 29 38 29 32 30 38 30 33 30 39 31 40 31 36 31 36 32 40 32 41 32 36 33 41 33 34 33 42 34 43 34 44 34 44 35 43 35 45 35 45 36 46 36 44 36 44 37 46 37 47 37 44 38 47 38 39 38 39 39 47 39 48 39 39 40 48 40 40 40 49 41 50 41 51 41 52 42 53 42 54 42 11 43 55 43 56 43 57 44 58 45 10 46 10 47 58 48 59 49 10 50 59 51 60 52 60 53 61 54 10 55 10 56 61 57 62 58 10 59 62 59 63 59 63 60 64 60 10 60 10 61 64 62 65 63 10 64 65 64 11 64 11 65 65 65 66 65 11 66 66 66 55 66 67 67 68 67 69 67 69 68 68 68 70 68 69 69 70 69 71 69 72 70 73 70 74 70 72 71 74 71 75 71 75 72 74 72 76 72 75 73 76 73 77 73 78 74 79 74 76 74 76 75 79 75 80 75 76 76 80 76 77 76 81 77 82 77 83 77 83 78 82 78 84 78 83 79 84 79 85 79 85 80 84 80 86 80 87 81 88 81 89 81 89 82 88 83 90 84 89 85 90 85 91 85 92 86 93 86 94 86 94 87 93 87 95 87 94 88 95 88 96 88 97 89 98 89 99 89 99 90 98 90 100 90 99 91 100 91 95 91 95 92 100 92 101 92 95 93 101 93 96 93 102 94 103 94 104 94 104 95 103 95 105 95 3 96 5 96 106 96 71 97 107 97 69 97 69 98 107 98 108 98 69 99 108 99 109 99 1 100 0 100 103 100 103 101 0 101 110 101 103 102 110 102 105 102 105 103 110 103 8 103 105 104 8 104 111 104 111 105 8 105 7 105 111 106 7 107 112 108 92 109 87 109 93 109 93 110 87 110 89 110 93 111 89 111 113 111 113 112 89 112 91 112 113 113 91 113 114 113 102 114 115 115 103 116 103 117 115 117 97 117 103 118 97 118 1 118 1 119 97 119 99 119 1 120 99 120 2 120 2 121 99 121 95 121 2 122 95 122 116 122 116 123 95 123 93 123 116 124 93 124 85 124 85 125 93 125 113 125 85 126 113 126 83 126 83 127 113 127 114 127 83 128 114 128 81 128 117 129 106 129 118 129 118 130 106 130 5 130 118 131 5 131 119 131 119 132 5 132 120 132 119 133 120 133 121 133 20 134 117 134 15 134 15 135 117 135 118 135 15 136 118 136 21 136 21 137 118 137 119 137 21 138 119 138 27 138 27 139 119 139 121 139 27 140 121 140 14 140 14 141 121 141 122 141 14 142 122 142 32 142 32 143 122 143 123 143 32 144 123 144 36 144 36 145 123 145 124 145 36 146 124 146 39 146 107 147 125 147 108 147 108 148 125 148 9 148 108 149 9 149 109 149 109 150 9 150 11 150 109 151 11 151 126 151 126 152 11 152 56 152 126 153 56 153 127 153 127 154 52 154 126 154 126 155 52 155 54 155 126 156 54 156 109 156 109 157 54 157 128 157 109 158 128 158 69 158 69 159 128 159 74 159 69 160 74 160 67 160 67 161 74 161 73 161 53 162 50 162 54 162 54 163 50 163 49 163 54 164 49 164 128 164 128 165 49 165 129 165 128 166 129 166 74 166 74 167 129 167 130 167 74 168 130 168 76 168 76 169 130 169 85 169 76 170 85 170 78 170 78 171 85 171 86 171 51 172 42 172 49 172 49 173 42 173 44 173 49 174 44 174 129 174 129 175 44 175 39 175 129 176 39 176 130 176 130 177 39 177 124 177 130 178 124 178 85 178 85 179 124 179 123 179 85 180 123 180 116 180 116 181 123 181 122 181 116 182 122 182 2 182 2 183 122 183 121 183 2 184 121 184 0 184 0 185 121 185 120 185 0 186 120 186 110 186 110 187 120 187 5 187 110 188 5 188 8 188 8 189 5 189 4 189 8 190 4 190 6 190 131 191 132 191 133 191 134 192 135 192 136 192 137 193 138 193 139 193 140 194 141 194 133 194 142 195 143 196 144 197 144 198 143 198 145 198 138 199 137 199 144 199 146 200 147 200 137 200 137 201 147 201 148 201 137 202 148 202 144 202 144 203 148 203 149 203 144 204 149 204 142 204 150 205 151 205 137 205 137 206 151 206 152 206 137 207 152 208 146 209 150 210 153 210 154 210 154 211 153 211 155 211 154 212 155 212 156 212 156 213 155 213 157 213 141 214 158 214 133 214 133 215 158 216 159 217 133 218 159 218 155 218 155 219 159 219 160 219 155 220 160 220 157 220 161 221 162 221 163 221 163 222 162 222 164 222 163 223 164 223 165 223 165 224 164 224 166 224 165 225 166 225 133 225 133 226 166 226 167 226 133 227 167 228 140 229 134 230 168 230 169 230 170 231 171 231 172 231 172 232 171 232 173 232 172 233 173 233 134 233 134 234 173 235 174 236 134 237 174 237 168 237 170 238 172 239 175 240 175 241 172 242 176 243 175 244 176 244 177 244 177 245 176 245 178 245 178 246 176 246 179 246 178 247 179 247 180 247 181 248 182 248 183 248 134 249 136 249 172 249 172 250 136 250 181 250 172 251 181 252 176 253 176 254 181 254 183 254 176 255 183 256 179 257 184 258 136 258 185 258 185 259 136 259 135 259 185 260 135 260 186 260 169 261 161 261 134 261 134 262 161 262 163 262 134 263 163 263 135 263 135 264 163 264 165 264 135 265 165 265 186 265 132 266 187 266 133 266 133 267 187 267 188 267 133 268 188 268 165 268 165 269 188 269 189 269 165 270 189 270 186 270 190 271 191 271 192 271 192 272 191 272 193 272 194 273 144 274 195 275 195 276 144 276 145 276 195 277 145 277 196 277 194 278 191 279 144 280 144 281 191 282 190 281 144 283 190 283 138 283 138 284 190 285 197 286 138 287 197 287 198 287 198 288 199 288 138 288 138 289 199 289 200 289 138 290 200 290 139 290 139 291 200 291 201 291 139 292 201 292 202 292 150 293 137 293 153 293 153 294 137 294 139 294 153 295 139 295 155 295 155 296 139 296 202 296 155 297 202 297 203 297 204 298 205 298 206 298 184 299 207 299 136 299 136 300 207 300 208 300 136 301 208 301 181 301 181 302 208 303 209 304 181 305 209 305 204 305 204 306 206 306 181 306 181 307 206 307 210 307 181 308 210 309 182 310 203 311 211 311 155 311 155 312 211 312 212 312 155 313 212 313 133 313 133 314 212 314 213 314 133 315 213 315 131 315 214 316 215 316 216 316 217 317 218 317 219 317 219 318 218 318 220 318 219 319 220 319 221 319 221 320 220 320 222 320 223 321 224 321 222 321 222 322 224 322 225 322 222 323 225 323 221 323 226 324 227 324 228 324 228 325 227 325 229 325 228 326 229 326 230 326 230 327 229 327 231 327 230 328 231 328 232 328 232 329 231 330 233 331 232 332 233 332 234 332 234 333 233 333 235 333 234 334 235 334 236 334 217 335 237 335 218 335 218 336 237 336 238 336 218 337 238 337 239 337 239 338 238 338 226 338 239 339 226 339 240 339 240 340 226 340 228 340 241 341 214 341 242 341 242 342 214 342 216 342 242 343 216 343 243 343 244 344 245 344 216 344 216 345 245 345 246 345 216 346 246 346 243 346 247 347 188 347 187 347 132 348 248 348 187 348 187 349 248 349 249 349 187 350 249 350 247 350 247 351 249 351 250 351 247 352 250 352 251 352 251 353 250 353 252 353 251 354 252 354 253 354 253 355 252 355 254 355 253 356 254 356 223 356 223 357 254 357 255 357 223 358 255 358 224 358 236 359 256 359 234 359 234 360 256 360 257 360 234 361 257 361 258 361 258 362 257 362 259 362 258 363 259 363 260 363 260 364 259 364 261 364 260 365 261 365 244 365 244 366 261 366 262 366 244 367 262 367 245 367 263 368 264 368 265 368 266 369 267 370 268 371 269 372 270 372 267 372 271 373 272 373 273 373 274 374 275 374 276 374 277 375 278 376 279 377 280 378 281 378 282 378 283 379 284 380 277 381 277 382 284 383 285 384 277 385 285 386 278 387 286 388 215 388 214 388 241 389 287 389 288 389 288 390 287 390 289 390 288 391 289 391 290 391 291 392 292 392 293 392 293 393 292 393 294 393 293 394 294 394 295 394 295 395 294 395 296 395 295 396 296 396 297 396 274 397 276 397 298 397 299 398 300 398 301 398 301 399 300 399 302 399 301 400 302 400 303 400 304 401 299 401 305 401 303 402 306 402 301 402 301 403 306 403 307 403 301 404 307 404 308 404 263 405 265 405 309 405 305 406 299 406 310 406 310 407 299 407 301 407 310 408 301 408 265 408 265 409 301 409 308 409 265 410 308 410 309 410 266 411 311 411 267 411 267 412 311 412 291 412 267 413 291 413 269 413 312 414 313 414 283 414 283 415 313 416 314 417 283 418 314 419 284 420 283 421 282 421 276 421 276 422 282 423 281 424 276 425 281 426 298 427 312 428 283 429 315 430 315 431 283 431 276 431 315 432 276 432 316 432 316 433 276 433 275 433 316 434 275 435 304 436 304 437 275 438 271 439 304 440 271 441 299 442 299 443 271 443 273 443 299 444 273 444 300 444 317 445 318 445 319 445 319 446 318 446 320 446 305 447 321 447 304 447 304 448 321 448 322 448 304 449 322 449 316 449 316 450 322 450 319 450 316 451 319 451 315 451 315 452 319 452 320 452 315 453 320 454 312 455 266 456 323 456 311 456 311 457 323 457 324 457 311 458 324 458 291 458 291 459 324 459 325 459 291 460 325 460 292 460 296 461 326 461 297 461 297 462 326 462 327 462 297 463 327 463 328 463 328 464 327 464 329 464 328 465 329 465 330 465 330 466 329 466 331 466 330 467 331 467 288 467 288 468 331 468 286 468 288 469 286 469 241 469 241 470 286 470 214 470 290 471 317 471 288 471 288 472 317 472 319 472 288 473 319 473 330 473 330 474 319 474 322 474 330 475 322 475 328 475 328 476 322 476 321 476 328 477 321 477 297 477 297 478 321 478 305 478 297 479 305 479 295 479 295 480 305 480 310 480 295 481 310 481 293 481 293 482 310 482 265 482 293 483 265 483 291 483 291 484 265 484 264 484 291 485 264 485 269 485 332 486 333 486 334 486 335 487 198 487 197 487 336 488 337 489 338 490 339 491 340 491 341 491 342 492 343 492 344 492 345 493 346 493 347 493 348 494 349 494 350 494 351 495 352 495 353 495 354 496 355 496 356 496 354 497 356 497 357 497 357 498 356 499 358 500 358 501 356 502 359 503 358 504 359 505 279 506 352 507 348 507 353 507 353 508 348 508 350 508 353 509 350 509 360 509 360 510 350 510 361 510 362 511 363 512 364 513 364 514 363 515 365 516 366 517 367 517 368 517 369 518 370 518 371 518 371 519 370 519 372 519 371 520 372 520 366 520 366 521 372 521 373 521 366 522 373 522 367 522 367 523 373 523 362 523 367 524 362 524 368 524 368 525 362 526 364 527 368 528 364 528 366 528 374 529 375 529 376 529 376 530 375 530 377 530 377 531 192 532 193 533 364 534 378 535 366 536 366 537 378 537 376 538 366 539 376 539 371 539 371 540 376 540 377 540 371 541 377 541 369 541 369 542 377 542 193 542 345 543 379 543 380 543 363 544 351 544 365 544 365 545 351 545 353 545 365 546 353 547 381 548 381 549 353 549 360 549 381 550 360 550 382 550 382 551 360 551 361 551 382 552 361 552 383 552 384 553 342 553 385 553 385 554 342 554 344 554 385 555 344 555 386 555 386 556 344 556 379 556 387 557 340 558 388 559 388 560 340 560 339 560 388 561 339 561 389 561 390 562 389 563 391 564 391 565 389 566 339 567 391 568 339 569 392 570 392 571 339 572 341 573 392 574 341 575 393 576 394 577 395 578 396 579 396 580 395 580 397 580 396 581 397 582 398 583 398 584 397 585 399 586 400 587 401 587 402 587 402 588 401 589 403 590 402 591 403 592 404 593 405 594 406 595 407 596 407 597 406 598 408 599 407 600 408 601 409 602 410 603 411 604 412 605 412 606 411 607 413 608 414 609 415 610 405 611 405 612 415 613 416 614 405 615 416 616 406 617 417 618 418 619 419 620 419 621 418 622 420 623 419 624 420 625 421 626 421 627 420 628 422 629 422 630 420 631 337 632 422 633 337 634 423 635 423 636 337 637 336 638 423 639 336 639 413 639 413 640 336 641 338 642 413 643 338 644 412 645 404 646 424 647 393 648 393 649 424 650 425 651 393 652 425 653 392 654 392 655 425 656 426 657 392 658 426 659 391 660 391 661 426 662 427 663 391 664 427 664 390 664 347 665 346 665 428 665 345 666 380 666 346 666 346 667 380 668 429 669 346 670 429 671 428 672 379 673 344 673 380 673 380 674 344 675 343 676 380 677 343 677 429 677 429 678 343 678 430 679 429 680 430 681 428 682 431 683 432 684 433 685 433 686 432 686 434 686 384 687 387 688 342 689 342 690 387 691 388 692 342 693 388 694 343 695 343 696 388 697 389 698 343 699 389 700 430 701 430 702 389 702 390 702 430 703 390 703 428 703 428 704 390 704 427 704 428 705 427 706 435 707 436 708 437 708 374 708 374 709 437 709 438 709 435 710 439 710 428 710 428 711 439 711 440 711 428 712 440 712 441 712 404 713 393 714 402 715 402 716 393 717 341 718 402 719 341 720 400 721 400 722 341 722 340 722 400 723 340 724 442 725 442 726 340 727 387 728 442 729 387 730 383 731 383 732 387 733 384 734 383 735 384 736 382 737 382 738 384 739 385 740 382 741 385 741 381 741 381 742 385 742 386 742 381 743 386 743 365 743 365 744 386 744 379 744 365 745 379 746 364 747 364 748 379 749 345 750 364 751 345 752 378 753 378 754 345 755 347 756 378 757 347 758 376 759 376 760 347 760 428 760 376 761 428 761 374 761 374 762 428 762 441 762 374 763 441 763 436 763 433 764 443 764 431 764 431 765 443 766 418 767 431 768 418 768 444 768 444 769 418 769 417 769 445 770 446 771 356 772 356 773 446 774 447 775 356 776 447 777 359 778 448 779 356 779 332 779 449 780 450 780 451 780 451 781 450 782 452 783 451 784 452 785 453 786 333 787 454 787 334 787 334 788 454 788 455 788 334 789 455 790 456 791 456 792 455 793 451 794 456 795 451 796 394 797 394 798 451 798 453 798 394 799 453 799 395 799 398 800 457 801 396 802 396 803 457 804 458 805 396 806 458 807 394 808 394 809 458 809 459 809 394 810 459 810 456 810 456 811 459 811 460 811 456 812 460 813 334 814 334 815 460 815 461 815 445 816 356 817 462 818 462 819 356 819 448 819 462 820 448 821 463 822 463 823 448 823 464 823 463 824 464 824 465 824 465 825 464 825 466 825 465 826 466 827 467 828 332 829 334 830 448 831 448 832 334 832 461 832 448 833 461 833 464 833 464 834 461 834 468 834 464 835 468 836 466 837 459 838 469 838 470 838 459 839 470 839 460 839 460 840 470 840 471 840 460 841 471 841 461 841 461 842 471 842 472 842 461 843 472 843 468 843 473 844 474 844 335 844 335 845 474 845 475 845 199 846 198 846 476 846 476 847 198 847 335 847 476 848 335 849 477 850 477 851 335 852 475 853 438 854 473 854 374 854 374 855 473 855 335 855 374 856 335 856 375 856 375 857 335 857 197 857 375 858 197 859 377 858 377 860 197 861 190 862 377 863 190 863 192 863 415 864 399 864 416 864 416 865 399 866 397 867 416 868 397 869 406 870 406 871 397 872 395 873 406 874 395 875 408 876 408 877 395 878 453 879 408 880 453 881 409 882 409 883 453 884 452 885 409 886 452 887 478 888 478 889 452 890 479 891 480 892 481 893 410 894 410 895 481 896 482 897 410 898 482 898 411 898 411 899 482 899 483 899 411 900 483 900 413 900 413 901 483 902 484 903 413 904 484 905 423 906 433 907 485 908 443 909 443 910 485 911 486 912 443 913 486 914 418 915 418 916 486 917 487 918 418 919 487 920 420 921 420 922 487 923 414 924 420 925 414 926 337 927 337 928 414 929 405 930 337 931 405 931 338 931 338 932 405 932 407 932 338 933 407 934 412 935 412 936 407 937 409 938 412 939 409 939 410 939 410 940 409 940 478 940 410 941 478 942 480 943 349 944 469 944 350 944 350 945 469 945 459 945 350 946 459 946 361 946 361 947 459 947 458 947 361 948 458 948 383 948 383 949 458 950 457 951 383 952 457 953 442 954 442 955 457 956 398 957 442 958 398 959 400 960 400 961 398 962 399 963 400 964 399 964 401 964 401 965 399 966 415 967 401 968 415 969 403 970 403 971 415 972 414 973 403 974 414 975 404 976 404 977 414 978 487 979 404 980 487 981 424 982 424 983 487 984 486 985 424 986 486 987 425 988 425 989 486 990 485 991 425 992 485 993 426 994 426 995 485 996 433 997 426 998 433 999 427 1000 427 1001 433 1002 434 1003 427 1004 434 1005 435 1006 488 1007 489 1007 490 1007 491 1008 467 1008 466 1008 492 1009 493 1009 494 1009 495 1010 496 1010 497 1010 497 1011 496 1011 498 1011 497 1012 498 1012 499 1012 498 1013 500 1013 499 1013 499 1014 500 1014 501 1014 499 1015 501 1015 502 1015 502 1016 501 1016 503 1016 502 1017 503 1017 504 1017 504 1018 503 1018 505 1018 504 1019 505 1019 506 1019 507 1020 488 1020 348 1020 506 1021 489 1021 504 1021 504 1022 489 1022 488 1022 504 1023 488 1023 502 1023 502 1024 488 1024 507 1024 502 1025 507 1025 499 1025 499 1026 507 1026 508 1026 499 1027 508 1027 497 1027 509 1028 510 1028 511 1028 512 1029 513 1030 514 1031 511 1032 370 1032 369 1032 515 1033 509 1033 516 1033 516 1034 509 1034 511 1034 516 1035 511 1035 517 1035 517 1036 511 1036 369 1036 517 1037 369 1037 193 1037 513 1038 518 1038 514 1038 514 1039 518 1039 519 1039 514 1040 519 1040 520 1040 510 1041 373 1041 511 1041 511 1042 373 1042 372 1042 511 1043 372 1043 370 1043 493 1044 495 1044 494 1044 494 1045 495 1045 497 1045 494 1046 497 1046 521 1046 521 1047 497 1047 508 1047 521 1048 508 1048 522 1048 522 1049 508 1049 507 1049 348 1050 352 1050 507 1050 507 1051 352 1051 351 1051 507 1052 351 1052 522 1052 522 1053 351 1053 363 1053 522 1054 363 1054 523 1054 523 1055 363 1055 362 1055 491 1056 466 1056 524 1056 525 1057 524 1057 526 1057 526 1058 524 1058 466 1058 526 1059 466 1059 527 1059 466 1060 468 1060 527 1060 527 1061 468 1061 472 1061 527 1062 472 1062 528 1062 529 1063 515 1063 520 1063 520 1064 515 1064 516 1064 520 1065 516 1065 514 1065 514 1066 516 1066 517 1066 514 1067 517 1067 512 1067 512 1068 517 1068 193 1068 519 1069 530 1070 520 1071 520 1072 530 1073 531 1074 520 1075 531 1075 529 1075 529 1076 531 1076 532 1076 529 1077 532 1077 533 1077 362 1078 373 1078 523 1078 523 1079 373 1079 510 1079 523 1080 510 1080 522 1080 522 1081 510 1081 509 1081 522 1082 509 1082 521 1082 521 1083 509 1083 515 1083 521 1084 515 1084 494 1084 494 1085 515 1085 529 1085 494 1086 529 1086 492 1086 492 1087 529 1087 533 1087 492 1088 533 1088 534 1088 472 1089 471 1089 528 1089 528 1090 471 1090 470 1090 528 1091 470 1091 490 1091 490 1092 470 1092 469 1092 490 1093 469 1093 488 1093 488 1094 469 1094 349 1094 488 1095 349 1095 348 1095 535 1096 525 1096 536 1096 536 1097 525 1097 526 1097 536 1098 526 1098 537 1098 537 1099 526 1099 527 1099 537 1100 527 1100 538 1100 538 1101 527 1101 528 1101 538 1102 528 1102 539 1102 539 1103 528 1103 490 1103 539 1104 490 1104 540 1104 540 1105 490 1105 489 1105 540 1106 489 1106 541 1106 541 1107 489 1107 506 1107 542 1108 266 1109 268 1110 543 1111 544 1112 545 1113 266 1114 546 1115 547 1116 548 1117 275 1117 274 1117 275 1118 548 1118 271 1118 359 1119 447 1120 446 1121 279 1122 549 1123 550 1124 551 1125 552 1126 279 1127 553 1128 554 1129 555 1130 556 1131 557 1132 558 1133 559 1134 560 1135 445 1136 445 1137 558 1138 561 1137 558 1139 445 1139 556 1139 556 1140 445 1141 462 1141 556 1142 462 1143 562 1144 562 1145 462 1146 463 1147 562 1148 463 1148 563 1148 463 1149 465 1149 563 1149 563 1150 465 1151 467 1152 563 1153 467 1153 564 1153 564 1154 467 1154 491 1154 564 1155 491 1155 565 1155 566 1156 567 1157 557 1158 280 1159 568 1160 569 1161 569 1162 568 1163 557 1164 570 1165 571 1165 572 1165 572 1166 571 1166 573 1166 572 1167 573 1167 574 1167 575 1168 274 1169 298 1170 576 1171 577 1171 575 1171 578 1172 575 1173 579 1174 579 1175 575 1175 298 1175 579 1176 298 1177 281 1178 574 1179 573 1179 580 1179 580 1180 573 1180 581 1180 580 1181 581 1181 582 1181 571 1182 583 1182 573 1182 573 1183 583 1183 584 1183 573 1184 584 1184 581 1184 581 1185 584 1185 585 1185 581 1186 585 1186 582 1186 582 1187 585 1188 578 1189 271 1190 586 1191 587 1192 588 1193 589 1193 590 1193 271 1194 548 1195 590 1196 590 1197 548 1198 591 1199 590 1200 591 1201 588 1202 592 1203 593 1203 594 1203 595 1204 596 1205 272 1206 587 1207 597 1207 271 1207 271 1208 587 1209 272 1210 272 1211 587 1212 586 1213 272 1214 586 1215 595 1216 595 1217 586 1218 271 1219 595 1220 271 1221 596 1222 596 1223 271 1224 598 1225 596 1226 598 1227 272 1228 272 1229 598 1230 599 1231 272 1232 599 1233 590 1234 590 1235 599 1236 600 1237 590 1238 600 1239 271 1240 271 1241 600 1242 599 1243 271 1244 599 1245 598 1246 274 1247 601 1248 602 1249 593 1250 588 1250 594 1251 594 1252 588 1253 591 1254 594 1255 591 1256 603 1257 603 1258 591 1259 548 1260 603 1261 548 1262 604 1263 604 1264 548 1264 274 1264 604 1265 274 1266 605 1267 583 1268 592 1268 584 1268 584 1269 592 1269 594 1269 584 1270 594 1270 585 1270 585 1271 594 1272 603 1273 585 1274 603 1275 578 1276 578 1277 603 1277 604 1277 578 1278 604 1279 575 1280 575 1281 604 1282 605 1281 575 1283 605 1283 576 1283 576 1284 605 1284 274 1284 576 1285 274 1285 577 1285 577 1286 274 1287 602 1288 577 1289 602 1290 575 1291 575 1292 602 1293 601 1294 575 1295 601 1296 606 1297 606 1298 601 1299 274 1300 606 1301 274 1302 607 1303 607 1304 274 1305 575 1306 607 1307 575 1308 606 1309 608 1310 609 1310 610 1310 610 1311 609 1311 611 1311 610 1312 611 1312 612 1312 612 1313 611 1313 613 1313 612 1314 613 1314 614 1314 614 1315 613 1315 615 1315 303 1316 616 1317 306 1318 306 1319 616 1320 617 1321 307 1322 618 1323 619 1324 620 1325 621 1326 622 1327 622 1328 621 1329 623 1330 624 1331 625 1332 622 1333 626 1334 627 1334 622 1334 628 1335 629 1336 309 1337 630 1338 631 1339 632 1340 633 1341 634 1342 635 1343 635 1344 634 1344 636 1344 630 1345 632 1345 637 1345 638 1346 639 1347 630 1348 307 1349 640 1349 641 1349 309 1350 308 1350 634 1350 634 1351 308 1351 307 1351 634 1352 307 1352 642 1352 643 1353 608 1353 644 1353 644 1354 608 1354 610 1354 644 1355 610 1355 645 1355 645 1356 610 1356 612 1356 645 1357 612 1357 646 1357 646 1358 612 1358 614 1358 646 1359 614 1360 636 1361 636 1362 614 1363 635 1364 635 1365 614 1366 647 1367 635 1368 647 1369 633 1370 633 1371 647 1372 648 1373 633 1374 648 1374 269 1374 649 1375 650 1376 614 1377 266 1378 651 1378 615 1378 615 1379 651 1379 652 1379 615 1380 652 1381 614 1382 270 1383 653 1384 654 1385 269 1386 655 1387 270 1388 270 1389 655 1390 656 1391 270 1392 656 1393 657 1394 269 1395 648 1395 655 1395 655 1396 648 1397 647 1398 655 1399 647 1399 656 1399 656 1400 647 1401 614 1402 656 1403 614 1404 657 1405 657 1406 614 1407 650 1408 657 1409 650 1410 270 1411 270 1412 650 1413 649 1414 270 1415 649 1416 653 1417 653 1418 649 1419 614 1420 653 1421 614 1422 654 1423 654 1424 614 1425 652 1426 654 1427 652 1428 270 1429 270 1430 652 1431 651 1432 270 1433 651 1433 267 1433 269 1434 264 1434 633 1434 633 1435 264 1435 263 1435 633 1436 263 1437 637 1438 637 1439 263 1440 309 1441 637 1442 309 1442 630 1442 630 1443 309 1444 658 1445 630 1446 658 1447 638 1448 638 1449 658 1450 309 1451 638 1452 309 1453 639 1454 639 1455 309 1456 629 1457 639 1458 629 1459 630 1460 630 1461 629 1462 628 1463 630 1464 628 1465 631 1466 631 1467 628 1468 309 1469 631 1470 309 1471 632 1472 632 1473 309 1474 634 1475 632 1476 634 1476 637 1476 637 1477 634 1478 633 1479 659 1480 660 1480 643 1480 661 1481 662 1481 663 1481 663 1482 662 1482 664 1482 663 1483 664 1483 546 1483 266 1484 665 1484 666 1484 666 1485 665 1485 667 1485 666 1486 667 1486 546 1486 546 1487 266 1487 666 1487 643 1488 660 1488 608 1488 608 1489 660 1489 668 1489 608 1490 668 1490 609 1490 609 1491 668 1491 669 1491 609 1492 669 1492 611 1492 611 1493 669 1493 670 1493 611 1494 670 1494 613 1494 613 1495 670 1495 671 1495 613 1496 671 1496 615 1496 615 1497 671 1497 266 1497 268 1498 267 1499 542 1500 542 1501 267 1501 651 1501 542 1502 651 1503 266 1504 672 1505 673 1506 674 1507 675 1508 545 1508 676 1508 676 1509 545 1509 544 1509 676 1510 544 1510 674 1510 674 1511 544 1512 677 1513 674 1514 677 1515 672 1516 678 1517 679 1518 545 1519 545 1520 679 1521 680 1522 545 1523 680 1524 543 1525 661 1526 663 1526 681 1526 681 1527 663 1527 682 1527 681 1528 682 1528 545 1528 545 1529 682 1529 683 1529 545 1530 683 1530 684 1530 684 1531 685 1531 545 1531 545 1532 685 1532 686 1532 545 1533 686 1533 678 1533 687 1534 688 1534 689 1534 689 1535 688 1535 690 1535 266 1536 691 1536 665 1536 665 1537 691 1537 692 1537 665 1538 692 1538 667 1538 667 1539 692 1539 693 1539 667 1540 693 1540 546 1540 546 1541 693 1541 694 1541 546 1542 694 1542 663 1542 663 1543 694 1543 689 1543 663 1544 689 1544 682 1544 682 1545 689 1545 690 1545 682 1546 690 1546 683 1546 695 1547 696 1547 659 1547 659 1548 696 1548 697 1548 697 1549 687 1549 659 1549 659 1550 687 1550 689 1550 659 1551 689 1551 660 1551 660 1552 689 1552 694 1552 660 1553 694 1553 668 1553 668 1554 694 1554 693 1554 668 1555 693 1555 669 1555 669 1556 693 1556 692 1556 669 1557 692 1557 670 1557 670 1558 692 1558 691 1558 670 1559 691 1559 671 1559 671 1560 691 1560 266 1560 491 1561 524 1561 565 1561 565 1562 524 1562 525 1562 565 1563 525 1563 698 1563 698 1564 525 1564 535 1564 698 1565 535 1565 699 1565 699 1566 695 1566 698 1566 698 1567 695 1567 570 1567 698 1568 570 1568 565 1568 565 1569 570 1569 572 1569 565 1570 572 1570 564 1570 564 1571 572 1571 574 1571 564 1572 574 1572 563 1572 563 1573 574 1573 580 1573 563 1574 580 1574 562 1574 562 1575 580 1575 582 1575 562 1576 582 1577 556 1578 556 1579 582 1580 578 1581 556 1582 578 1583 557 1584 557 1585 578 1585 579 1585 557 1586 579 1586 569 1586 569 1587 579 1588 281 1589 569 1590 281 1591 280 1592 280 1593 282 1594 700 1595 553 1596 557 1597 701 1598 701 1599 557 1600 567 1601 701 1602 567 1603 553 1604 553 1605 567 1606 566 1607 553 1608 566 1609 554 1610 554 1611 566 1612 557 1613 554 1614 557 1615 555 1616 555 1617 557 1618 568 1619 555 1620 568 1621 553 1622 553 1623 568 1624 280 1625 553 1626 280 1627 557 1628 557 1629 280 1630 700 1631 557 1632 700 1632 558 1632 700 1633 277 1633 558 1633 558 1634 277 1634 279 1634 558 1635 279 1636 561 1637 561 1638 279 1639 550 1640 561 1641 550 1642 445 1643 445 1644 550 1645 549 1646 445 1647 549 1648 559 1649 559 1650 549 1651 279 1652 559 1653 279 1654 560 1655 560 1656 279 1657 552 1658 560 1659 552 1660 445 1661 445 1662 552 1663 551 1664 445 1665 551 1665 446 1666 446 1667 551 1668 279 1669 446 1670 279 1671 359 1672 302 1673 300 1674 273 1675 695 1676 659 1676 570 1676 570 1677 659 1677 643 1677 570 1678 643 1678 571 1678 571 1679 643 1679 644 1679 571 1680 644 1680 583 1680 583 1681 644 1681 645 1681 583 1682 645 1682 592 1682 592 1683 645 1683 646 1683 592 1684 646 1684 593 1684 593 1685 646 1685 636 1685 593 1686 636 1687 588 1688 588 1689 636 1689 634 1689 588 1690 634 1690 622 1690 622 1691 634 1691 642 1691 622 1692 642 1692 626 1692 626 1693 642 1693 307 1693 626 1694 307 1694 627 1694 627 1695 307 1695 641 1695 627 1696 641 1696 622 1696 622 1697 641 1697 640 1697 622 1698 640 1698 624 1698 624 1699 640 1699 307 1699 624 1700 307 1701 625 1702 625 1703 307 1704 702 1705 625 1706 702 1707 622 1708 622 1709 702 1710 307 1711 622 1712 307 1713 703 1714 703 1715 307 1715 619 1715 703 1716 619 1716 622 1716 622 1717 619 1717 618 1717 622 1718 618 1719 620 1720 620 1721 618 1722 307 1723 620 1724 307 1725 621 1726 621 1727 307 1728 306 1729 621 1730 306 1731 623 1732 623 1733 306 1734 617 1735 623 1736 617 1737 622 1738 622 1739 617 1740 616 1741 622 1742 616 1742 588 1742 588 1743 616 1743 303 1743 588 1744 303 1744 589 1744 589 1745 303 1745 302 1745 589 1746 302 1747 590 1748 590 1749 302 1749 273 1749 590 1750 273 1750 272 1750 286 1751 331 1751 704 1751 326 1752 296 1752 705 1752 706 1753 266 1753 707 1753 681 1754 545 1755 708 1756 709 1757 710 1757 545 1757 711 1758 545 1758 675 1758 673 1759 712 1760 674 1761 674 1762 712 1763 713 1764 674 1765 713 1765 676 1765 676 1766 713 1767 714 1768 676 1769 714 1770 715 1771 675 1772 676 1773 711 1774 711 1775 676 1775 715 1775 711 1776 715 1776 545 1776 545 1777 715 1778 716 1779 545 1780 716 1780 709 1780 710 1781 717 1782 545 1783 545 1784 717 1784 718 1784 545 1785 718 1785 708 1785 661 1786 681 1786 719 1786 719 1787 681 1787 708 1787 719 1788 708 1788 720 1788 720 1789 708 1789 721 1789 720 1790 721 1790 704 1790 664 1791 662 1792 546 1793 546 1794 662 1795 266 1796 661 1797 719 1798 662 1799 662 1800 719 1801 266 1802 720 1803 707 1803 719 1803 719 1804 707 1804 266 1804 707 1805 722 1805 706 1805 706 1806 722 1806 325 1806 706 1807 325 1807 324 1807 705 1808 296 1808 723 1808 723 1809 296 1809 294 1809 723 1810 294 1810 292 1810 704 1811 724 1811 720 1811 720 1812 724 1812 705 1812 720 1813 705 1813 707 1813 707 1814 705 1814 723 1814 707 1815 723 1815 722 1815 722 1816 723 1816 292 1816 722 1817 292 1817 325 1817 704 1818 331 1818 724 1818 724 1819 331 1819 329 1819 724 1820 329 1820 705 1820 705 1821 329 1821 327 1821 705 1822 327 1822 326 1822 324 1823 323 1823 706 1823 706 1824 323 1824 266 1824 718 1825 725 1825 708 1825 708 1826 725 1826 726 1826 708 1827 726 1827 721 1827 721 1828 726 1828 727 1828 721 1829 727 1829 704 1829 704 1830 727 1830 728 1830 704 1831 728 1831 286 1831 286 1832 728 1832 729 1832 286 1833 729 1833 215 1833 727 1834 726 1834 730 1834 234 1835 731 1835 232 1835 232 1836 731 1836 732 1836 733 1837 239 1837 240 1837 733 1838 240 1838 734 1838 734 1839 240 1839 228 1839 734 1840 228 1840 732 1840 732 1841 228 1841 230 1841 732 1842 230 1842 232 1842 735 1843 736 1843 737 1843 737 1844 736 1844 738 1844 739 1845 736 1845 740 1845 740 1846 736 1846 735 1846 740 1847 735 1847 741 1847 741 1848 735 1848 742 1848 743 1849 744 1849 745 1849 745 1850 744 1850 746 1850 745 1851 746 1851 747 1851 747 1852 746 1852 748 1852 747 1853 748 1853 749 1853 749 1854 748 1854 750 1854 749 1855 750 1855 751 1855 751 1856 750 1856 752 1856 751 1857 752 1857 738 1857 738 1858 752 1858 753 1858 738 1859 753 1859 737 1859 754 1860 755 1860 756 1860 756 1861 755 1861 757 1861 756 1862 757 1862 758 1862 758 1863 757 1863 759 1863 743 1864 208 1864 744 1864 744 1865 208 1865 207 1865 744 1866 207 1866 184 1866 760 1867 761 1867 762 1867 762 1868 761 1868 763 1868 762 1869 763 1870 759 1871 759 1872 763 1872 764 1872 759 1873 764 1873 758 1873 765 1874 766 1874 767 1874 767 1875 766 1875 768 1875 767 1876 768 1877 760 1878 760 1879 768 1879 769 1879 760 1880 769 1880 761 1880 739 1881 765 1881 736 1881 736 1882 765 1882 767 1882 736 1883 767 1883 738 1883 738 1884 767 1884 760 1884 738 1885 760 1886 751 1887 751 1888 760 1889 762 1890 751 1891 762 1891 749 1891 749 1892 762 1892 759 1892 749 1893 759 1893 747 1893 747 1894 759 1895 757 1896 747 1897 757 1897 745 1897 745 1898 757 1898 755 1898 745 1899 755 1900 743 1901 770 1902 729 1902 728 1902 771 1903 772 1903 773 1903 773 1904 772 1904 774 1904 773 1905 774 1905 775 1905 775 1906 774 1906 776 1906 776 1907 774 1907 777 1907 776 1908 777 1908 778 1908 778 1909 777 1909 770 1909 778 1910 770 1910 730 1910 730 1911 770 1911 728 1911 730 1912 728 1912 727 1912 774 1913 244 1913 777 1913 777 1914 244 1914 216 1914 777 1915 216 1915 770 1915 770 1916 216 1916 215 1916 770 1917 215 1917 729 1917 754 1918 205 1918 755 1918 755 1919 205 1919 204 1919 755 1920 204 1921 743 1922 743 1923 204 1924 209 1925 743 1926 209 1926 208 1926 185 1927 186 1927 779 1927 779 1928 186 1928 189 1928 239 1929 733 1929 218 1929 218 1930 733 1930 780 1930 218 1931 780 1931 220 1931 220 1932 780 1932 781 1932 220 1933 781 1933 222 1933 222 1934 781 1934 782 1934 222 1935 782 1935 223 1935 223 1936 782 1936 783 1936 223 1937 783 1937 253 1937 253 1938 783 1938 784 1938 253 1939 784 1939 251 1939 251 1940 784 1940 779 1940 251 1941 779 1941 247 1941 247 1942 779 1942 189 1942 247 1943 189 1943 188 1943 771 1944 785 1944 786 1944 786 1945 785 1945 787 1945 786 1946 787 1946 788 1946 788 1947 787 1947 789 1947 788 1948 789 1948 742 1948 742 1949 789 1949 790 1949 742 1950 790 1950 741 1950 771 1951 786 1951 772 1951 772 1952 786 1952 258 1952 772 1953 258 1953 774 1953 774 1954 258 1954 260 1954 774 1955 260 1955 244 1955 184 1956 185 1956 744 1956 744 1957 185 1957 779 1957 744 1958 779 1958 746 1958 746 1959 779 1959 784 1959 746 1960 784 1960 748 1960 748 1961 784 1961 783 1961 748 1962 783 1962 750 1962 750 1963 783 1963 782 1963 750 1964 782 1964 752 1964 752 1965 782 1965 781 1965 752 1966 781 1966 753 1966 753 1967 781 1967 780 1967 753 1968 780 1968 737 1968 737 1969 780 1969 733 1969 737 1970 733 1970 735 1970 735 1971 733 1971 734 1971 735 1972 734 1972 742 1972 742 1973 734 1973 732 1973 742 1974 732 1974 788 1974 788 1975 732 1975 731 1975 788 1976 731 1976 786 1976 786 1977 731 1977 234 1977 786 1978 234 1978 258 1978 791 1979 792 1979 793 1979 794 1980 795 1980 796 1980 797 1981 798 1981 799 1981 799 1982 798 1982 180 1982 795 1983 800 1984 799 1983 800 1985 801 1986 799 1985 799 1987 801 1988 802 1989 799 1990 802 1990 797 1990 794 1991 796 1991 792 1991 791 1992 793 1992 803 1992 804 1993 805 1993 806 1993 806 1994 805 1994 807 1994 808 1995 809 1995 810 1995 811 1996 812 1997 813 1998 813 1999 812 1999 814 1999 814 2000 815 2000 813 2000 813 2001 815 2001 816 2001 813 2002 816 2002 804 2002 804 2003 816 2003 817 2003 804 2004 817 2004 805 2004 811 2005 813 2006 818 2007 818 2008 813 2008 819 2008 818 2009 819 2009 820 2009 821 2010 822 2010 819 2010 819 2011 822 2011 823 2011 819 2012 823 2012 820 2012 824 2013 825 2013 821 2013 821 2014 825 2014 826 2014 821 2015 826 2015 822 2015 191 2016 194 2017 824 2018 824 2019 194 2020 195 2021 196 2022 827 2023 195 2024 195 2025 827 2026 828 2027 195 2028 828 2028 824 2028 824 2029 828 2030 829 2031 824 2032 829 2032 825 2032 180 2033 179 2034 799 2035 799 2036 179 2037 183 2038 799 2039 183 2039 830 2040 807 2041 808 2041 806 2041 806 2042 808 2042 810 2042 806 2043 810 2043 793 2043 793 2044 810 2044 809 2044 793 2045 809 2045 803 2045 531 2046 530 2046 819 2046 819 2047 530 2048 519 2048 819 2049 519 2049 821 2049 821 2050 519 2050 518 2050 821 2051 518 2051 824 2051 531 2052 819 2052 532 2052 532 2053 819 2053 813 2053 532 2054 813 2054 533 2054 533 2055 813 2055 534 2055 534 2056 813 2056 804 2056 534 2057 804 2057 831 2057 183 2058 182 2058 830 2058 830 2059 182 2060 210 2061 830 2062 210 2063 206 2064 205 2065 832 2065 206 2065 206 2066 832 2067 833 2068 206 2069 833 2069 830 2069 830 2070 833 2070 834 2070 830 2071 834 2071 799 2071 833 2072 835 2072 834 2072 834 2073 835 2073 836 2073 834 2074 836 2074 837 2074 795 2075 799 2076 796 2076 796 2077 799 2077 834 2077 796 2078 834 2078 838 2078 838 2079 834 2079 837 2079 838 2080 837 2080 839 2080 839 2081 840 2081 838 2081 838 2082 840 2082 841 2082 838 2083 841 2083 842 2083 792 2084 796 2084 793 2084 793 2085 796 2085 838 2085 793 2086 838 2086 806 2086 806 2087 838 2087 842 2087 806 2088 842 2088 843 2088 193 2089 191 2089 512 2089 512 2090 191 2090 824 2090 512 2091 824 2092 513 2093 513 2094 824 2094 518 2094 843 2095 844 2095 806 2095 806 2096 844 2096 845 2096 806 2097 845 2097 804 2097 804 2098 845 2098 846 2098 804 2099 846 2099 831 2099 847 2100 848 2100 849 2100 850 2101 851 2101 852 2101 852 2102 851 2102 853 2102 853 2103 854 2103 852 2103 852 2104 854 2104 855 2104 852 2105 855 2106 856 2107 848 2108 857 2108 849 2108 849 2109 857 2109 858 2109 849 2110 858 2110 850 2110 850 2111 858 2111 859 2111 850 2112 859 2113 851 2114 847 2115 849 2115 860 2115 860 2116 849 2116 861 2116 860 2117 861 2117 862 2117 863 2118 864 2118 865 2118 865 2119 864 2119 866 2119 865 2120 866 2120 861 2120 861 2121 866 2121 867 2121 861 2122 867 2122 862 2122 868 2123 869 2124 870 2125 870 2126 869 2126 871 2126 868 2127 872 2127 869 2127 869 2128 872 2128 873 2128 869 2129 873 2129 874 2129 875 2130 876 2131 865 2132 877 2133 878 2134 879 2135 879 2136 878 2137 880 2138 879 2139 880 2139 865 2139 865 2140 880 2141 881 2142 865 2143 881 2144 875 2145 876 2146 882 2146 865 2146 865 2147 882 2148 883 2149 865 2150 883 2150 884 2150 884 2151 885 2151 865 2151 865 2152 885 2152 886 2152 865 2153 886 2153 863 2153 887 2154 888 2154 889 2154 889 2155 888 2155 890 2155 889 2156 890 2156 869 2156 869 2157 890 2157 891 2157 869 2158 891 2158 871 2158 887 2159 889 2159 892 2159 892 2160 889 2160 893 2160 892 2161 893 2161 894 2161 895 2162 896 2162 897 2162 897 2163 896 2163 898 2163 897 2164 898 2164 893 2164 893 2165 898 2165 899 2165 893 2166 899 2166 894 2166 895 2167 897 2167 900 2167 900 2168 897 2168 901 2168 900 2169 901 2169 902 2169 903 2170 904 2170 905 2170 905 2171 904 2171 906 2171 906 2172 907 2173 905 2174 905 2175 907 2176 908 2177 905 2178 908 2178 909 2178 909 2179 910 2180 905 2181 905 2182 910 2182 911 2182 905 2183 911 2183 912 2183 912 2184 913 2184 905 2184 905 2185 913 2186 914 2187 905 2188 914 2188 915 2188 915 2189 916 2189 905 2189 905 2190 916 2190 917 2190 905 2191 917 2191 901 2191 901 2192 917 2192 918 2192 901 2193 918 2193 902 2193 856 2194 919 2194 852 2194 852 2195 919 2195 920 2195 852 2196 920 2196 921 2196 921 2197 920 2198 922 2199 921 2200 922 2200 903 2200 903 2201 922 2201 923 2201 903 2202 923 2202 904 2202 823 2203 822 2203 924 2203 924 2204 822 2204 826 2204 826 2205 825 2205 924 2205 924 2206 825 2206 829 2206 924 2207 829 2208 828 2209 812 2210 925 2210 814 2210 814 2211 925 2211 926 2211 814 2212 926 2212 815 2212 812 2213 811 2213 925 2213 925 2214 811 2214 818 2214 925 2215 818 2215 924 2215 924 2216 818 2216 820 2216 924 2217 820 2217 823 2217 807 2218 805 2218 927 2218 927 2219 805 2219 817 2219 927 2220 817 2220 926 2220 926 2221 817 2221 816 2221 926 2222 816 2222 815 2222 807 2223 927 2223 808 2223 808 2224 927 2224 928 2224 808 2225 928 2225 809 2225 174 2226 173 2227 903 2228 903 2229 173 2229 171 2229 903 2230 171 2230 170 2230 170 2231 175 2232 903 2233 903 2234 175 2234 177 2234 903 2235 177 2235 178 2235 802 2236 801 2237 921 2238 178 2239 180 2240 903 2241 903 2242 180 2243 798 2244 903 2245 798 2245 921 2245 921 2246 798 2247 797 2248 921 2249 797 2250 802 2251 801 2252 800 2253 921 2254 921 2255 800 2256 795 2257 921 2258 795 2258 794 2258 794 2259 792 2259 921 2259 921 2260 792 2260 791 2260 921 2261 791 2261 928 2261 928 2262 791 2262 803 2262 928 2263 803 2263 809 2263 162 2264 929 2264 164 2264 164 2265 929 2265 930 2265 162 2266 161 2266 929 2266 929 2267 161 2267 169 2267 929 2268 169 2268 903 2268 903 2269 169 2269 168 2269 903 2270 168 2270 174 2270 931 2271 158 2271 141 2271 141 2272 140 2272 931 2272 931 2273 140 2273 167 2273 931 2274 167 2274 930 2274 930 2275 167 2275 166 2275 930 2276 166 2276 164 2276 932 2277 160 2277 931 2277 931 2278 160 2278 159 2278 931 2279 159 2279 158 2279 149 2280 148 2281 933 2282 933 2283 148 2283 147 2283 933 2284 147 2284 146 2284 146 2285 152 2286 933 2287 933 2288 152 2288 151 2288 933 2289 151 2289 150 2289 150 2290 154 2290 933 2290 933 2291 154 2291 156 2291 933 2292 156 2292 932 2292 932 2293 156 2293 157 2293 932 2294 157 2294 160 2294 828 2295 827 2296 924 2297 924 2298 827 2299 196 2300 924 2301 196 2301 879 2301 879 2302 196 2302 869 2302 879 2303 869 2303 877 2303 877 2304 869 2304 874 2304 196 2305 145 2305 869 2305 869 2306 145 2306 143 2306 869 2307 143 2307 933 2307 933 2308 143 2308 142 2308 933 2308 142 2308 149 2308 90 2309 88 2310 934 2311 935 2312 936 2312 937 2312 100 2313 98 2313 938 2313 82 2314 81 2314 939 2314 940 2315 941 2315 942 2315 943 2316 944 2316 945 2316 946 2317 947 2318 948 2319 949 2320 950 2320 951 2320 952 2321 953 2322 954 2323 954 2324 953 2325 955 2326 956 2327 957 2328 958 2329 959 2330 107 2331 71 2332 9 2333 960 2334 10 2335 10 2336 960 2337 961 2338 10 2339 961 2339 57 2339 962 2340 963 2340 964 2340 964 2341 963 2341 965 2341 966 2342 965 2343 956 2344 956 2345 965 2345 957 2345 957 2346 965 2346 963 2346 957 2347 963 2347 958 2347 967 2348 968 2348 969 2348 969 2349 968 2349 970 2349 969 2350 970 2350 948 2350 970 2351 950 2351 948 2351 948 2352 950 2353 949 2354 948 2355 949 2356 946 2357 946 2358 949 2358 951 2358 946 2359 951 2359 947 2359 947 2360 951 2361 971 2360 947 2362 971 2362 966 2362 966 2363 971 2363 972 2363 966 2364 972 2364 965 2364 965 2365 972 2365 973 2365 965 2366 973 2366 964 2366 938 2367 974 2367 975 2367 975 2368 974 2369 976 2370 976 2371 977 2371 978 2371 947 2372 979 2372 948 2372 948 2373 979 2374 975 2375 948 2376 975 2376 969 2376 969 2377 975 2377 976 2377 969 2378 976 2378 967 2378 967 2379 976 2379 978 2379 943 2380 955 2380 980 2380 981 2381 75 2382 982 2383 982 2384 75 2385 983 2386 984 2387 953 2387 985 2387 985 2388 953 2388 952 2388 985 2389 952 2389 986 2389 986 2390 952 2391 958 2392 987 2393 942 2394 988 2395 988 2396 942 2396 941 2396 988 2397 941 2397 981 2397 983 2398 989 2398 990 2398 990 2399 989 2400 991 2401 990 2402 991 2403 992 2404 993 2405 940 2405 994 2405 994 2406 940 2406 942 2406 994 2407 942 2408 995 2409 995 2410 942 2411 987 2412 995 2413 987 2414 996 2415 996 2416 987 2417 997 2418 996 2419 997 2420 998 2421 981 2422 982 2423 988 2424 988 2425 982 2426 983 2427 988 2428 983 2429 987 2430 987 2431 983 2431 990 2431 987 2432 990 2433 997 2434 997 2435 990 2436 992 2437 997 2438 992 2439 998 2440 999 2441 1000 2442 1001 2443 1001 2444 1000 2445 1002 2446 78 2447 1002 2448 79 2449 79 2450 1002 2451 1000 2452 79 2453 1000 2454 1003 2455 1003 2456 1000 2457 999 2458 1003 2459 999 2460 1004 2461 1005 2462 1006 2463 1007 2464 1007 2465 1006 2466 1008 2467 1007 2468 1008 2469 1009 2470 1009 2471 1010 2472 1007 2473 1007 2474 1010 2475 1011 2476 1007 2477 1011 2478 1005 2479 1005 2480 1011 2481 939 2482 1005 2483 939 2483 114 2483 114 2484 939 2484 81 2484 1009 2485 1012 2486 1010 2487 1010 2488 1012 2489 1013 2490 1010 2491 1013 2492 1011 2493 1011 2494 1013 2495 1004 2496 1011 2497 1004 2498 939 2499 939 2500 1004 2501 999 2502 939 2503 999 2503 82 2504 82 2505 999 2506 1001 2507 82 2508 1001 2509 84 2510 84 2511 1001 2511 1002 2511 84 2512 1002 2513 86 2514 86 2515 1002 2516 78 2517 1014 2518 1015 2518 1016 2518 945 2519 944 2519 1017 2519 943 2520 980 2520 944 2520 944 2521 980 2522 1018 2521 944 2523 1018 2523 1017 2524 955 2525 953 2525 980 2525 980 2526 953 2526 984 2526 980 2527 984 2528 1018 2529 1018 2530 984 2531 1019 2532 1018 2533 1019 2534 1017 2535 88 2536 87 2536 934 2536 934 2537 87 2537 1014 2537 934 2538 1014 2539 1020 2540 1020 2541 1014 2542 1016 2543 1020 2544 1016 2544 1021 2544 92 2545 94 2545 1017 2545 1017 2546 94 2546 96 2546 1017 2547 96 2547 101 2547 958 2548 952 2549 956 2550 956 2551 952 2552 954 2553 956 2554 954 2554 966 2554 966 2555 954 2555 955 2555 966 2556 955 2557 947 2558 947 2559 955 2559 943 2559 947 2560 943 2560 979 2560 979 2561 943 2562 945 2563 979 2564 945 2565 975 2566 975 2567 945 2567 1017 2567 975 2568 1017 2568 938 2568 938 2569 1017 2569 101 2569 938 2570 101 2570 100 2570 114 2571 91 2572 1005 2573 1005 2574 91 2574 90 2574 1005 2575 90 2576 1006 2577 1006 2578 90 2578 934 2578 1006 2579 934 2580 1008 2581 1008 2582 934 2583 1020 2584 1008 2585 1020 2586 1009 2587 1009 2588 1020 2589 1021 2590 1009 2591 1021 2591 1012 2591 1022 2592 1023 2593 107 2594 1022 2595 107 2596 1024 2597 1023 2598 1025 2599 107 2600 107 2601 1025 2602 1026 2603 107 2604 1026 2605 1027 2606 9 2607 125 2608 960 2609 960 2610 125 2611 107 2612 960 2613 107 2614 1028 2615 1028 2616 107 2617 1027 2618 71 2619 70 2619 959 2619 959 2620 70 2620 68 2620 959 2621 68 2622 67 2623 75 2624 1029 2624 72 2624 72 2625 1029 2625 73 2625 1030 2626 1031 2627 1032 2628 1032 2629 1031 2629 1033 2629 1032 2630 1033 2630 107 2630 107 2631 1033 2632 1034 2633 107 2634 1034 2634 1024 2634 67 2635 73 2635 959 2635 959 2636 73 2636 1035 2636 959 2637 1035 2637 107 2637 107 2638 1035 2638 1036 2638 107 2639 1036 2639 1032 2639 1029 2640 1037 2640 1038 2640 1029 2641 1038 2641 73 2641 73 2642 1038 2642 1039 2642 73 2643 1039 2643 1035 2643 1035 2644 1039 2644 1040 2644 1035 2645 1040 2645 1036 2645 97 2646 115 2646 935 2646 935 2647 115 2647 102 2647 102 2648 104 2648 935 2648 935 2649 104 2649 105 2649 935 2650 105 2650 936 2650 936 2651 105 2652 111 2653 936 2654 111 2655 112 2656 98 2657 97 2657 938 2657 938 2658 97 2658 935 2658 938 2659 935 2659 974 2659 974 2660 935 2660 937 2660 974 2661 937 2662 976 2663 976 2664 937 2665 1041 2666 976 2667 1041 2667 977 2667 75 2668 77 2669 983 2670 983 2671 77 2672 80 2673 983 2674 80 2674 989 2674 989 2675 80 2676 79 2677 989 2678 79 2679 991 2680 991 2681 79 2682 1003 2683 991 2684 1003 2685 992 2686 992 2687 1003 2687 1004 2687 992 2688 1004 2689 998 2690 998 2691 1004 2692 1013 2693 998 2694 1013 2695 996 2696 996 2697 1013 2698 1012 2699 996 2700 1012 2701 995 2702 995 2703 1012 2704 1021 2705 995 2706 1021 2707 994 2708 994 2709 1021 2710 1016 2711 994 2712 1016 2712 993 2712 993 2713 1016 2713 1015 2713 87 2714 92 2714 1014 2714 1014 2715 92 2716 1017 2717 1014 2718 1017 2718 1015 2718 1015 2719 1017 2720 1019 2721 1015 2722 1019 2722 993 2722 993 2723 1019 2724 984 2725 993 2726 984 2727 940 2728 940 2729 984 2730 985 2729 940 2731 985 2732 941 2733 941 2734 985 2735 986 2736 941 2737 986 2738 981 2739 981 2740 986 2741 958 2742 981 2743 958 2743 75 2743 75 2744 958 2744 963 2744 75 2745 963 2745 1029 2745 1029 2746 963 2746 962 2746 1029 2747 962 2747 1037 2747 62 2748 61 2749 1042 2750 1043 2751 1044 2751 1045 2751 1046 2752 1047 2752 1048 2752 1049 2753 1050 2753 1051 2753 1052 2754 58 2755 57 2756 1052 2757 1053 2757 1054 2757 58 2758 1052 2759 59 2760 52 2761 127 2761 1055 2761 1056 2762 1057 2762 1058 2762 1059 2763 1060 2763 1061 2763 1061 2764 1060 2764 1062 2764 1061 2765 1062 2765 1063 2765 1047 2766 1064 2767 1065 2768 1065 2769 1064 2770 1066 2771 1065 2772 1066 2773 1067 2774 1067 2775 1066 2776 1068 2777 1067 2778 1068 2779 1069 2780 1070 2781 1071 2781 1072 2781 1072 2782 1071 2782 1073 2782 1074 2783 1043 2783 1075 2783 1075 2784 1043 2784 1045 2784 1075 2785 1045 2785 1046 2785 1046 2786 1045 2786 1073 2786 1046 2787 1073 2787 1047 2787 1047 2788 1073 2788 1071 2788 1047 2789 1071 2790 1064 2791 1064 2792 1071 2793 1070 2794 1064 2795 1070 2796 1066 2797 1066 2798 1070 2799 1076 2800 1066 2801 1076 2802 1068 2803 1077 2804 1044 2804 1078 2804 1078 2805 1079 2805 1077 2805 1077 2806 1079 2806 1080 2806 1077 2807 1080 2807 1081 2807 1082 2808 1081 2809 1080 2810 59 2811 1052 2812 60 2813 60 2814 1052 2814 1054 2814 60 2815 1054 2816 61 2817 1083 2818 63 2818 62 2818 61 2819 1054 2819 1042 2819 1042 2820 1054 2821 1084 2822 1042 2823 1084 2824 1050 2825 62 2826 1042 2826 1083 2826 1083 2827 1042 2827 1050 2827 1083 2828 1050 2828 1085 2828 1085 2829 1050 2829 1049 2829 1085 2830 1049 2830 1070 2830 56 2831 55 2831 1086 2831 55 2832 66 2832 1086 2832 1086 2833 66 2833 65 2833 1086 2834 65 2834 64 2834 1072 2835 1087 2835 1070 2835 1070 2836 1087 2836 1088 2836 1070 2837 1088 2837 1085 2837 1085 2838 1088 2838 1086 2838 1085 2839 1086 2839 1083 2839 1083 2840 1086 2840 64 2840 1083 2841 64 2841 63 2841 1081 2842 1089 2842 1090 2842 1090 2843 1089 2843 1091 2843 1090 2844 1091 2844 1092 2844 1092 2845 1091 2845 1093 2845 1092 2846 1093 2846 1094 2846 1094 2847 1093 2847 1095 2847 1094 2848 1095 2848 1096 2848 1096 2849 1095 2849 1097 2849 1096 2850 1097 2850 1059 2850 1059 2851 1097 2851 1098 2851 1059 2852 1098 2852 1060 2852 1058 2853 52 2853 1056 2853 1056 2854 52 2854 1055 2854 1056 2855 1055 2855 1099 2855 1099 2856 1055 2856 1063 2856 1099 2857 1063 2857 1100 2857 1100 2858 1063 2858 1062 2858 127 2859 56 2859 1055 2859 1055 2860 56 2860 1086 2860 1055 2861 1086 2861 1063 2861 1063 2862 1086 2862 1088 2862 1063 2863 1088 2863 1061 2863 1061 2864 1088 2864 1087 2864 1061 2865 1087 2865 1059 2865 1059 2866 1087 2866 1072 2866 1059 2867 1072 2867 1096 2867 1096 2868 1072 2868 1073 2868 1096 2869 1073 2869 1094 2869 1094 2870 1073 2870 1045 2870 1094 2871 1045 2871 1092 2871 1092 2872 1045 2872 1044 2872 1092 2873 1044 2873 1090 2873 1090 2874 1044 2874 1077 2874 1090 2875 1077 2875 1081 2875 19 2876 18 2876 1101 2876 1102 2877 1103 2878 1104 2879 1105 2880 1106 2880 1107 2880 904 2881 923 2881 1108 2881 1108 2882 923 2882 922 2882 1106 2883 1105 2883 1108 2883 909 2884 908 2884 1105 2884 1105 2885 908 2886 907 2887 1105 2888 907 2888 1108 2888 1108 2889 907 2890 906 2891 1108 2892 906 2893 904 2894 913 2895 912 2895 1105 2895 912 2896 911 2896 1105 2896 1105 2897 911 2898 910 2897 1105 2899 910 2899 909 2899 913 2900 1109 2900 914 2901 914 2902 1109 2902 915 2902 900 2903 902 2903 1110 2903 900 2904 1110 2904 895 2904 895 2905 1110 2905 1101 2905 895 2906 1101 2906 896 2906 902 2907 918 2907 1110 2907 1110 2908 918 2908 917 2908 1110 2909 917 2909 1109 2909 1109 2910 917 2910 916 2910 1109 2911 916 2911 915 2911 892 2912 894 2912 1111 2912 1111 2913 894 2913 899 2913 1111 2914 899 2914 1101 2914 1101 2915 899 2915 898 2915 1101 2916 898 2916 896 2916 1112 2917 871 2917 891 2917 890 2918 888 2918 1113 2918 1113 2919 888 2920 887 2921 1113 2922 887 2922 1114 2922 1115 2923 870 2923 871 2923 1104 2924 872 2924 868 2924 872 2925 1104 2926 873 2927 873 2928 1104 2928 1103 2928 873 2929 1103 2929 874 2929 871 2930 1112 2930 1115 2930 1115 2931 1112 2931 1116 2931 1115 2932 1116 2932 1117 2932 1118 2933 1102 2933 1117 2933 1117 2934 1102 2934 1104 2934 1117 2935 1104 2935 1115 2935 1115 2936 1104 2936 868 2936 1115 2937 868 2938 870 2939 891 2940 890 2940 1112 2940 1112 2941 890 2941 1113 2941 1112 2942 1113 2942 1116 2942 1116 2943 1113 2943 1119 2943 1116 2944 1119 2944 1120 2944 887 2945 892 2945 1114 2945 1114 2946 892 2946 1111 2946 1114 2947 1111 2947 1113 2947 1113 2948 1111 2948 1121 2948 1113 2949 1121 2949 1119 2949 18 2950 1122 2950 1101 2950 1101 2951 1122 2951 1123 2951 1101 2952 1123 2952 1111 2952 1111 2953 1123 2953 1124 2953 1111 2954 1124 2954 1121 2954 1125 2955 1108 2956 1126 2957 1126 2958 1108 2959 922 2960 1126 2961 922 2962 920 2963 1041 2964 1127 2964 977 2964 977 2965 1127 2965 978 2965 1125 2966 1127 2967 1108 2968 1108 2969 1127 2969 1041 2969 1108 2970 1041 2970 1106 2970 1106 2971 1041 2972 937 2972 1106 2973 937 2973 936 2973 936 2974 112 2974 1106 2974 1106 2975 112 2976 7 2977 1106 2978 7 2978 1107 2978 1107 2979 7 2979 6 2979 1107 2980 6 2980 4 2980 913 2981 1105 2981 1109 2981 1109 2982 1105 2982 1107 2982 1109 2983 1107 2983 1110 2983 1110 2984 1107 2984 4 2984 1110 2985 4 2985 3 2985 1128 2986 1129 2986 1130 2986 1120 2987 1131 2987 1116 2987 1116 2988 1131 2988 1132 2988 1116 2989 1132 2989 1117 2989 1117 2990 1132 2991 1133 2992 1117 2993 1133 2994 1128 2995 1128 2996 1130 2997 1117 2998 1117 2999 1130 3000 1134 3001 1117 3002 1134 3003 1118 3004 3 3005 106 3005 1110 3005 1110 3006 106 3006 117 3006 1110 3007 117 3007 1101 3007 1101 3008 117 3008 20 3008 1101 3009 20 3009 19 3009 1122 3010 18 3010 17 3010 1058 3011 1057 3011 1135 3011 1136 3012 1137 3012 31 3012 1138 3013 34 3013 41 3013 1139 3014 38 3014 37 3014 34 3015 1138 3016 35 3017 35 3018 1138 3018 1140 3018 35 3019 1140 3019 37 3019 37 3020 1140 3020 1141 3020 37 3021 1141 3021 1139 3021 1142 3022 1143 3022 22 3022 22 3023 1143 3023 1144 3023 22 3024 1144 3024 23 3024 22 3025 29 3025 1142 3025 1142 3026 29 3026 28 3026 1142 3027 28 3027 1145 3027 1145 3028 28 3028 26 3028 1145 3029 26 3029 1146 3029 1146 3030 26 3030 25 3030 1146 3031 25 3031 1147 3031 1147 3032 25 3032 30 3032 1147 3033 30 3033 1148 3033 1148 3034 30 3034 13 3034 1148 3035 13 3035 1137 3035 1137 3036 13 3036 12 3036 1137 3037 12 3037 31 3037 1136 3038 31 3038 1139 3038 1139 3039 31 3039 33 3039 1139 3040 33 3040 38 3040 52 3041 1058 3041 53 3041 53 3042 1058 3042 1135 3042 53 3043 1135 3043 50 3043 1149 3044 42 3044 1135 3044 1135 3045 42 3045 51 3045 1135 3046 51 3046 50 3046 23 3047 1144 3047 24 3047 24 3048 1144 3048 1150 3048 24 3049 1150 3049 16 3049 16 3050 1150 3050 1151 3050 16 3051 1151 3051 17 3051 17 3052 1151 3052 1123 3052 17 3053 1123 3053 1122 3053 41 3054 40 3054 1138 3054 1138 3055 40 3056 48 3057 1138 3058 48 3058 1152 3058 1152 3059 48 3059 47 3059 1152 3060 47 3060 1153 3060 1153 3061 47 3061 46 3061 1153 3062 46 3062 1154 3062 1154 3063 46 3063 45 3063 1154 3064 45 3064 1149 3064 1149 3065 45 3065 43 3065 1149 3066 43 3066 42 3066 1155 3067 1156 3067 1157 3067 1158 3068 1159 3068 1142 3068 1142 3069 1159 3069 1143 3069 1143 3070 1159 3070 1160 3070 1143 3071 1160 3071 1144 3071 1142 3072 1145 3072 1158 3072 1158 3073 1145 3073 1146 3073 1158 3074 1146 3074 1161 3074 1161 3075 1146 3075 1147 3075 1161 3076 1147 3076 1162 3076 1162 3077 1147 3077 1148 3077 1162 3078 1148 3078 1137 3078 1163 3079 1164 3079 1165 3079 1165 3080 1164 3080 1166 3080 1165 3081 1166 3081 1167 3081 1167 3082 1166 3082 1168 3082 1167 3083 1168 3083 1169 3083 1136 3084 1164 3084 1170 3084 1170 3085 1164 3085 1163 3085 1170 3086 1163 3086 1171 3086 1171 3087 1163 3087 1172 3087 1171 3088 1172 3088 1173 3088 1174 3089 1172 3089 1175 3089 1175 3090 1172 3090 1163 3090 1175 3091 1163 3091 1176 3091 1176 3092 1163 3092 1165 3092 1177 3093 1160 3093 1178 3093 1178 3094 1160 3094 1159 3094 1178 3095 1159 3095 1179 3095 1179 3096 1159 3096 1158 3096 1179 3097 1158 3097 1180 3097 1180 3098 1158 3098 1161 3098 1180 3099 1161 3099 1181 3099 1181 3100 1161 3100 1162 3100 1182 3101 1177 3101 1183 3101 1183 3102 1177 3102 1178 3102 1183 3103 1178 3103 1184 3103 1184 3104 1178 3104 1179 3104 1184 3105 1179 3105 1185 3105 1185 3106 1179 3106 1180 3106 1185 3107 1180 3107 1173 3107 1173 3108 1180 3108 1181 3108 1173 3109 1181 3109 1171 3109 1171 3110 1181 3110 1162 3110 1171 3111 1162 3111 1170 3111 1170 3112 1162 3112 1137 3112 1170 3113 1137 3113 1136 3113 1186 3114 1187 3114 1188 3114 1188 3115 1187 3115 1189 3115 1188 3116 1189 3116 1190 3116 1190 3117 1189 3118 1191 3119 1190 3120 1191 3121 1129 3122 1128 3123 1133 3124 1192 3125 1192 3126 1133 3127 1132 3126 1192 3128 1132 3128 1193 3128 1193 3129 1132 3129 1131 3129 1194 3130 1195 3130 1196 3130 1196 3131 1195 3131 1197 3131 1196 3132 1197 3132 1186 3132 1186 3133 1197 3133 1198 3133 1186 3134 1198 3134 1187 3134 1199 3135 1200 3135 1201 3135 1201 3136 1200 3136 1202 3136 1201 3137 1202 3137 1194 3137 1194 3138 1202 3138 1203 3138 1194 3139 1203 3139 1195 3139 1174 3140 1199 3140 1172 3140 1172 3141 1199 3141 1201 3141 1172 3142 1201 3142 1173 3142 1173 3143 1201 3143 1194 3143 1173 3144 1194 3144 1185 3144 1185 3145 1194 3145 1196 3145 1185 3146 1196 3146 1184 3146 1184 3147 1196 3147 1186 3147 1184 3148 1186 3148 1183 3148 1183 3149 1186 3149 1188 3149 1183 3150 1188 3150 1182 3150 1182 3151 1188 3151 1190 3151 1204 3152 1205 3152 1206 3152 1207 3153 1208 3153 1209 3153 1209 3154 1208 3154 1210 3154 1209 3155 1210 3155 1211 3155 1211 3156 1210 3156 1212 3156 1211 3157 1212 3157 1169 3157 1207 3158 1209 3158 1213 3158 1213 3159 1209 3159 1214 3159 1213 3160 1214 3161 1215 3162 1215 3163 1214 3163 1204 3163 1215 3164 1204 3164 1157 3164 1157 3165 1204 3165 1206 3165 1157 3166 1206 3166 1155 3166 1211 3167 1154 3167 1209 3167 1209 3168 1154 3168 1149 3168 1209 3169 1149 3169 1214 3169 1214 3170 1149 3170 1135 3170 1214 3171 1135 3171 1204 3171 1204 3172 1135 3172 1057 3172 1204 3173 1057 3173 1205 3173 1129 3174 1128 3175 1190 3176 1190 3177 1128 3177 1192 3177 1190 3178 1192 3179 1182 3180 1182 3181 1192 3181 1193 3181 1182 3182 1193 3182 1177 3182 1177 3183 1193 3183 1216 3183 1177 3184 1216 3184 1160 3184 1160 3185 1216 3185 1150 3185 1160 3186 1150 3186 1144 3186 1131 3187 1120 3187 1193 3187 1193 3188 1120 3188 1119 3188 1193 3189 1119 3189 1216 3189 1216 3190 1119 3190 1121 3190 1216 3191 1121 3191 1150 3191 1150 3192 1121 3192 1124 3192 1150 3193 1124 3193 1151 3193 1151 3194 1124 3194 1123 3194 1212 3195 1217 3195 1169 3195 1169 3196 1217 3196 1218 3196 1169 3197 1218 3197 1167 3197 1167 3198 1218 3198 1219 3198 1167 3199 1219 3199 1165 3199 1165 3200 1219 3200 1220 3200 1165 3201 1220 3201 1176 3201 1136 3202 1139 3202 1164 3202 1164 3203 1139 3203 1141 3203 1164 3204 1141 3204 1166 3204 1166 3205 1141 3205 1140 3205 1166 3206 1140 3206 1168 3206 1168 3207 1140 3207 1138 3207 1168 3208 1138 3208 1169 3208 1169 3209 1138 3209 1152 3209 1169 3210 1152 3210 1211 3210 1211 3211 1152 3211 1153 3211 1211 3212 1153 3212 1154 3212 1221 3213 1222 3213 1223 3213 1224 3214 1223 3214 1225 3214 864 3215 863 3215 1226 3215 886 3216 885 3216 1227 3216 880 3217 878 3217 1228 3217 1228 3218 878 3219 877 3220 1228 3221 877 3222 874 3223 882 3224 876 3225 1228 3226 876 3227 875 3227 1228 3227 1228 3228 875 3229 881 3228 1228 3230 881 3231 880 3232 885 3233 884 3233 1224 3233 1224 3234 884 3234 883 3234 867 3235 1229 3235 862 3235 862 3236 1229 3236 1230 3236 862 3237 1230 3237 860 3237 860 3238 1230 3238 847 3238 864 3239 1226 3239 866 3239 847 3240 1230 3240 848 3240 848 3241 1230 3241 1231 3241 848 3242 1231 3242 857 3242 1232 3243 854 3243 853 3243 853 3244 851 3244 1232 3244 1232 3245 851 3246 859 3247 1232 3248 859 3248 1231 3248 1231 3249 859 3249 858 3249 1231 3250 858 3250 857 3250 1233 3251 855 3251 854 3251 856 3252 855 3253 1234 3254 1234 3255 855 3255 1233 3255 1234 3256 1233 3256 1235 3256 1127 3257 1125 3257 1234 3257 1234 3258 1125 3259 1126 3260 856 3261 1234 3261 919 3261 919 3262 1234 3262 1126 3262 919 3263 1126 3263 920 3263 874 3264 1103 3265 1228 3266 1228 3267 1103 3268 1102 3269 1228 3270 1102 3271 1236 3272 867 3273 866 3273 1229 3273 1229 3274 866 3274 1226 3274 1229 3275 1226 3275 1227 3275 1227 3276 1226 3276 863 3276 1227 3277 863 3277 886 3277 854 3278 1232 3278 1233 3278 1233 3279 1232 3279 1237 3279 1233 3280 1237 3280 1235 3280 1238 3281 1239 3281 1231 3281 1231 3282 1239 3282 1240 3282 1231 3283 1240 3283 1232 3283 1232 3284 1240 3284 1241 3284 1232 3285 1241 3285 1237 3285 1238 3286 1231 3286 1242 3286 1242 3287 1231 3287 1230 3287 1242 3288 1230 3288 1243 3288 1102 3289 1118 3289 1236 3289 1236 3290 1118 3291 1134 3292 1236 3293 1134 3293 1130 3294 1129 3295 1244 3296 1130 3297 1130 3298 1244 3299 1221 3300 1130 3301 1221 3301 1236 3301 1236 3302 1221 3302 1223 3302 1236 3303 1223 3303 1228 3303 1228 3304 1223 3304 1224 3304 1228 3305 1224 3306 882 3307 882 3308 1224 3309 883 3309 1245 3310 1246 3310 1225 3310 1245 3311 1225 3311 1247 3311 1222 3312 1248 3313 1223 3314 1223 3315 1248 3315 1249 3315 1223 3316 1249 3316 1225 3316 1225 3317 1249 3318 1250 3318 1225 3319 1250 3319 1247 3319 885 3320 1224 3320 1227 3320 1227 3321 1224 3321 1225 3321 1227 3322 1225 3322 1229 3322 1229 3323 1225 3323 1246 3323 1229 3324 1246 3324 1251 3324 978 3325 1127 3326 1252 3326 1252 3327 1127 3327 1234 3327 1252 3328 1234 3328 1253 3329 1253 3330 1234 3330 1235 3330 1251 3331 1254 3331 1229 3331 1229 3332 1254 3332 1255 3332 1229 3333 1255 3333 1230 3333 1230 3334 1255 3334 1256 3334 1230 3335 1256 3335 1243 3335 1257 3336 1258 3336 1259 3336 1260 3337 1261 3337 1262 3337 1263 3338 1264 3338 1265 3338 1266 3339 1267 3339 1268 3339 1269 3340 1081 3340 1270 3340 1271 3341 1081 3341 1080 3341 1069 3342 1068 3343 1272 3344 1273 3345 1274 3345 1275 3345 1276 3346 1070 3346 1277 3346 57 3347 961 3348 1052 3349 1052 3350 961 3350 1054 3350 961 3351 960 3352 1054 3353 1054 3354 960 3355 1028 3356 1054 3357 1028 3358 1027 3359 1027 3360 1026 3361 1054 3362 1054 3363 1026 3364 1025 3365 1054 3366 1025 3367 1023 3368 1034 3369 1278 3369 1024 3369 1024 3370 1278 3371 1022 3372 1033 3373 1031 3373 1279 3373 1279 3374 1031 3374 1030 3374 1280 3375 1274 3375 1281 3375 1281 3376 1274 3376 1273 3376 1281 3377 1273 3377 1282 3377 1282 3378 1273 3378 1283 3378 1276 3379 1277 3379 1278 3379 1070 3380 1276 3380 1284 3380 1284 3381 1276 3381 1278 3381 1284 3382 1278 3382 1279 3382 1279 3383 1278 3383 1034 3383 1279 3384 1034 3385 1033 3386 1285 3387 1286 3387 1287 3387 1269 3388 1270 3388 1288 3388 1030 3389 1283 3389 1287 3389 1287 3390 1283 3390 1273 3390 1287 3391 1273 3391 1285 3391 1285 3392 1273 3392 1275 3392 1285 3393 1275 3393 1289 3393 1289 3394 1275 3394 1290 3394 1289 3395 1290 3395 1291 3395 1291 3396 1290 3396 1292 3396 1291 3397 1292 3397 1293 3397 1293 3398 1292 3398 1294 3398 1293 3399 1294 3399 1295 3399 1070 3400 1049 3400 1277 3400 1277 3401 1049 3401 1051 3401 1277 3402 1051 3403 1050 3404 1272 3405 1296 3406 1297 3407 1297 3408 1296 3409 1070 3410 1297 3411 1070 3412 1298 3413 1272 3414 1068 3415 1296 3416 1296 3417 1068 3418 1076 3419 1296 3420 1076 3421 1070 3422 1299 3423 1047 3423 1300 3423 1300 3424 1047 3424 1301 3424 1300 3425 1301 3425 1302 3425 1286 3426 1285 3426 1302 3426 1302 3427 1285 3427 1289 3427 1302 3428 1289 3428 1300 3428 1300 3429 1289 3429 1291 3429 1300 3430 1291 3430 1299 3430 1299 3431 1291 3431 1293 3431 1299 3432 1293 3432 1303 3432 1303 3433 1293 3433 1295 3433 1303 3434 1295 3434 1044 3434 1046 3435 1047 3435 1299 3435 1046 3436 1299 3436 1075 3436 1075 3437 1299 3437 1303 3437 1075 3438 1303 3439 1043 3440 1043 3441 1303 3441 1044 3441 1030 3442 1287 3442 1279 3442 1279 3443 1287 3443 1286 3443 1279 3444 1286 3444 1284 3444 1284 3445 1286 3445 1302 3445 1284 3446 1302 3446 1070 3446 1070 3447 1302 3447 1301 3447 1070 3448 1301 3448 1298 3448 1298 3449 1301 3449 1047 3449 1298 3450 1047 3451 1297 3452 1297 3453 1047 3454 1065 3455 1297 3456 1065 3457 1272 3458 1272 3459 1065 3460 1067 3461 1272 3462 1067 3463 1069 3464 1081 3465 1264 3465 1304 3465 1304 3466 1264 3466 1305 3466 1306 3467 1307 3467 1308 3467 1288 3468 1308 3468 1309 3468 1309 3469 1308 3469 1307 3469 1309 3470 1307 3470 1310 3470 1310 3471 1307 3471 1081 3471 1268 3472 1311 3472 1266 3472 1266 3473 1311 3474 1312 3475 1266 3476 1312 3477 1313 3478 1313 3479 1312 3480 1314 3481 1315 3482 1316 3483 1314 3484 1314 3485 1316 3486 1317 3487 1314 3488 1317 3489 1318 3490 1315 3491 1314 3492 1319 3493 1319 3494 1314 3495 1312 3496 1319 3497 1312 3498 1320 3499 1320 3500 1312 3501 1311 3502 1320 3503 1311 3504 1321 3505 1322 3506 1323 3506 1324 3506 1263 3507 1265 3508 1268 3509 1268 3510 1265 3510 1322 3510 1268 3511 1322 3511 1311 3511 1311 3512 1322 3512 1324 3512 1311 3513 1324 3513 1321 3513 1081 3514 1325 3515 1264 3516 1264 3517 1325 3518 1326 3519 1264 3520 1326 3520 1265 3520 1265 3521 1326 3521 1262 3521 1265 3522 1262 3522 1322 3522 1322 3523 1262 3523 1261 3523 1322 3524 1261 3524 1323 3524 1327 3525 1328 3525 1329 3525 1329 3526 1328 3526 1330 3526 1081 3527 1307 3527 1325 3527 1325 3528 1307 3528 1306 3528 1325 3529 1306 3529 1326 3529 1326 3530 1306 3530 1329 3530 1326 3531 1329 3531 1262 3531 1262 3532 1329 3532 1330 3532 1262 3533 1330 3533 1260 3533 1288 3534 1309 3534 1269 3534 1269 3535 1309 3535 1310 3535 1269 3536 1310 3536 1081 3536 1258 3537 1327 3537 1259 3537 1259 3538 1327 3538 1329 3538 1259 3539 1329 3539 1331 3539 1331 3540 1329 3540 1306 3540 1331 3541 1306 3541 1332 3541 1332 3542 1306 3542 1308 3542 1332 3543 1308 3543 1333 3543 1333 3544 1308 3544 1288 3544 1333 3545 1288 3545 1334 3545 1334 3546 1288 3546 1270 3546 1334 3547 1270 3547 1271 3547 1271 3548 1270 3548 1081 3548 1050 3549 1084 3550 1277 3551 1277 3552 1084 3553 1054 3554 1277 3555 1054 3556 1278 3557 1278 3558 1054 3559 1023 3560 1278 3561 1023 3562 1022 3563 1280 3564 1335 3564 1274 3564 1274 3565 1335 3565 1257 3565 1274 3566 1257 3566 1275 3566 1275 3567 1257 3567 1259 3567 1275 3568 1259 3568 1290 3568 1290 3569 1259 3569 1331 3569 1290 3570 1331 3570 1292 3570 1292 3571 1331 3571 1332 3571 1292 3572 1332 3572 1294 3572 1294 3573 1332 3573 1333 3573 1294 3574 1333 3574 1295 3574 1295 3575 1333 3575 1334 3575 1295 3576 1334 3576 1044 3576 1044 3577 1334 3577 1271 3577 1044 3578 1271 3578 1078 3578 1078 3579 1271 3579 1080 3579 1078 3580 1080 3581 1079 3582 1089 3583 1081 3583 1336 3583 1314 3584 1337 3585 1313 3586 1098 3587 1097 3587 1338 3587 1339 3588 1340 3588 1341 3588 1313 3589 1337 3590 1266 3591 1318 3592 1342 3593 1314 3594 1314 3595 1342 3596 1343 3597 1314 3598 1343 3599 1344 3600 1345 3601 1346 3601 1347 3601 1347 3602 1346 3602 1348 3602 1347 3603 1348 3603 1349 3603 1340 3604 1350 3604 1341 3604 1341 3605 1350 3605 1351 3605 1341 3606 1351 3606 1338 3606 1352 3607 1353 3608 1354 3609 1355 3610 1356 3610 1354 3610 1354 3611 1356 3612 1357 3613 1355 3614 1358 3614 1356 3614 1356 3615 1358 3616 1359 3617 1356 3618 1359 3618 1360 3618 1360 3619 1359 3620 1361 3621 1360 3622 1361 3623 1081 3624 1268 3625 1362 3625 1363 3625 1364 3626 1365 3626 1366 3626 1364 3627 1367 3627 1368 3627 1369 3628 1081 3628 1370 3628 1349 3629 1371 3629 1347 3629 1347 3630 1371 3630 1339 3630 1347 3631 1339 3631 1370 3631 1370 3632 1339 3632 1341 3632 1370 3633 1341 3633 1369 3633 1369 3634 1341 3634 1338 3634 1369 3635 1338 3635 1372 3635 1267 3636 1373 3637 1374 3638 1375 3639 1268 3640 1376 3641 1376 3642 1268 3643 1267 3644 1344 3645 1377 3646 1314 3647 1314 3648 1377 3648 1359 3648 1314 3649 1359 3649 1337 3649 1337 3650 1359 3650 1358 3650 1337 3651 1358 3652 1266 3653 1266 3654 1358 3655 1355 3656 1266 3657 1355 3657 1267 3657 1267 3658 1355 3658 1354 3658 1372 3659 1378 3659 1369 3659 1369 3660 1378 3660 1336 3660 1369 3661 1336 3661 1081 3661 1377 3662 1345 3662 1359 3662 1359 3663 1345 3664 1347 3665 1359 3666 1347 3667 1361 3668 1361 3669 1347 3669 1370 3669 1361 3670 1370 3670 1081 3670 1364 3671 1081 3671 1304 3671 1364 3672 1379 3672 1365 3672 1365 3673 1379 3674 1268 3675 1365 3676 1268 3677 1366 3678 1366 3679 1268 3680 1363 3681 1366 3682 1363 3682 1364 3682 1364 3683 1363 3683 1362 3683 1364 3684 1362 3685 1367 3686 1367 3687 1362 3687 1268 3687 1367 3688 1268 3688 1368 3688 1368 3689 1268 3689 1375 3689 1368 3690 1375 3690 1364 3690 1364 3691 1375 3691 1081 3691 1304 3692 1305 3692 1364 3692 1364 3693 1305 3694 1264 3695 1364 3696 1264 3697 1379 3698 1379 3699 1264 3699 1263 3699 1379 3700 1263 3700 1268 3700 1354 3701 1353 3702 1267 3703 1267 3704 1353 3705 1352 3706 1267 3707 1352 3708 1373 3709 1373 3710 1352 3711 1354 3712 1373 3713 1354 3714 1374 3715 1374 3716 1354 3717 1357 3718 1374 3719 1357 3720 1267 3721 1267 3722 1357 3723 1356 3724 1267 3725 1356 3726 1376 3727 1376 3728 1356 3729 1360 3730 1376 3731 1360 3732 1375 3733 1375 3734 1360 3734 1081 3734 1338 3735 1097 3735 1372 3735 1372 3736 1097 3736 1095 3736 1372 3737 1095 3737 1378 3737 1378 3738 1095 3738 1093 3738 1378 3739 1093 3739 1336 3739 1336 3740 1093 3740 1091 3740 1336 3741 1091 3741 1089 3741 1371 3742 1380 3742 1339 3742 1339 3743 1380 3743 1156 3743 1339 3744 1156 3744 1340 3744 1340 3745 1156 3745 1155 3745 1340 3746 1155 3746 1350 3746 1350 3747 1155 3747 1206 3747 1350 3748 1206 3748 1056 3748 1056 3749 1206 3749 1205 3749 1056 3750 1205 3750 1057 3750 1056 3751 1099 3751 1350 3751 1350 3752 1099 3752 1100 3752 1350 3753 1100 3753 1351 3753 1351 3754 1100 3754 1062 3754 1351 3755 1062 3755 1338 3755 1338 3756 1062 3756 1060 3756 1338 3757 1060 3757 1098 3757 1381 3758 1382 3758 1383 3758 1283 3759 1030 3760 1032 3759 1384 3761 1385 3761 1386 3761 1387 3762 1388 3762 1389 3762 1389 3763 1388 3763 1390 3763 1389 3764 1390 3764 1391 3764 1390 3765 1392 3765 1391 3765 1391 3766 1392 3766 1393 3766 1391 3767 1393 3767 1394 3767 1394 3768 1393 3768 1395 3768 1394 3769 1395 3769 1396 3769 1396 3770 1395 3770 1397 3770 1396 3771 1397 3771 1398 3771 1399 3772 1381 3772 964 3772 1398 3773 1382 3773 1396 3773 1396 3774 1382 3774 1381 3774 1396 3775 1381 3775 1394 3775 1394 3776 1381 3776 1399 3776 1394 3777 1399 3777 1391 3777 1391 3778 1399 3778 1400 3778 1391 3779 1400 3779 1389 3779 1401 3780 1402 3780 1403 3780 1252 3781 1253 3782 1404 3783 1403 3784 968 3784 967 3784 1405 3785 1401 3785 1406 3785 1406 3786 1401 3786 1403 3786 1406 3787 1403 3787 1407 3787 1407 3788 1403 3788 967 3788 1407 3789 967 3789 978 3789 1402 3790 950 3790 1403 3790 1403 3791 950 3791 970 3791 1403 3792 970 3792 968 3792 1385 3793 1387 3793 1386 3793 1386 3794 1387 3794 1389 3794 1386 3795 1389 3795 1408 3795 1408 3796 1389 3796 1400 3796 1408 3797 1400 3797 1409 3797 1409 3798 1400 3798 1399 3798 964 3799 973 3799 1399 3799 1399 3800 973 3800 972 3800 1399 3801 972 3801 1409 3801 1409 3802 972 3802 971 3802 1409 3803 971 3804 1410 3805 1410 3806 971 3807 951 3808 1411 3809 1281 3809 1282 3809 1282 3810 1283 3810 1411 3810 1411 3811 1283 3811 1032 3811 1411 3812 1032 3812 1412 3812 1032 3813 1036 3813 1412 3813 1412 3814 1036 3814 1040 3814 1412 3815 1040 3815 1413 3815 1414 3816 1405 3816 1415 3816 1415 3817 1405 3817 1406 3817 1415 3818 1406 3818 1404 3818 1404 3819 1406 3819 1407 3819 1404 3820 1407 3820 1252 3820 1252 3821 1407 3822 978 3822 1239 3823 1238 3824 1414 3825 1253 3826 1235 3826 1404 3826 1404 3827 1235 3827 1237 3827 1404 3828 1237 3828 1415 3828 1415 3829 1237 3829 1241 3829 1415 3830 1241 3830 1414 3830 1414 3831 1241 3831 1240 3831 1414 3832 1240 3832 1239 3832 951 3833 950 3833 1410 3833 1410 3834 950 3834 1402 3834 1410 3835 1402 3835 1409 3835 1409 3836 1402 3836 1401 3836 1409 3837 1401 3837 1408 3837 1408 3838 1401 3838 1405 3838 1408 3839 1405 3839 1386 3839 1386 3840 1405 3840 1414 3840 1386 3841 1414 3841 1384 3841 1384 3842 1414 3842 1238 3842 1384 3843 1238 3843 1242 3843 1040 3844 1039 3844 1413 3844 1413 3845 1039 3845 1038 3845 1413 3846 1038 3846 1383 3846 1383 3847 1038 3847 1037 3847 1383 3848 1037 3848 1381 3848 1381 3849 1037 3849 962 3849 1381 3850 962 3850 964 3850 1280 3851 1281 3851 1416 3851 1416 3852 1281 3852 1411 3852 1416 3853 1411 3853 1417 3853 1417 3854 1411 3854 1412 3854 1417 3855 1412 3855 1418 3855 1418 3856 1412 3856 1413 3856 1418 3857 1413 3857 1419 3857 1419 3858 1413 3858 1383 3858 1419 3859 1383 3859 1420 3859 1420 3860 1383 3860 1382 3860 1420 3861 1382 3861 1421 3861 1421 3862 1382 3862 1398 3862 536 3863 537 3863 1422 3863 493 3864 492 3864 1423 3864 1424 3865 695 3865 699 3865 1424 3866 699 3866 1422 3866 1422 3867 699 3867 535 3867 1422 3868 535 3868 536 3868 492 3869 534 3869 831 3869 1423 3870 492 3870 1425 3870 1425 3871 492 3871 831 3871 1425 3872 831 3872 846 3872 540 3873 1426 3873 539 3873 539 3874 1426 3874 1427 3874 539 3875 1427 3875 538 3875 538 3876 1427 3876 1428 3876 538 3877 1428 3877 537 3877 537 3878 1428 3878 1429 3878 537 3879 1429 3879 1422 3879 493 3880 1423 3880 495 3880 495 3881 1423 3881 1430 3881 495 3882 1430 3882 496 3882 496 3883 1430 3883 1431 3883 496 3884 1431 3884 498 3884 498 3885 1431 3885 1432 3885 498 3886 1432 3886 500 3886 500 3887 1432 3887 1433 3887 500 3888 1433 3888 501 3888 501 3889 1433 3889 1434 3889 501 3890 1434 3890 503 3890 503 3891 1434 3891 1435 3891 503 3892 1435 3892 505 3892 505 3893 1435 3893 1436 3893 505 3894 1436 3894 506 3894 506 3895 1436 3895 1437 3895 506 3896 1437 3896 541 3896 541 3897 1437 3897 1438 3897 541 3898 1438 3898 540 3898 540 3899 1438 3899 1439 3899 540 3900 1439 3900 1426 3900 842 3901 841 3901 1440 3901 1441 3902 1442 3903 1443 3904 1444 3905 1445 3905 1446 3905 683 3906 690 3906 1447 3906 696 3907 695 3907 1424 3907 1448 3908 1449 3908 1450 3908 1450 3909 1449 3909 1451 3909 1452 3910 1453 3910 1454 3910 1454 3911 1453 3911 1455 3911 1454 3912 1455 3913 1456 3914 1457 3915 1458 3916 1459 3917 1459 3918 1458 3919 1460 3920 1459 3921 1460 3922 1461 3923 1456 3924 1462 3924 1454 3924 1454 3925 1462 3926 1463 3927 1454 3928 1463 3928 1452 3928 1452 3929 1463 3930 1464 3930 1452 3931 1464 3931 1465 3931 1465 3932 1464 3932 1466 3932 1465 3933 1466 3933 1467 3933 1467 3934 1466 3934 1468 3934 1467 3935 1468 3935 1469 3935 1469 3936 1468 3936 1470 3936 1471 3937 1472 3937 1473 3937 1473 3938 1472 3938 1470 3938 1473 3939 1470 3939 1474 3939 1474 3940 1470 3940 1468 3940 1474 3941 1468 3942 1475 3943 1475 3944 1468 3944 1466 3944 1475 3945 1466 3945 1476 3945 1476 3946 1466 3946 1464 3946 1476 3947 1464 3947 1457 3947 1457 3948 1464 3949 1463 3950 1457 3951 1463 3951 1458 3951 1477 3952 1478 3952 1479 3952 837 3953 1480 3953 839 3953 839 3954 1480 3954 1481 3954 1478 3955 1440 3955 1481 3955 1481 3956 1480 3956 1478 3956 1478 3957 1480 3957 1482 3957 1478 3958 1482 3958 1479 3958 1479 3959 1483 3959 1477 3959 1477 3960 1483 3960 1484 3960 1477 3961 1484 3961 1485 3961 1440 3962 841 3962 1481 3962 1481 3963 841 3963 840 3963 1481 3964 840 3965 839 3966 1486 3967 1487 3967 1488 3967 1488 3968 1487 3968 1489 3968 1488 3969 1489 3969 1436 3969 1425 3970 1490 3970 1423 3970 1423 3971 1490 3971 1491 3971 1423 3972 1491 3972 1430 3972 1430 3973 1491 3973 1492 3973 1430 3974 1492 3974 1431 3974 1431 3975 1492 3975 1493 3975 1431 3976 1493 3976 1432 3976 1432 3977 1493 3977 1494 3977 1432 3978 1494 3978 1486 3978 1486 3979 1494 3979 1495 3979 1486 3980 1495 3980 1487 3980 1436 3981 1435 3981 1488 3981 1488 3982 1435 3982 1434 3982 1488 3983 1434 3983 1486 3983 1486 3984 1434 3984 1433 3984 1486 3985 1433 3985 1432 3985 688 3986 687 3986 1496 3986 1496 3987 687 3987 697 3987 1497 3988 1428 3988 1498 3988 1498 3989 1428 3989 1427 3989 1498 3990 1427 3990 1499 3990 697 3991 696 3991 1496 3991 1496 3992 696 3992 1424 3992 1496 3993 1424 3993 1500 3993 1500 3994 1424 3994 1422 3994 1500 3995 1422 3995 1497 3995 1497 3996 1422 3996 1429 3996 1497 3997 1429 3997 1428 3997 1501 3998 1502 3999 1503 4000 677 4001 544 4002 1504 4003 543 4004 680 4005 1444 4006 1442 4007 1502 4008 1443 4009 1443 4010 1502 4011 1501 4012 1443 4013 1501 4014 1505 4015 685 4016 684 4016 1445 4016 680 4017 679 4018 1444 4019 1444 4020 679 4021 678 4022 1444 4023 678 4024 1445 4025 1445 4026 678 4026 686 4026 1445 4027 686 4027 685 4027 1506 4028 1507 4029 1508 4030 1508 4031 1507 4031 1509 4031 1510 4032 1509 4033 1441 4034 684 4035 683 4035 1445 4035 1445 4036 683 4036 1447 4036 1445 4037 1447 4037 1446 4037 1446 4038 1447 4038 1511 4038 1446 4039 1511 4039 1512 4039 544 4040 543 4041 1504 4042 1504 4043 543 4044 1444 4045 1504 4046 1444 4047 1513 4048 1513 4049 1444 4049 1446 4049 1513 4050 1446 4050 1514 4050 1514 4051 1446 4051 1512 4051 1514 4052 1512 4052 1515 4052 1441 4053 1443 4054 1510 4055 1510 4056 1443 4057 1505 4058 1510 4059 1505 4060 1516 4061 1516 4062 1505 4063 1517 4064 1516 4065 1517 4066 1518 4067 1518 4068 1517 4069 1519 4070 1518 4071 1519 4071 1520 4071 1521 4072 1522 4073 1523 4074 1523 4075 1522 4076 1524 4077 1523 4078 1524 4079 1506 4080 1506 4081 1508 4081 1523 4081 1523 4082 1508 4083 1525 4084 1523 4085 1525 4086 1521 4087 1521 4088 1525 4088 1526 4088 1521 4089 1526 4090 1522 4091 1526 4092 1459 4092 1451 4092 1451 4093 1459 4093 1461 4093 1451 4094 1461 4094 1450 4094 1509 4095 1510 4096 1508 4097 1508 4098 1510 4098 1516 4098 1508 4099 1516 4099 1525 4099 1525 4100 1516 4101 1518 4102 1525 4103 1518 4104 1526 4105 1526 4106 1518 4106 1520 4106 1526 4107 1520 4107 1459 4107 673 4108 672 4109 1503 4110 1503 4111 672 4112 677 4113 1503 4114 677 4115 1501 4116 1501 4117 677 4118 1504 4119 1501 4120 1504 4121 1505 4122 1505 4123 1504 4123 1513 4123 1505 4124 1513 4124 1517 4124 1517 4125 1513 4125 1514 4125 1517 4126 1514 4126 1519 4126 1519 4127 1514 4127 1515 4127 1519 4128 1515 4128 1520 4128 1520 4129 1515 4129 1527 4129 1520 4130 1527 4130 1459 4130 1459 4131 1527 4131 1528 4131 1459 4132 1528 4132 1457 4132 1457 4133 1528 4133 1529 4133 1457 4134 1529 4134 1476 4134 1476 4135 1529 4135 1530 4135 1476 4136 1530 4136 1475 4136 1475 4137 1530 4137 1531 4137 1475 4138 1531 4138 1474 4138 1425 4139 846 4139 845 4139 1425 4140 845 4140 1490 4140 1490 4141 845 4141 844 4141 1490 4142 844 4142 843 4142 843 4143 842 4144 1490 4145 1490 4146 842 4146 1440 4146 1490 4147 1440 4147 1491 4147 1491 4148 1440 4148 1478 4148 1491 4149 1478 4149 1492 4149 1492 4150 1478 4150 1477 4150 1492 4151 1477 4151 1493 4151 1493 4152 1477 4152 1485 4152 1493 4153 1485 4153 1494 4153 1494 4154 1485 4154 1532 4154 1494 4155 1532 4155 1495 4155 1495 4156 1532 4156 1533 4156 1495 4157 1533 4157 1487 4157 1427 4158 1426 4158 1499 4158 1499 4159 1426 4159 1439 4159 1499 4160 1439 4160 1534 4160 1534 4161 1439 4161 1438 4161 1534 4162 1438 4162 1489 4162 1489 4163 1438 4163 1437 4163 1489 4164 1437 4164 1436 4164 1484 4165 1471 4165 1485 4165 1485 4166 1471 4166 1473 4166 1485 4167 1473 4167 1532 4167 1532 4168 1473 4168 1474 4168 1532 4169 1474 4169 1533 4169 1533 4170 1474 4170 1531 4170 1533 4171 1531 4171 1487 4171 1487 4172 1531 4172 1530 4172 1487 4173 1530 4173 1489 4173 1489 4174 1530 4174 1529 4174 1489 4175 1529 4175 1534 4175 1534 4176 1529 4176 1528 4176 1534 4177 1528 4177 1499 4177 1499 4178 1528 4178 1527 4178 1499 4179 1527 4179 1498 4179 1498 4180 1527 4180 1515 4180 1498 4181 1515 4181 1497 4181 1497 4182 1515 4182 1512 4182 1497 4183 1512 4183 1500 4183 1500 4184 1512 4184 1511 4184 1500 4185 1511 4185 1496 4185 1496 4186 1511 4186 1447 4186 1496 4187 1447 4187 688 4187 688 4188 1447 4188 690 4188 1535 4189 1536 4189 775 4189 1441 4190 1537 4191 1442 4192 1538 4193 836 4194 835 4195 1539 4196 1540 4197 1541 4198 1542 4199 1452 4199 1465 4199 1543 4200 1544 4201 1545 4202 1546 4203 1456 4203 1547 4203 1548 4204 1549 4205 1550 4206 1551 4207 1552 4208 1553 4209 1554 4210 1555 4211 1556 4212 1557 4213 1558 4214 1559 4215 1560 4216 1561 4217 1562 4218 1562 4219 1561 4219 1557 4219 1559 4220 1558 4221 1563 4222 768 4223 766 4224 1556 4225 768 4226 1564 4226 769 4226 769 4227 1564 4227 1565 4227 768 4228 1556 4229 1564 4230 1564 4231 1556 4232 1566 4233 1564 4234 1566 4234 1565 4234 758 4235 764 4235 1567 4235 1567 4236 764 4236 763 4236 1567 4237 763 4237 1565 4237 1565 4238 763 4238 761 4238 1565 4239 761 4239 769 4239 1568 4240 1569 4240 1570 4240 1570 4241 1569 4241 1571 4241 1570 4242 1571 4242 1572 4242 1572 4243 1571 4243 1555 4243 1572 4244 1555 4244 1573 4245 1573 4246 1555 4246 1554 4246 1573 4247 1554 4248 1574 4249 1556 4250 1555 4250 1566 4250 1566 4251 1555 4251 1571 4251 1566 4252 1571 4252 1565 4252 1565 4253 1571 4254 1569 4255 1565 4256 1569 4256 1567 4256 832 4257 205 4258 1575 4259 1575 4260 205 4260 754 4260 1557 4261 1561 4262 1558 4263 1558 4264 1561 4265 1576 4266 1558 4267 1576 4267 1563 4267 1563 4268 1576 4268 1463 4269 1563 4270 1463 4271 1462 4272 1577 4273 1578 4274 1579 4275 1579 4276 1578 4277 1580 4278 1579 4279 1580 4280 1581 4281 1581 4282 1580 4282 1582 4283 1583 4284 1582 4284 1584 4284 1584 4285 1582 4286 1580 4287 1584 4288 1580 4289 1585 4290 1585 4291 1580 4292 1578 4293 1585 4294 1578 4295 1586 4294 1586 4296 1578 4297 1577 4298 1586 4299 1577 4300 1551 4301 1456 4302 1546 4302 1550 4302 1550 4303 1546 4303 1587 4303 1550 4304 1587 4305 1548 4306 1588 4307 1451 4307 1449 4307 1449 4308 1450 4308 1588 4308 1588 4309 1450 4310 1461 4309 1588 4311 1461 4311 1460 4311 1576 4312 1589 4313 1463 4314 1463 4315 1589 4316 1588 4317 1463 4318 1588 4318 1458 4318 1458 4319 1588 4319 1460 4319 1590 4320 1591 4321 1592 4322 1591 4323 1542 4324 1592 4325 1592 4326 1542 4327 1593 4328 1592 4329 1593 4330 1594 4331 1595 4332 1596 4333 1597 4334 1552 4335 1543 4336 1553 4337 1553 4338 1543 4339 1545 4340 1553 4341 1545 4342 1539 4342 1452 4343 1542 4344 1453 4345 1453 4346 1542 4346 1591 4346 1453 4347 1591 4347 1455 4347 1455 4348 1591 4349 1590 4350 1455 4351 1590 4352 1456 4353 1456 4354 1590 4355 1592 4356 1456 4357 1592 4358 1547 4359 1547 4360 1592 4361 1594 4362 1547 4363 1594 4363 1546 4363 1546 4364 1594 4365 1598 4366 1546 4367 1598 4368 1587 4369 1551 4370 1553 4371 1586 4372 1586 4373 1553 4373 1539 4373 1586 4374 1539 4375 1585 4376 1585 4377 1539 4377 1541 4377 1585 4378 1541 4379 1584 4380 1584 4381 1541 4381 1599 4381 1584 4382 1599 4383 1583 4384 1600 4385 1601 4385 1602 4385 1602 4386 1601 4387 1603 4388 1602 4389 1603 4390 1575 4389 1568 4391 1604 4391 1569 4391 1569 4392 1604 4392 1605 4392 1569 4393 1605 4394 1567 4395 1567 4396 1605 4397 1606 4398 1567 4399 1606 4400 758 4401 758 4402 1606 4403 756 4403 1471 4404 1604 4405 1472 4406 1472 4407 1604 4407 1568 4407 1472 4408 1568 4408 1470 4408 1470 4409 1568 4409 1607 4409 766 4410 765 4411 1556 4412 1556 4413 765 4413 1560 4413 1556 4414 1560 4414 1554 4414 1554 4415 1560 4416 1562 4417 1554 4418 1562 4419 1574 4420 1574 4421 1562 4421 1557 4421 1574 4422 1557 4423 1581 4424 1581 4425 1557 4426 1559 4427 1581 4428 1559 4429 1579 4430 1579 4431 1559 4432 1608 4433 1579 4434 1608 4435 1577 4436 1577 4437 1608 4438 1609 4439 1577 4440 1609 4441 1551 4442 1551 4443 1609 4444 1610 4445 1551 4446 1610 4447 1552 4448 1552 4449 1610 4449 1611 4450 1552 4451 1611 4452 1543 4453 1543 4454 1611 4455 1612 4456 1543 4457 1612 4458 1544 4459 1544 4460 1612 4461 1597 4462 1544 4463 1597 4464 1545 4465 1545 4466 1597 4467 1596 4468 1545 4469 1596 4470 1539 4471 1539 4472 1596 4472 1607 4472 1539 4473 1607 4474 1540 4475 1540 4476 1607 4477 1568 4478 1540 4479 1568 4480 1541 4481 1541 4482 1568 4482 1570 4482 1541 4483 1570 4483 1599 4483 1599 4484 1570 4484 1572 4484 1599 4485 1572 4485 1583 4485 1583 4486 1572 4486 1573 4486 1583 4487 1573 4488 1582 4487 1582 4489 1573 4490 1574 4491 1582 4492 1574 4493 1581 4494 1479 4495 1601 4495 1483 4495 1483 4496 1601 4496 1600 4496 1483 4497 1600 4497 1484 4497 754 4498 756 4498 1575 4498 1575 4499 756 4499 1606 4499 1575 4500 1606 4500 1602 4500 1602 4501 1606 4501 1605 4501 1602 4502 1605 4502 1600 4502 1600 4503 1605 4503 1604 4503 1600 4504 1604 4504 1484 4504 1484 4505 1604 4505 1471 4505 1462 4506 1456 4506 1563 4506 1563 4507 1456 4507 1550 4507 1563 4508 1550 4508 1559 4508 1559 4509 1550 4509 1549 4510 1559 4511 1549 4512 1608 4513 1608 4514 1549 4514 1548 4514 1608 4515 1548 4516 1609 4517 1609 4518 1548 4519 1587 4520 1609 4521 1587 4522 1610 4523 1610 4524 1587 4525 1598 4526 1610 4527 1598 4528 1611 4529 1611 4530 1598 4531 1594 4532 1611 4533 1594 4533 1612 4533 1612 4534 1594 4535 1593 4536 1612 4537 1593 4538 1597 4538 1597 4539 1593 4540 1542 4541 1597 4542 1542 4542 1595 4542 1595 4543 1542 4544 1465 4545 1595 4546 1465 4546 1596 4546 1596 4547 1465 4548 1467 4549 1596 4550 1467 4551 1607 4552 1607 4553 1467 4554 1469 4553 1607 4555 1469 4556 1470 4557 1535 4558 1613 4558 1614 4558 1613 4559 710 4560 1614 4561 1614 4562 710 4563 709 4564 1614 4565 709 4565 716 4565 1502 4566 715 4566 1503 4566 1503 4567 715 4568 714 4569 714 4570 713 4571 1503 4572 1503 4573 713 4574 712 4575 1503 4576 712 4577 673 4578 1506 4579 1537 4580 1507 4581 1507 4582 1537 4583 1441 4584 1507 4585 1441 4586 1509 4586 1506 4587 1524 4588 1536 4588 1506 4589 1536 4589 1537 4589 1537 4590 1536 4590 1535 4590 1537 4591 1535 4591 1442 4591 1442 4592 1535 4592 1614 4592 1442 4593 1614 4594 1502 4595 1502 4596 1614 4596 716 4596 1502 4597 716 4597 715 4597 1451 4598 1588 4598 1526 4598 1526 4599 1588 4600 1615 4601 1526 4602 1615 4602 1522 4602 1522 4603 1615 4603 1616 4603 1522 4604 1616 4604 1524 4604 725 4605 718 4605 1613 4605 1613 4606 718 4606 717 4606 1613 4607 717 4607 710 4607 1524 4608 1616 4608 1536 4608 1536 4609 1616 4609 773 4609 1536 4610 773 4610 775 4610 726 4611 725 4611 730 4611 730 4612 725 4612 1613 4612 730 4613 1613 4613 778 4613 778 4614 1613 4614 1535 4614 778 4615 1535 4615 776 4615 776 4616 1535 4616 775 4616 837 4617 836 4617 1480 4617 1480 4618 836 4618 1538 4618 1480 4619 1538 4619 1482 4619 1479 4620 1482 4620 1601 4620 1601 4621 1482 4621 1538 4621 1601 4622 1538 4623 1603 4624 1603 4625 1538 4625 835 4625 1603 4626 835 4626 1575 4626 1575 4627 835 4628 833 4629 1575 4630 833 4631 832 4632 765 4633 739 4633 1560 4633 1560 4634 739 4634 740 4634 1560 4635 740 4635 1561 4635 1561 4636 740 4636 741 4636 1561 4637 741 4638 1576 4637 1576 4639 741 4639 790 4639 1576 4640 790 4640 1589 4640 1589 4641 790 4641 789 4641 1589 4642 789 4642 1588 4642 1588 4643 789 4643 787 4643 1588 4644 787 4644 1615 4644 1615 4645 787 4645 785 4645 1615 4646 785 4646 1616 4646 1616 4647 785 4647 771 4647 1616 4648 771 4648 773 4648 901 4649 1617 4649 905 4649 905 4650 1617 4650 1618 4650 905 4649 1618 4649 903 4649 903 4651 1618 4651 929 4651 929 4652 1618 4652 1619 4652 929 4649 1619 4649 930 4649 930 4653 1619 4653 1620 4653 930 4654 1620 4654 931 4654 1621 4655 933 4655 1620 4655 1620 4656 933 4656 932 4656 1620 4649 932 4649 931 4649 901 4657 897 4657 1617 4657 1617 4649 897 4649 893 4649 1617 4658 893 4658 1622 4658 1622 4659 893 4659 889 4659 1622 4660 889 4660 1621 4660 1621 4649 889 4649 869 4649 1621 4661 869 4661 933 4661 1623 4662 926 4662 1624 4662 1624 4663 926 4663 925 4663 1624 4664 925 4664 1625 4664 1625 4665 925 4665 924 4665 1625 4666 924 4666 1626 4666 1626 4667 924 4667 879 4667 1626 4668 879 4668 1627 4668 1627 4662 879 4662 865 4662 1627 4662 865 4662 1628 4662 1628 4662 865 4662 861 4662 1628 4662 861 4662 1629 4662 1629 4662 861 4662 849 4662 1629 4662 849 4662 1630 4662 1630 4662 849 4662 850 4662 1630 4669 850 4669 1631 4669 1631 4670 850 4670 852 4670 1631 4662 852 4662 1632 4662 1632 4662 852 4662 921 4662 1632 4662 921 4662 1633 4662 1633 4671 921 4671 928 4671 1633 4662 928 4662 1634 4662 1634 4662 928 4662 927 4662 1634 4662 927 4662 1623 4662 1623 4662 927 4662 926 4662 1635 4649 1636 4649 1637 4649 1637 4649 1636 4649 1638 4649 1639 4649 1640 4649 1641 4649 1642 4672 1643 4672 1638 4672 1638 4673 1643 4673 1644 4673 1638 4674 1644 4674 1637 4674 1641 4675 1645 4675 1639 4675 1639 4676 1645 4676 1646 4676 1639 4677 1646 4677 1647 4677 1647 4678 1646 4678 1648 4678 1647 4679 1648 4679 1642 4679 1642 4680 1648 4680 1649 4680 1642 4681 1649 4681 1643 4681 1635 4682 1650 4682 1636 4682 1636 4683 1650 4683 1651 4683 1636 4684 1651 4684 1640 4684 1640 4685 1651 4685 1652 4685 1640 4686 1652 4686 1641 4686 1653 4687 1640 4687 1654 4687 1654 4687 1640 4687 1639 4687 1654 4688 1639 4688 1655 4688 1655 4689 1639 4689 1647 4689 1655 4690 1647 4690 1656 4690 1656 4691 1647 4691 1642 4691 1656 4692 1642 4692 1657 4692 1657 4692 1642 4692 1638 4692 1657 4693 1638 4693 1658 4693 1658 4694 1638 4694 1636 4694 1658 4695 1636 4695 1653 4695 1653 4696 1636 4696 1640 4696 1629 4697 1644 4697 1628 4697 1628 4698 1644 4698 1643 4698 1628 4699 1643 4699 1627 4699 1627 4700 1643 4700 1649 4700 1627 4701 1649 4701 1626 4701 1626 4702 1649 4702 1648 4702 1626 4703 1648 4703 1625 4703 1625 4704 1648 4704 1646 4704 1625 4705 1646 4705 1624 4705 1624 4706 1646 4706 1645 4706 1624 4707 1645 4707 1623 4707 1623 4708 1645 4708 1641 4708 1623 4708 1641 4708 1634 4708 1634 4709 1641 4709 1652 4709 1634 4710 1652 4710 1633 4710 1633 4711 1652 4711 1651 4711 1633 4712 1651 4712 1632 4712 1632 4713 1651 4713 1650 4713 1632 4714 1650 4714 1631 4714 1631 4715 1650 4715 1635 4715 1631 4716 1635 4716 1630 4716 1630 4717 1635 4717 1637 4717 1630 4718 1637 4718 1629 4718 1629 4719 1637 4719 1644 4719 1659 4720 1660 4720 1654 4720 1654 4721 1660 4722 1661 4723 1654 4724 1661 4725 1653 4726 1659 4727 1662 4728 1660 4729 1660 4730 1662 4730 1663 4730 1660 4731 1663 4732 1664 4733 1664 4734 1663 4734 1665 4734 1664 4735 1665 4736 1666 4737 1666 4738 1665 4739 1667 4740 1666 4741 1667 4741 1668 4741 1668 4742 1667 4742 1620 4742 1668 4743 1620 4744 1619 4745 1654 4746 1655 4747 1669 4748 1670 4749 1662 4750 1669 4751 1669 4752 1662 4753 1659 4753 1669 4754 1659 4754 1654 4755 1667 4756 1665 4757 1670 4758 1670 4759 1665 4760 1663 4760 1670 4761 1663 4761 1662 4761 1670 4762 1671 4763 1667 4763 1667 4764 1671 4764 1621 4764 1667 4765 1621 4765 1620 4765 1655 4766 1656 4766 1672 4766 1655 4767 1672 4768 1669 4769 1669 4770 1672 4771 1673 4772 1669 4773 1673 4774 1670 4775 1670 4776 1673 4777 1674 4778 1670 4779 1674 4780 1671 4781 1671 4782 1674 4783 1622 4784 1671 4785 1622 4785 1621 4785 1656 4786 1657 4786 1675 4786 1656 4787 1675 4787 1672 4787 1672 4788 1675 4788 1676 4788 1672 4789 1676 4789 1673 4789 1673 4790 1676 4791 1677 4792 1673 4793 1677 4794 1674 4795 1674 4796 1677 4797 1617 4798 1674 4799 1617 4799 1622 4799 1657 4800 1658 4801 1678 4802 1657 4803 1678 4804 1675 4804 1675 4805 1678 4805 1679 4805 1675 4806 1679 4806 1676 4806 1676 4807 1679 4808 1680 4809 1676 4810 1680 4811 1677 4812 1677 4813 1680 4814 1618 4815 1677 4816 1618 4816 1617 4816 1658 4817 1653 4817 1661 4817 1658 4818 1661 4819 1678 4820 1678 4821 1661 4821 1660 4822 1678 4823 1660 4824 1679 4825 1660 4826 1664 4827 1679 4828 1679 4829 1664 4830 1666 4831 1679 4832 1666 4832 1680 4832 1666 4833 1668 4834 1680 4835 1680 4836 1668 4836 1619 4837 1680 4838 1619 4839 1618 4840 1681 4841 1248 4841 1222 4841 1682 4842 1683 4842 1684 4842 1685 4843 1686 4843 1687 4843 1688 4844 1689 4845 1690 4846 1691 4847 1692 4847 1693 4847 1694 4848 1695 4849 1696 4850 1697 4851 1698 4852 1699 4853 1187 4854 1198 4854 1700 4854 1701 4855 1702 4856 1703 4857 1199 4858 1704 4859 1705 4860 1706 4861 1707 4862 1708 4861 1708 4863 1707 4864 1705 4865 1198 4866 1197 4866 1700 4866 1700 4867 1197 4867 1195 4867 1700 4868 1195 4869 1706 4870 1706 4871 1195 4872 1203 4873 1706 4874 1203 4874 1707 4874 1707 4875 1203 4875 1202 4875 1707 4876 1202 4876 1705 4876 1705 4877 1202 4877 1200 4877 1705 4878 1200 4878 1199 4878 1709 4879 1710 4879 1711 4879 1711 4880 1710 4880 1712 4880 1711 4881 1712 4881 1713 4881 1713 4882 1712 4883 1714 4884 1713 4885 1714 4886 1715 4887 1715 4888 1714 4888 1716 4888 1715 4889 1716 4889 1717 4889 1717 4890 1716 4890 1718 4890 1717 4891 1718 4891 1719 4891 1701 4892 1719 4893 1702 4894 1702 4895 1719 4895 1718 4895 1702 4896 1718 4897 1704 4898 1704 4899 1718 4900 1716 4901 1704 4902 1716 4902 1705 4902 1705 4903 1716 4903 1714 4903 1705 4904 1714 4904 1708 4904 1708 4905 1714 4906 1712 4905 1708 4907 1712 4908 1706 4909 1706 4910 1712 4910 1710 4910 1706 4911 1710 4911 1700 4911 1244 4912 1129 4913 1720 4914 1720 4915 1129 4915 1191 4915 1721 4916 1722 4917 1723 4918 1724 4919 1725 4920 1726 4921 1726 4922 1725 4922 1727 4922 1726 4923 1727 4923 1728 4923 1728 4924 1727 4924 1729 4924 1730 4925 1729 4926 1731 4925 1731 4927 1729 4928 1727 4929 1731 4930 1727 4931 1732 4932 1732 4933 1727 4933 1725 4933 1732 4934 1725 4935 1733 4936 1733 4937 1725 4938 1724 4939 1733 4940 1724 4941 1697 4942 1692 4943 1691 4943 1696 4943 1696 4944 1691 4944 1734 4944 1696 4945 1734 4946 1694 4947 1735 4948 1736 4948 1737 4948 1738 4949 1735 4949 1739 4949 1739 4950 1735 4950 1737 4950 1739 4951 1737 4951 1740 4951 1738 4952 1741 4953 1735 4954 1735 4955 1741 4955 1742 4955 1735 4956 1742 4956 1722 4956 1743 4957 1744 4958 1745 4959 1744 4960 1685 4961 1745 4962 1745 4963 1685 4964 1746 4965 1745 4966 1746 4967 1747 4968 1748 4969 1749 4970 1750 4971 1698 4972 1688 4973 1699 4974 1699 4975 1688 4976 1690 4977 1699 4978 1690 4979 1682 4980 1686 4981 1685 4981 1751 4981 1751 4982 1685 4982 1744 4982 1751 4983 1744 4983 1752 4983 1752 4984 1744 4985 1743 4986 1752 4987 1743 4988 1692 4989 1692 4990 1743 4991 1745 4992 1692 4993 1745 4993 1693 4993 1693 4994 1745 4995 1747 4996 1693 4997 1747 4997 1691 4997 1691 4998 1747 4999 1753 5000 1691 5001 1753 5002 1734 5003 1697 5004 1699 5004 1733 5004 1733 5005 1699 5005 1682 5005 1733 5006 1682 5007 1732 5008 1732 5009 1682 5010 1684 5011 1732 5012 1684 5013 1731 5014 1731 5015 1684 5016 1754 5017 1731 5018 1754 5018 1730 5018 1755 5019 1756 5019 1757 5019 1757 5020 1756 5020 1758 5020 1757 5021 1758 5021 1720 5021 1709 5022 1759 5022 1710 5022 1710 5023 1759 5023 1760 5023 1710 5024 1760 5024 1700 5024 1700 5025 1760 5025 1761 5025 1700 5026 1761 5027 1187 5028 1187 5029 1761 5030 1189 5031 1762 5032 1759 5032 1763 5032 1763 5033 1759 5033 1709 5033 1763 5034 1709 5034 1764 5034 1764 5035 1709 5035 1765 5035 1766 5036 1756 5036 1767 5036 1767 5037 1756 5037 1755 5037 1767 5038 1755 5038 1768 5038 1191 5039 1189 5039 1720 5039 1720 5040 1189 5040 1761 5040 1720 5041 1761 5041 1757 5041 1757 5042 1761 5042 1760 5042 1757 5043 1760 5043 1755 5043 1755 5044 1760 5044 1759 5044 1755 5045 1759 5045 1768 5045 1768 5046 1759 5046 1762 5046 1723 5047 1692 5047 1721 5047 1721 5048 1692 5048 1696 5048 1721 5049 1696 5049 1769 5049 1769 5050 1696 5051 1695 5052 1769 5053 1695 5054 1770 5055 1770 5056 1695 5056 1694 5056 1770 5057 1694 5058 1771 5059 1771 5060 1694 5061 1734 5062 1771 5063 1734 5064 1772 5065 1772 5066 1734 5067 1753 5068 1772 5069 1753 5070 1773 5071 1773 5072 1753 5073 1747 5074 1773 5075 1747 5076 1774 5077 1774 5078 1747 5079 1746 5080 1774 5081 1746 5081 1750 5081 1750 5082 1746 5083 1685 5084 1750 5085 1685 5085 1748 5085 1748 5086 1685 5086 1687 5086 1748 5087 1687 5088 1749 5089 1749 5090 1687 5091 1775 5092 1749 5093 1775 5093 1765 5093 1765 5094 1775 5094 1776 5094 1765 5095 1776 5096 1764 5095 1371 5097 1349 5097 1777 5097 1777 5098 1349 5098 1348 5098 1777 5099 1348 5099 1778 5099 1348 5100 1346 5100 1778 5100 1778 5101 1346 5102 1345 5103 1778 5104 1345 5105 1779 5106 1779 5107 1345 5107 1377 5107 1779 5108 1377 5109 1780 5110 1780 5111 1377 5112 1344 5113 1344 5114 1343 5115 1780 5116 1780 5117 1343 5118 1342 5119 1780 5120 1342 5121 1318 5122 1781 5123 1782 5123 1783 5123 1783 5124 1782 5124 1784 5124 1783 5125 1784 5126 1785 5127 1736 5128 1735 5128 1786 5128 1786 5129 1735 5130 1787 5131 1786 5132 1787 5133 1788 5134 1788 5135 1787 5135 1789 5135 1788 5136 1789 5136 1790 5136 1790 5137 1789 5137 1781 5137 1790 5138 1781 5139 1791 5140 1791 5141 1781 5142 1783 5143 1791 5144 1783 5145 1792 5146 1792 5147 1783 5148 1785 5149 1792 5150 1785 5151 1793 5152 1371 5153 1777 5153 1380 5153 1380 5154 1777 5154 1157 5154 1380 5155 1157 5155 1156 5155 1779 5156 1784 5157 1778 5158 1778 5159 1784 5159 1782 5159 1778 5160 1782 5160 1777 5160 1777 5161 1782 5161 1215 5161 1777 5162 1215 5162 1157 5162 1789 5163 1210 5163 1208 5163 1789 5164 1208 5164 1781 5164 1781 5165 1208 5165 1207 5165 1781 5166 1207 5166 1782 5166 1782 5167 1207 5167 1213 5167 1782 5168 1213 5168 1215 5168 1249 5169 1248 5169 1794 5169 1794 5170 1248 5170 1681 5170 1794 5171 1681 5171 1795 5171 1766 5172 1795 5172 1756 5172 1756 5173 1795 5174 1681 5175 1756 5176 1681 5176 1758 5176 1758 5177 1681 5177 1222 5177 1758 5178 1222 5178 1720 5178 1720 5179 1222 5180 1221 5181 1720 5182 1221 5182 1244 5182 1199 5183 1174 5183 1704 5183 1704 5184 1174 5184 1175 5184 1704 5185 1175 5185 1702 5185 1702 5186 1175 5186 1176 5186 1702 5187 1176 5187 1703 5187 1703 5188 1176 5188 1220 5188 1703 5189 1220 5189 1796 5189 1796 5190 1220 5190 1219 5190 1796 5191 1219 5191 1218 5191 1728 5192 1769 5193 1726 5194 1726 5195 1769 5196 1770 5197 1726 5198 1770 5199 1724 5200 1724 5201 1770 5202 1771 5203 1724 5204 1771 5205 1697 5206 1697 5207 1771 5208 1772 5209 1697 5210 1772 5211 1698 5212 1698 5213 1772 5214 1773 5215 1698 5216 1773 5217 1688 5218 1688 5219 1773 5220 1774 5221 1688 5222 1774 5223 1689 5224 1689 5225 1774 5226 1750 5227 1689 5228 1750 5229 1690 5230 1690 5231 1750 5232 1749 5233 1690 5234 1749 5235 1682 5236 1682 5237 1749 5237 1765 5237 1682 5238 1765 5238 1683 5238 1683 5239 1765 5239 1709 5239 1683 5240 1709 5240 1684 5240 1684 5241 1709 5241 1711 5241 1684 5242 1711 5242 1754 5242 1754 5243 1711 5243 1713 5243 1754 5244 1713 5244 1730 5244 1730 5245 1713 5245 1715 5245 1730 5246 1715 5247 1729 5248 1729 5249 1715 5250 1717 5251 1729 5252 1717 5253 1728 5254 1728 5255 1717 5256 1719 5257 1728 5258 1719 5259 1769 5260 1769 5261 1719 5262 1701 5263 1769 5264 1701 5265 1721 5266 1721 5267 1701 5267 1703 5267 1721 5268 1703 5268 1722 5268 1722 5269 1703 5269 1796 5269 1722 5270 1796 5271 1735 5272 1735 5273 1796 5274 1218 5275 1735 5276 1218 5277 1787 5278 1787 5279 1218 5279 1217 5279 1787 5280 1217 5280 1789 5280 1789 5281 1217 5281 1212 5281 1789 5282 1212 5282 1210 5282 1246 5283 1245 5283 1797 5283 1786 5284 1798 5284 1799 5284 1800 5285 1801 5285 1802 5285 1328 5286 1327 5286 1803 5286 1258 5287 1257 5287 1804 5287 1722 5288 1742 5288 1805 5288 1805 5289 1742 5289 1741 5289 1741 5290 1738 5291 1805 5292 1805 5293 1738 5294 1739 5295 1805 5296 1739 5297 1806 5298 1806 5299 1739 5299 1740 5299 1806 5300 1740 5300 1737 5301 1686 5302 1751 5303 1807 5304 1807 5305 1751 5306 1752 5307 1807 5308 1752 5309 1692 5310 1692 5311 1723 5312 1807 5313 1807 5314 1723 5315 1722 5315 1807 5316 1722 5316 1686 5316 1686 5317 1722 5317 1808 5317 1686 5318 1808 5318 1687 5318 1687 5319 1808 5319 1809 5319 1687 5320 1809 5320 1775 5320 1775 5321 1809 5321 1810 5321 1775 5322 1810 5322 1776 5322 1776 5323 1810 5323 1764 5323 1737 5324 1736 5324 1806 5324 1806 5325 1736 5326 1786 5327 1806 5328 1786 5328 1805 5328 1805 5329 1786 5329 1799 5329 1805 5330 1799 5330 1722 5330 1722 5331 1799 5332 1811 5333 1722 5334 1811 5334 1808 5334 1808 5335 1811 5335 1812 5335 1808 5336 1812 5336 1809 5336 1809 5337 1812 5337 1813 5337 1809 5338 1813 5338 1810 5338 1810 5339 1813 5339 1814 5339 1810 5340 1814 5340 1764 5340 1764 5341 1814 5341 1815 5341 1764 5342 1815 5342 1763 5342 1763 5343 1815 5343 1762 5343 1816 5344 1817 5344 1766 5344 1249 5345 1794 5346 1250 5347 1250 5348 1794 5348 1818 5348 1817 5349 1797 5349 1818 5349 1818 5350 1794 5350 1817 5350 1817 5351 1794 5351 1795 5351 1817 5352 1795 5352 1766 5352 1766 5353 1767 5353 1816 5353 1816 5354 1767 5354 1768 5354 1816 5355 1768 5355 1819 5355 1797 5356 1245 5356 1818 5356 1818 5357 1245 5357 1247 5357 1818 5358 1247 5358 1250 5358 1820 5359 1821 5359 1822 5359 1822 5360 1821 5360 1823 5360 1823 5361 1824 5361 1822 5361 1822 5362 1824 5362 1825 5362 1822 5363 1825 5363 1826 5363 1826 5364 1825 5364 1827 5364 1826 5365 1827 5365 1828 5365 1828 5366 1827 5366 1829 5366 1830 5367 1831 5367 1832 5367 1832 5368 1831 5368 1833 5368 1832 5369 1833 5369 1834 5369 1834 5370 1833 5370 1835 5370 1834 5371 1835 5371 1836 5371 1836 5372 1835 5372 1837 5372 1836 5373 1837 5373 1838 5373 1838 5374 1837 5374 1829 5374 1838 5375 1829 5375 1839 5375 1839 5376 1829 5376 1827 5376 1824 5377 1840 5377 1825 5377 1825 5378 1840 5378 1841 5378 1825 5379 1841 5379 1827 5379 1827 5380 1841 5380 1842 5380 1827 5381 1842 5381 1839 5381 1327 5382 1258 5382 1803 5382 1803 5383 1258 5383 1804 5383 1803 5384 1804 5384 1843 5384 1318 5385 1844 5386 1780 5387 1780 5388 1844 5389 1779 5390 1319 5391 1320 5392 1845 5393 1318 5394 1317 5395 1844 5396 1844 5397 1317 5398 1316 5399 1844 5400 1316 5401 1315 5402 1784 5403 1779 5404 1846 5405 1846 5406 1779 5407 1844 5408 1846 5409 1844 5410 1847 5411 1791 5412 1792 5412 1848 5412 1848 5413 1792 5413 1793 5413 1849 5414 1793 5415 1785 5416 1321 5417 1324 5417 1850 5417 1850 5418 1324 5418 1851 5418 1850 5419 1851 5419 1800 5419 1800 5420 1851 5421 1852 5422 1800 5423 1852 5423 1801 5423 1324 5424 1323 5424 1851 5424 1851 5425 1323 5425 1261 5425 1851 5426 1261 5426 1852 5426 1852 5427 1261 5427 1260 5427 1852 5428 1260 5428 1330 5428 1320 5429 1321 5430 1845 5431 1845 5432 1321 5433 1850 5434 1845 5435 1850 5436 1853 5437 1853 5438 1850 5438 1800 5438 1853 5439 1800 5439 1854 5439 1854 5440 1800 5440 1802 5440 1854 5441 1802 5441 1855 5441 1793 5442 1849 5443 1848 5444 1848 5445 1849 5446 1856 5447 1848 5448 1856 5448 1857 5448 1791 5449 1848 5449 1858 5449 1858 5450 1848 5451 1857 5452 1858 5453 1857 5454 1859 5455 1856 5456 1860 5457 1857 5458 1857 5459 1860 5460 1786 5461 1857 5462 1786 5463 1859 5464 1859 5465 1786 5465 1788 5465 1859 5466 1788 5467 1858 5468 1858 5469 1788 5469 1790 5469 1858 5470 1790 5470 1791 5470 1798 5471 1786 5472 1861 5473 1861 5474 1786 5474 1860 5474 1861 5475 1860 5476 1862 5477 1862 5478 1860 5478 1856 5478 1862 5479 1856 5479 1847 5479 1847 5480 1856 5481 1849 5482 1847 5483 1849 5484 1846 5485 1846 5486 1849 5487 1785 5488 1846 5489 1785 5490 1784 5491 1315 5492 1319 5493 1844 5494 1844 5495 1319 5496 1845 5497 1844 5498 1845 5499 1847 5500 1847 5501 1845 5501 1853 5501 1847 5502 1853 5502 1862 5502 1862 5503 1853 5503 1854 5503 1862 5504 1854 5504 1861 5504 1861 5505 1854 5505 1855 5505 1861 5506 1855 5506 1798 5506 1798 5507 1855 5507 1863 5507 1798 5508 1863 5508 1799 5508 1799 5509 1863 5509 1864 5509 1799 5510 1864 5510 1811 5510 1811 5511 1864 5511 1865 5511 1811 5512 1865 5512 1812 5512 1812 5513 1865 5513 1866 5513 1812 5514 1866 5514 1813 5514 1813 5515 1866 5515 1867 5515 1813 5516 1867 5516 1814 5516 1830 5517 1256 5517 1255 5517 1830 5518 1255 5518 1831 5518 1831 5519 1255 5519 1254 5519 1831 5520 1254 5520 1251 5520 1251 5521 1246 5521 1831 5521 1831 5522 1246 5522 1797 5522 1831 5523 1797 5523 1833 5523 1833 5524 1797 5524 1817 5524 1833 5525 1817 5525 1835 5525 1835 5526 1817 5526 1816 5526 1835 5527 1816 5527 1837 5527 1837 5528 1816 5528 1819 5528 1837 5529 1819 5529 1829 5529 1829 5530 1819 5530 1868 5530 1829 5531 1868 5531 1828 5531 1828 5532 1868 5532 1869 5532 1828 5533 1869 5533 1826 5533 1804 5534 1870 5534 1843 5534 1843 5535 1870 5535 1871 5535 1843 5536 1871 5536 1872 5536 1872 5537 1871 5537 1873 5537 1872 5538 1873 5538 1874 5538 1874 5539 1873 5539 1875 5539 1874 5540 1875 5540 1876 5540 1876 5541 1875 5541 1877 5541 1876 5542 1877 5542 1820 5542 1820 5543 1877 5543 1878 5543 1820 5544 1878 5544 1821 5544 1768 5545 1762 5545 1819 5545 1819 5546 1762 5546 1815 5546 1819 5547 1815 5547 1868 5547 1868 5548 1815 5548 1814 5548 1868 5549 1814 5549 1869 5549 1869 5550 1814 5550 1867 5550 1869 5551 1867 5551 1826 5551 1826 5552 1867 5552 1866 5552 1826 5553 1866 5553 1822 5553 1822 5554 1866 5554 1865 5554 1822 5555 1865 5555 1820 5555 1820 5556 1865 5556 1864 5556 1820 5557 1864 5557 1876 5557 1876 5558 1864 5558 1863 5558 1876 5559 1863 5559 1874 5559 1874 5560 1863 5560 1855 5560 1874 5561 1855 5561 1872 5561 1872 5562 1855 5562 1802 5562 1872 5563 1802 5563 1843 5563 1843 5564 1802 5564 1801 5564 1843 5565 1801 5565 1803 5565 1803 5566 1801 5566 1852 5566 1803 5567 1852 5567 1328 5567 1328 5568 1852 5568 1330 5568 1243 5569 1256 5569 1830 5569 1416 5570 1417 5570 1870 5570 1390 5571 1839 5571 1392 5571 1392 5572 1839 5572 1842 5572 1392 5573 1842 5573 1393 5573 1393 5574 1842 5574 1841 5574 1393 5575 1841 5575 1395 5575 1395 5576 1841 5576 1840 5576 1395 5577 1840 5577 1397 5577 1397 5578 1840 5578 1824 5578 1397 5579 1824 5579 1398 5579 1398 5580 1824 5580 1823 5580 1398 5581 1823 5581 1421 5581 1804 5582 1257 5582 1335 5582 1804 5583 1335 5583 1870 5583 1870 5584 1335 5584 1280 5584 1870 5585 1280 5585 1416 5585 1242 5586 1243 5586 1384 5586 1384 5587 1243 5587 1830 5587 1384 5588 1830 5588 1385 5588 1385 5589 1830 5589 1832 5589 1385 5590 1832 5590 1387 5590 1387 5591 1832 5591 1834 5591 1387 5592 1834 5592 1388 5592 1388 5593 1834 5593 1836 5593 1388 5594 1836 5594 1390 5595 1390 5596 1836 5596 1838 5596 1390 5597 1838 5597 1839 5597 1823 5598 1821 5598 1421 5598 1421 5599 1821 5599 1878 5599 1421 5600 1878 5600 1420 5600 1420 5601 1878 5601 1877 5601 1420 5602 1877 5602 1419 5602 1419 5603 1877 5603 1875 5603 1419 5604 1875 5604 1418 5604 1418 5605 1875 5605 1873 5605 1418 5606 1873 5606 1417 5606 1417 5607 1873 5607 1871 5607 1417 5608 1871 5608 1870 5608 1879 5609 1880 5609 1881 5609 1882 5610 1883 5610 1884 5610 432 5611 431 5611 1885 5611 452 5612 450 5612 1886 5612 451 5613 455 5613 1887 5613 318 5614 317 5614 1888 5614 243 5615 1889 5615 1890 5615 476 5616 1891 5616 199 5616 199 5617 1891 5617 200 5617 211 5618 203 5618 1892 5618 1892 5619 203 5619 202 5619 1892 5620 202 5620 1891 5620 1891 5621 202 5621 201 5621 1891 5622 201 5622 200 5622 1893 5623 249 5623 248 5623 248 5624 132 5624 1893 5624 1893 5625 132 5625 131 5625 1893 5626 131 5626 213 5626 1894 5627 252 5627 1893 5627 1893 5628 252 5628 250 5628 1893 5629 250 5629 249 5629 224 5630 1894 5630 1895 5630 224 5631 255 5631 1894 5631 1894 5632 255 5632 254 5632 1894 5633 254 5633 252 5633 217 5634 219 5634 1895 5634 219 5635 221 5635 1895 5635 1895 5636 221 5636 225 5636 1895 5637 225 5637 224 5637 238 5638 237 5638 1896 5638 238 5639 1896 5639 226 5639 235 5640 233 5640 1897 5640 1897 5641 233 5642 231 5643 1897 5644 231 5644 1898 5644 1898 5645 231 5645 229 5645 1898 5646 229 5646 227 5646 235 5647 1897 5647 236 5647 236 5648 1897 5648 1899 5648 236 5649 1899 5649 256 5649 256 5650 1899 5650 257 5650 257 5651 1899 5651 1900 5651 257 5652 1900 5652 259 5652 259 5653 1900 5653 1901 5653 259 5654 1901 5654 261 5654 243 5655 246 5655 1889 5655 1889 5656 246 5656 245 5656 1889 5657 245 5657 1901 5657 1901 5658 245 5658 262 5658 1901 5659 262 5659 261 5659 1902 5660 241 5660 1890 5660 1890 5661 241 5661 242 5661 1890 5662 242 5662 243 5662 290 5663 289 5663 1902 5663 1902 5664 289 5664 287 5664 1902 5665 287 5665 241 5665 285 5666 284 5667 278 5668 278 5669 284 5670 314 5671 278 5672 314 5673 279 5674 279 5675 314 5675 358 5675 358 5676 314 5677 313 5678 358 5679 313 5679 312 5679 318 5680 1888 5680 320 5680 312 5681 320 5682 358 5683 358 5684 320 5684 1888 5684 358 5685 1888 5685 357 5685 357 5686 1888 5686 1903 5686 333 5687 332 5687 1904 5687 1904 5688 332 5688 356 5688 1904 5689 356 5689 1905 5689 1905 5690 356 5690 355 5690 1905 5691 355 5691 354 5691 1887 5692 455 5692 1904 5692 1904 5693 455 5693 454 5693 1904 5694 454 5694 333 5694 1886 5695 450 5695 1887 5695 1887 5696 450 5696 449 5696 1887 5697 449 5697 451 5697 481 5698 1906 5698 482 5698 482 5699 1906 5699 1907 5699 482 5700 1907 5700 483 5700 481 5701 480 5701 1906 5701 1906 5702 480 5702 478 5702 1906 5703 478 5703 1886 5703 1886 5704 478 5704 479 5704 1886 5705 479 5705 452 5705 421 5706 422 5706 1908 5706 1908 5707 422 5707 423 5707 1908 5708 423 5708 1907 5708 1907 5709 423 5709 484 5709 1907 5710 484 5710 483 5710 421 5711 1908 5711 419 5711 419 5712 1908 5712 1909 5712 419 5713 1909 5713 417 5713 1879 5714 439 5714 1880 5714 1880 5715 439 5715 435 5715 1880 5716 435 5716 1885 5716 1885 5717 435 5718 434 5719 1885 5720 434 5720 432 5720 436 5721 441 5721 1879 5721 1879 5722 441 5722 440 5722 1879 5723 440 5723 439 5723 474 5724 473 5724 1883 5724 1883 5725 473 5725 438 5725 1883 5726 438 5726 1884 5726 1884 5727 438 5728 437 5729 212 5730 211 5730 1910 5730 1910 5731 211 5731 1892 5731 1910 5732 1892 5732 1911 5732 213 5733 212 5733 1893 5733 1893 5734 212 5734 1910 5734 1893 5735 1910 5735 1894 5735 1894 5736 1910 5736 1911 5736 1894 5737 1911 5737 1895 5737 317 5738 290 5738 1888 5738 1888 5739 290 5739 1902 5739 1888 5740 1902 5740 1903 5740 1903 5741 1902 5741 1890 5741 1903 5742 1890 5742 1912 5742 1912 5743 1890 5743 1889 5743 1912 5744 1889 5744 1913 5744 1913 5745 1889 5745 1901 5745 1913 5746 1901 5746 1914 5746 1914 5747 1901 5747 1900 5747 1914 5748 1900 5748 1915 5748 1915 5749 1900 5749 1899 5749 1915 5750 1899 5750 1916 5750 1916 5751 1899 5751 1897 5751 1916 5752 1897 5752 1917 5752 1917 5753 1897 5753 1898 5753 1917 5754 1898 5754 1918 5754 1919 5755 1920 5755 1921 5755 1921 5756 1920 5756 1922 5756 1921 5757 1922 5757 1923 5757 1923 5758 1922 5758 477 5758 1923 5759 477 5759 475 5759 476 5760 477 5760 1891 5760 1891 5761 477 5761 1922 5761 1891 5762 1922 5762 1892 5762 1892 5763 1922 5763 1920 5763 1892 5764 1920 5764 1911 5764 1911 5765 1920 5765 1919 5765 1911 5766 1919 5766 1895 5766 1895 5767 1919 5767 1896 5767 1895 5768 1896 5768 217 5768 217 5769 1896 5769 237 5769 431 5770 444 5770 1885 5770 1885 5771 444 5772 417 5773 1885 5774 417 5774 1880 5774 1880 5775 417 5775 1909 5775 1880 5776 1909 5776 1881 5776 475 5777 474 5777 1923 5777 1923 5778 474 5778 1883 5778 1923 5779 1883 5779 1921 5779 1921 5780 1883 5780 1882 5780 1921 5781 1882 5781 1919 5781 1919 5782 1882 5782 1918 5782 1919 5783 1918 5783 1896 5783 1896 5784 1918 5784 1898 5784 1896 5785 1898 5785 226 5785 226 5786 1898 5786 227 5786 437 5787 436 5787 1884 5787 1884 5788 436 5788 1879 5788 1884 5789 1879 5789 1882 5789 1882 5790 1879 5790 1881 5790 1882 5791 1881 5791 1918 5791 1918 5792 1881 5792 1909 5792 1918 5793 1909 5793 1917 5793 1917 5794 1909 5794 1908 5794 1917 5795 1908 5795 1916 5795 1916 5796 1908 5796 1907 5796 1916 5797 1907 5797 1915 5797 1915 5798 1907 5798 1906 5798 1915 5799 1906 5799 1914 5799 1914 5800 1906 5800 1886 5800 1914 5801 1886 5801 1913 5801 1913 5802 1886 5802 1887 5802 1913 5803 1887 5803 1912 5803 1912 5804 1887 5804 1904 5804 1912 5805 1904 5805 1903 5805 1903 5806 1904 5806 1905 5806 1903 5807 1905 5807 357 5807 357 5808 1905 5808 354 5808</p>
        </triangles>
      </mesh>
    </geometry>
  </library_geometries>
  <library_visual_scenes>
    <visual_scene id="Scene" name="Scene">
      <node id="prop_ccw" name="prop_ccw" type="NODE">
        <matrix sid="transform">2.068981 0 0 0 0 1.70744 0 0 0 0 1.73111 0 0 0 0 1</matrix>
        <instance_geometry url="#EPP1045_A-mesh" name="prop_ccw"/>
      </node>
    </visual_scene>
  </library_visual_scenes>
  <scene>
    <instance_visual_scene url="#Scene"/>
  </scene>
</COLLADA>