<?xml version="1.0" encoding="utf-8"?>
<COLLADA xmlns="http://www.collada.org/2005/11/COLLADASchema" version="1.4.1" xmlns:xsi="http://www.w3.org/2001/XMLSchema-instance">
  <asset>
    <contributor>
      <author>Blender User</author>
      <authoring_tool>Blender 4.5.1 LTS commit date:2025-07-29, commit time:05:31, hash:b0a72b245dcf</authoring_tool>
    </contributor>
    <created>2025-07-31T19:29:34</created>
    <modified>2025-07-31T19:29:34</modified>
    <unit name="meter" meter="1"/>
    <up_axis>Z_UP</up_axis>
  </asset>
  <library_images/>
  <library_geometries>
    <geometry id="EPP1045_B-mesh" name="EPP1045 B">
      <mesh>
        <source id="EPP1045_B-mesh-positions">
          <float_array id="EPP1045_B-mesh-positions-array" count="6933">0.004280805 -3.49403e-4 0.005053937 8.00987e-4 9.87941e-5 0.005053937 7.80527e-4 -1.48098e-4 0.005053937 3.16906e-4 -0.001004755 0.005053937 0.003346025 -0.002840101 0.005053937 6.20205e-4 -6.15126e-4 0.005053937 0.003805756 -0.002070605 0.005053937 0.004120767 -0.001231372 0.005053937 -9.64662e-5 -0.001274824 0.005053937 0.002055406 -0.004074037 0.005053937 0.002756237 -0.003515124 0.005053937 -5.75136e-4 -0.001396059 0.005053937 -0.001067161 -0.00135529 0.005053937 -0.001370131 -0.00485593 0.005053937 -0.005618631 -7.9399e-4 0.005053937 -0.002117693 -3.88255e-4 0.005053937 -0.002198934 9.87941e-5 0.005053937 -0.002117693 5.85843e-4 0.005053937 -0.005618631 9.91578e-4 0.005053937 -0.005698978 9.87941e-5 0.005053937 -0.001882672 0.001020014 0.005053937 -0.004991173 0.002663195 0.005053937 -0.005380153 0.001855611 0.005053937 -4.74687e-4 -0.004896104 0.005053937 4.13601e-4 -0.004775822 0.005053937 0.001266062 -0.004498779 0.005053937 -0.001882672 -8.22525e-4 0.005053937 -0.003816425 -0.003810346 0.005053937 -0.001519381 -0.001156926 0.005053937 -0.003068327 -0.004304111 0.005053937 -0.002244055 -0.004656434 0.005053937 -0.005380153 -0.001658022 0.005053937 -0.004991173 -0.002465665 0.005053937 -0.004464328 -0.003190875 0.005053937 -5.75136e-4 0.001593589 0.005053937 -0.001370131 0.00505346 0.005053937 -0.001067161 0.00155282 0.005053937 -0.002244055 0.004854023 0.005053937 -0.001519381 0.001354455 0.005053937 -9.64662e-5 0.001472353 0.005053937 4.13601e-4 0.004973351 0.005053937 -4.74687e-4 0.005093693 0.005053937 -0.003068327 0.0045017 0.005053937 -0.003816425 0.004007875 0.005053937 -0.004464328 0.003388404 0.005053937 3.16906e-4 0.001202285 0.005053937 0.002055406 0.004271566 0.005053937 0.001266062 0.004696369 0.005053937 6.20205e-4 8.12714e-4 0.005053937 0.003346025 0.003037631 0.005053937 0.002756237 0.003712713 0.005053937 0.004300951 9.87941e-5 0.005053937 0.004280805 5.4699e-4 0.005053937 7.80527e-4 3.45685e-4 0.005053937 0.004120767 0.001428902 0.005053937 0.003805756 0.002268135 0.005053937 7.80527e-4 3.45685e-4 -0.00232464 8.00987e-4 9.87941e-5 -0.00232464 7.80527e-4 -1.48098e-4 -0.00232464 6.20205e-4 -6.15126e-4 -0.00232464 3.16906e-4 -0.001004755 -0.00232464 -9.64662e-5 -0.001274824 -0.00232464 -5.75136e-4 -0.001396059 -0.00232464 -0.001067161 -0.00135529 -0.00232464 -0.001519381 -0.001156926 -0.00232464 -0.001882672 -8.22525e-4 -0.00232464 -0.002117693 -3.88255e-4 -0.00232464 -0.002198934 9.87941e-5 -0.00232464 -0.002117693 5.85843e-4 -0.00232464 -0.001882672 0.001020014 -0.00232464 -0.001519381 0.001354455 -0.00232464 -0.001067161 0.00155282 -0.00232464 -5.75136e-4 0.001593589 -0.00232464 -9.64662e-5 0.001472353 -0.00232464 3.16906e-4 0.001202285 -0.00232464 6.20205e-4 8.12714e-4 -0.00232464 0.004280805 -3.49403e-4 -0.004945933 0.004300951 9.87941e-5 -0.004945933 0.004280805 5.4699e-4 -0.004945933 0.004120767 0.001428902 -0.004945933 0.003805756 0.002268135 -0.004945933 0.003346025 0.003037631 -0.004945933 0.002756237 0.003712713 -0.004945933 0.002055406 0.004271566 -0.004945933 0.001266062 0.004696369 -0.004945933 4.13601e-4 0.004973351 -0.004945933 -4.74687e-4 0.005093693 -0.004945933 -0.001370131 0.00505346 -0.004945933 -0.002244055 0.004854023 -0.004945933 -0.003068327 0.0045017 -0.004945933 -0.003816425 0.004007875 -0.004945933 -0.004464328 0.003388404 -0.004945933 -0.004991173 0.002663195 -0.004945933 -0.005380153 0.001855611 -0.004945933 -0.005618631 9.91578e-4 -0.004945933 -0.005698978 9.87941e-5 -0.004945933 -0.005618631 -7.9399e-4 -0.004945933 -0.005380153 -0.001658022 -0.004945933 -0.004991173 -0.002465665 -0.004945933 -0.004464328 -0.003190875 -0.004945933 -0.003816425 -0.003810346 -0.004945933 -0.003068327 -0.004304111 -0.004945933 -0.002244055 -0.004656434 -0.004945933 -0.001370131 -0.00485593 -0.004945933 -4.74687e-4 -0.004896104 -0.004945933 4.13601e-4 -0.004775822 -0.004945933 0.001266062 -0.004498779 -0.004945933 0.002055406 -0.004074037 -0.004945933 0.002756237 -0.003515124 -0.004945933 0.003346025 -0.002840101 -0.004945933 0.003805756 -0.002070605 -0.004945933 0.004120767 -0.001231372 -0.004945933 0.002230882 0.001790344 -0.004845917 0.002230882 0.001790344 -0.00232464 -6.99009e-4 0.003481984 -0.004845917 -6.99009e-4 0.003481984 -0.00232464 -0.003628909 0.001790344 -0.004845917 -0.003628909 0.001790344 -0.00232464 -0.003628909 -0.001592755 -0.004845917 -0.003628909 -0.001592755 -0.00232464 -6.99009e-4 -0.003284394 -0.004845917 -6.99009e-4 -0.003284394 -0.00232464 0.002230882 -0.001592755 -0.00232464 0.002230882 -0.001592755 -0.004845917 0.002260208 -0.001609683 -0.004916608 0.002238512 -0.001597166 -0.004884183 0.002238512 0.001794755 -0.004884183 0.002244293 0.001798093 -0.004895925 0.002262592 0.001808643 -0.004914224 0.002292633 -0.001628398 -0.004938304 0.00228089 0.001819193 -0.004932522 0.002293348 0.001826345 -0.00493586 0.002330899 0.001848101 -0.004945933 0.002330899 -0.001650512 -0.004945933 -6.99009e-4 0.003490746 -0.004884183 -6.99009e-4 0.003497421 -0.004895925 -6.99009e-4 0.003518581 -0.004914224 -6.99009e-4 0.003539681 -0.004932522 -6.99009e-4 0.003554046 -0.00493586 -6.99009e-4 0.003597438 -0.004945933 -0.003636538 0.001794755 -0.004884183 -0.003658235 0.001807272 -0.004916608 -0.003690659 0.001825988 -0.004938304 -0.003728926 0.001848101 -0.004945933 -0.003636538 -0.001597166 -0.004884183 -0.003658235 -0.001609683 -0.004916608 -0.003690659 -0.001628398 -0.004938304 -0.003728926 -0.001650512 -0.004945933 -6.99009e-4 -0.003293216 -0.004884183 -6.99009e-4 -0.00331819 -0.004916608 -6.99009e-4 -0.003355681 -0.004938304 -6.99009e-4 -0.003399848 -0.004945933 -7.03241e-4 -0.004901885 1.64598e-5 -7.03807e-4 -0.00490117 1.07429e-5 -6.99009e-4 -0.00490117 1.03031e-4 -7.02511e-4 -0.00490278 2.45242e-5 -7.00739e-4 -0.00490427 4.8448e-5 -7.01259e-4 -0.004903972 4.05154e-5 -7.01855e-4 -0.004903435 3.25419e-5 -6.9959e-4 -0.004904031 7.20221e-5 -6.99903e-4 -0.00490427 6.41985e-5 -7.00291e-4 -0.004904389 5.63414e-5 -6.99054e-4 -0.004902184 9.53172e-5 -6.99158e-4 -0.004902958 8.75789e-5 -6.99337e-4 -0.004903614 7.98149e-5 -0.003919601 0.003923594 -0.001075088 -0.003919422 0.003923475 -0.001073062 -0.003922224 0.003921091 -0.001142799 -0.003920912 0.00392431 -0.001095414 -0.003920495 0.00392419 -0.001088559 -0.003920078 0.003923952 -0.001081645 -0.003921747 0.003923773 -0.001115858 -0.003921508 0.003924071 -0.001109063 -0.00392121 0.00392425 -0.001102268 -0.003922164 0.003921985 -0.001136124 -0.003922104 0.0039227 -0.001129388 -0.003921926 0.003923296 -0.001122653 0.009114325 -0.006102979 2.46064e-4 0.009207665 -0.005899012 1.12612e-4 0.01076138 -0.006091773 -1.28046e-5 0.01595377 -0.004363059 -0.001631498 0.01678514 -0.004452288 -0.001654744 0.01675933 -0.005290865 -0.001281082 0.01892781 -0.004682242 -0.001714587 0.01976042 -0.004718661 -0.001699566 0.01973783 -0.00538659 -0.001391649 0.0386309 -0.003488719 7.54107e-5 0.04343765 -0.003348231 6.30888e-4 0.04336583 -0.005101799 0.001442909 0.09390127 -0.003329336 0.001717686 0.09685444 -0.003185212 0.001672565 0.09682893 -0.004158496 0.001975178 0.09982568 -0.003040194 0.001627147 0.1011864 -0.009222269 0.002714812 0.1011024 -0.009727358 0.002804994 0.09968054 -0.01007646 0.002980828 0.101037 -0.01012384 0.002869725 0.1008502 -0.01125639 0.003054678 0.102234 -0.002922654 0.001590371 0.1017607 -0.005768775 0.002098381 0.1012548 -0.005756855 0.002109467 0.08463883 -0.003566741 0.001703023 0.09049296 -0.003416657 0.001712322 0.0908944 -0.004016876 0.001995205 0.09091532 -0.003405869 0.001712977 0.06710124 -0.005227744 0.002506852 0.07123053 -0.003616154 0.001637279 0.0789777 -0.005310237 0.002562403 0.07868289 -0.003588676 0.001673817 0.07904314 -0.003587365 0.001675605 0.05505257 -0.003453433 0.001496374 0.0552895 -0.00345689 0.00150609 0.05528163 -0.003612101 0.001617491 0.05574828 -0.003463566 0.001524806 0.06686079 -0.00357306 0.00160551 0.06716918 -0.003576099 0.001607775 0.05043607 -0.00338608 0.001307666 0.04934692 -0.00356853 0.001339077 0.04935789 -0.003374576 0.001206517 0.04375648 -0.003338873 6.67734e-4 0.04436409 -0.003321111 7.37951e-4 0.0493409 -0.003374397 0.001204907 0.03156113 -0.005112588 -2.09276e-4 0.0316075 -0.00398755 -7.45661e-4 0.03286653 -0.003898143 -5.98472e-4 0.03828537 -0.003513216 3.50216e-5 0.0247758 -0.004671275 -0.001462936 0.02568817 -0.004578411 -0.001367747 0.02566134 -0.005280494 -0.001026034 0.02746206 -0.004397928 -0.001182675 0.03123676 -0.004013895 -7.89007e-4 0.02174121 -0.004805326 -0.001663684 0.02178043 -0.004803597 -0.001661062 0.02470201 -0.004674553 -0.001467823 0.01884043 -0.004672825 -0.001712143 0.009541809 -0.005169332 -3.64837e-4 0.009791195 -0.004624783 -7.21131e-4 0.01078271 -0.004748225 -8.0302e-4 0.009864866 -0.004463851 -8.26402e-4 0.01544475 -0.004308462 -0.001617252 0.01377224 -0.005075275 -0.001058757 0.01379466 -0.004034936 -0.001535952 0.01078712 -0.003536403 -0.001387715 0.01031237 -0.003457725 -0.00136435 0.008372962 -0.007505238 0.001708865 0.008585631 -0.007166981 0.00120002 0.01072496 -0.007341563 0.001001656 0.008840203 -0.006654679 7.40688e-4 0.008306026 -0.007611751 0.001869082 0.008318781 -0.007591485 0.001838564 0.01069498 -0.008162498 0.002285778 0.01070588 -0.00785464 0.001646161 0.01121997 -0.008283495 0.002377331 0.01367336 -0.008134782 0.001424491 0.01959246 -0.008956611 0.001797735 0.01659256 -0.009353935 0.003216624 0.01662248 -0.008801639 0.001937508 0.01374149 -0.00882852 0.002796053 0.01365333 -0.008561015 0.00215274 0.01364058 -0.008809924 0.002781152 0.01295721 -0.008683979 0.002680361 0.01954722 -0.009831488 0.003607749 0.01929593 -0.00979793 0.003579199 0.01955223 -0.009742319 0.00333029 0.01822859 -0.009655416 0.003457903 0.0254696 -0.01055914 0.004184007 0.02488994 -0.01049864 0.004143953 0.02547472 -0.01038539 0.003857016 0.02329903 -0.01033252 0.004034101 0.02272546 -0.01025593 0.003968954 0.03139424 -0.01114964 0.004450738 0.0304467 -0.0110597 0.004430949 0.03139555 -0.01104831 0.004341363 0.0292918 -0.01095008 0.004406809 0.02843803 -0.01086908 0.004388988 0.03392761 -0.01139008 0.004503607 0.0373165 -0.01134318 0.004209578 0.03731679 -0.01169645 0.004481554 0.04160392 -0.01208394 0.004453599 0.04323387 -0.01163011 0.00420022 0.04323869 -0.01223164 0.004442989 0.04915225 -0.01187723 0.004308164 0.04720377 -0.01254558 0.004402935 0.043608 -0.01226502 0.004440546 0.05507844 -0.01205283 0.004413783 0.05281591 -0.0129835 0.004344165 0.04916244 -0.01269841 0.004382431 0.06071323 -0.01335126 0.004174113 0.05509018 -0.0130952 0.004297256 0.05306762 -0.01300311 0.004341542 0.06102383 -0.01335519 0.004166245 0.06101733 -0.01090151 0.004360496 0.06483674 -0.01340305 0.004069745 0.06696361 -0.01096022 0.004173398 0.07687902 -0.0132988 0.003767967 0.07884383 -0.01249754 0.003832936 0.07749372 -0.0132876 0.003752648 0.07884341 -0.01322591 0.003725111 0.06858885 -0.01345014 0.003974735 0.066962 -0.01342976 0.004015922 0.07885169 -0.01108962 0.003910839 0.09299772 -0.01234978 0.00340712 0.09072721 -0.01253491 0.003463804 0.09073472 -0.01128083 0.003645539 0.08890455 -0.01268357 0.003509342 0.08843988 -0.01272147 0.003520965 0.09913927 -0.01153665 0.003149151 0.09835684 -0.01166486 0.003192305 0.09668141 -0.01145279 0.00332266 0.09667754 -0.01187944 0.003259658 0.09489536 -0.01210725 0.003331065 0.01666778 -0.00782752 6.10913e-4 0.01961493 -0.008476018 0.00112611 0.01369476 -0.007624149 7.88718e-4 0.01963853 -0.007943153 5.14294e-4 0.02260339 -0.007966935 5.55352e-4 0.02553868 -0.008492231 0.00131601 0.02555972 -0.007916986 7.78759e-4 0.03146493 -0.007832586 0.001383543 0.0180974 -0.009631216 0.003438591 0.01957142 -0.009380221 0.002531766 0.02550256 -0.009524881 0.002505362 0.0255196 -0.00902903 0.001891076 0.03143167 -0.009032905 0.002284944 0.0373404 -0.00913918 0.002739846 0.0432763 -0.007990419 0.002698481 0.05507802 -0.01081603 0.004389584 0.04915142 -0.01070338 0.004108011 0.04323548 -0.01051533 0.003745138 0.03732275 -0.01029765 0.003462016 0.03140854 -0.01010835 0.003268718 0.02548754 -0.009977638 0.003160357 0.06700968 -0.008175015 0.003677427 0.06698095 -0.009588181 0.0040102 0.06106048 -0.008165538 0.003859281 0.06103247 -0.009560823 0.004202246 0.05511724 -0.008138656 0.003844022 0.05509078 -0.009511828 0.004202425 0.0491901 -0.008089601 0.003385663 0.04916405 -0.009439527 0.003804028 0.04324972 -0.009300708 0.00324577 0.09075188 -0.009798884 0.003642857 0.09077745 -0.008338928 0.00344634 0.0967006 -0.009956121 0.003301143 0.0967276 -0.008499085 0.003073334 0.09970867 -0.008626639 0.002716422 0.1011967 -0.0086717 0.002621233 0.1012776 -0.008673787 0.002616941 0.09965807 -0.01145166 0.003120481 0.06704986 -0.006721377 0.003175139 0.06110167 -0.006715238 0.003323435 0.06115627 -0.005209565 0.002587258 0.09084957 -0.005454301 0.002597272 0.09976822 -0.005714297 0.00216943 0.09679293 -0.005609214 0.002377092 0.09081035 -0.006893157 0.003088116 0.07889568 -0.008230209 0.003575921 0.07886898 -0.009667277 0.00382626 0.08660238 -0.01287132 0.003566861 0.07893192 -0.00677812 0.003155291 0.01968783 -0.00674051 -5.40946e-4 0.01671481 -0.006635069 -4.47124e-4 0.01373702 -0.006419301 -2.52127e-4 0.05521249 -0.005188047 0.002560138 0.05515772 -0.006697058 0.003300666 0.04928171 -0.005150139 0.002160131 0.04922938 -0.006658315 0.002840757 0.04331505 -0.006589412 0.002098679 0.03150814 -0.006521701 5.54722e-4 0.02560716 -0.006661176 -1.89341e-4 0.02265268 -0.006742775 -4.74972e-4 0.09816342 0.007496953 -1.78727e-4 0.1038952 0.007092773 -8.31959e-5 0.1027693 2.96774e-4 0.001004755 0.03976321 0.002555012 -0.00234878 0.04529947 0.003439962 -0.001649439 0.04449707 -1.62085e-4 -4.67699e-4 0.01229596 0.001552462 -0.002744615 0.01230829 0.001597225 -0.002725541 0.01526731 0.001454234 -0.003397881 0.0495426 0.01013642 -0.003240644 0.04664969 0.00950402 -0.003528416 0.04684537 0.01042908 -0.003768324 0.04114812 0.008654177 -0.004291296 0.05271065 0.01167494 -0.003260016 0.05871474 0.01238638 -0.002815663 0.05845826 0.01126605 -0.002518713 0.06665003 0.01352858 -0.002515733 0.07033747 0.01346582 -0.00230515 0.06929081 0.008346855 -0.001141607 0.1041264 0.008486747 -3.14275e-4 0.09892386 0.01206064 -9.83953e-4 0.1046109 0.01140749 -7.98456e-4 0.1045538 0.01106303 -7.4135e-4 0.06461381 0.01343506 -0.002648174 0.06350928 0.008332729 -0.001402974 0.0676431 2.19436e-4 6.44475e-4 0.07769376 0.01334059 -0.001885116 0.08084744 0.008092403 -6.88594e-4 0.08177828 0.01311373 -0.001708209 0.09239655 0.007703304 -3.1895e-4 0.09722745 0.01225548 -0.001039206 0.09321522 0.01247835 -0.001212954 0.05889302 0.01315551 -0.003021597 0.05287659 0.0123251 -0.003453493 0.05134344 0.01211351 -0.003563523 0.04991412 0.01173895 -0.003674268 0.04699152 0.01097297 -0.003900766 0.04975581 0.01112806 -0.003508925 0.05248057 0.01062661 -0.002970933 0.05773568 0.008126437 -0.001683831 0.02368921 0.002654671 -0.00493282 0.02425432 0.002662777 -0.005073547 0.02128714 0.002171814 -0.004630327 0.01356184 0.00195533 -0.002693891 0.01537472 0.002007663 -0.003140509 0.01537108 0.0018543 -0.003220558 0.01833379 0.002093076 -0.003869593 0.01832234 0.001936614 -0.003975212 0.01996535 0.002140164 -0.004271566 0.02129495 0.002323865 -0.00450766 0.02424603 0.002823829 -0.004968225 0.02714407 0.00370413 -0.005152761 0.02714824 0.00356543 -0.005221188 0.02723884 0.003732919 -0.005158782 0.02994382 0.004717171 -0.005140304 0.01236623 0.001808583 -0.002635478 0.01535004 0.001752316 -0.003296732 0.01821184 0.001479208 -0.004125297 0.01829975 0.001817703 -0.004046142 0.02117735 0.001653611 -0.004742264 0.0212655 0.0020352 -0.004692137 0.02415454 0.002080798 -0.005140066 0.02423673 0.002508103 -0.005123138 0.02706199 0.002914845 -0.005242764 0.02713561 0.003392219 -0.005257666 0.02984553 0.003994882 -0.005124092 0.02992743 0.004525125 -0.0051651 0.03541058 0.005988836 -0.004674851 0.03553205 0.006633102 -0.004776775 0.04098922 0.007874011 -0.0041188 0.03556758 0.006868004 -0.004781901 0.044936 0.01043426 -0.004060029 0.04126036 0.009103834 -0.004335463 0.0358442 0.007143318 -0.004741311 0.03558844 0.00704199 -0.004753768 0.02996194 0.004812121 -0.005026698 0.0117861 1.47248e-4 -0.002626001 0.01199346 7.18712e-4 -0.002674221 0.0149309 4.76267e-4 -0.003353774 0.01225465 0.001438558 -0.002735018 0.01785606 3.97605e-4 -0.003988623 0.02081197 4.59647e-4 -0.00450474 0.02379202 7.61864e-4 -0.004803836 0.02671051 0.001448571 -0.004824995 0.02947753 0.002368211 -0.004648387 0.03496605 0.004036605 -0.004088103 0.04047435 0.005564153 -0.003423213 0.04606389 0.006834864 -0.002740085 0.0518223 0.007663369 -0.002123832 0.03898525 -6.7786e-4 -0.00110042 0.0376954 -7.98563e-4 -0.001248538 0.03430408 0.001434683 -0.003053247 0.03354847 -0.001438558 -0.001742184 0.02887195 1.66184e-4 -0.003682613 0.02813673 -0.002273797 -0.002386391 0.02611654 -5.44488e-4 -0.003911793 0.02721512 -0.002416074 -0.002496123 0.02022325 -0.001193106 -0.003810405 0.01797705 -0.002950251 -0.00268799 0.01728737 -0.001123607 -0.003440618 0.01660686 -0.002784729 -0.002550721 0.01439082 -9.24497e-4 -0.002954781 0.02536845 -0.002657651 -0.002620458 0.02247327 -0.003036439 -0.002815365 0.02319455 -0.001042485 -0.003981709 0.02246212 -0.00303626 -0.002815067 0.01951038 -0.002979636 -0.002731442 0.01089328 -0.002094626 -0.001978099 0.01108169 -0.001629829 -0.002131342 0.07376211 1.92994e-4 7.62846e-4 0.0969578 2.16118e-4 0.00102663 0.09431332 1.79417e-4 0.001036584 0.09110802 1.81535e-4 9.93908e-4 0.07938063 1.89282e-4 8.37689e-4 0.01240557 0.00201261 -0.002452075 0.01239585 0.001944363 -0.002533495 0.01239347 0.001927495 -0.002553641 0.01238775 0.001886844 -0.0026021 0.05907505 0.01318067 -0.003008544 0.01150459 -5.86409e-4 -0.00247538 0.01165115 -2.24833e-4 -0.00259459 0.0509932 0.003964722 -0.001039087 0.05683732 0.004238188 -6.47303e-4 0.06177526 2.44793e-4 5.30963e-4 0.05628132 2.68534e-4 4.24685e-4 0.05591779 2.59505e-4 4.00073e-4 0.05014264 1.16046e-4 9.05023e-6 0.04650312 2.56387e-5 -2.37376e-4 0.01239347 0.002042233 -0.002322912 0.01238775 0.00205636 -0.002261221 0.01536309 0.001989543 -0.002911567 0.01232594 0.002007186 -0.002003252 0.01232039 0.002000331 -0.001984894 0.01529073 0.00201112 -0.002662599 0.03558743 0.00720191 -0.004679024 0.03559035 0.00716114 -0.004710853 0.02993202 0.004956364 -0.00501281 0.01236748 0.002040207 -0.002176582 0.0123552 0.002030491 -0.002125561 0.01533746 0.001982688 -0.00277698 0.03554505 0.007250726 -0.004501104 0.03556019 0.007255733 -0.00455302 0.02986896 0.005031406 -0.004795074 0.0384075 0.008359074 -0.004409432 0.04689502 0.01140427 -0.003898262 0.04702973 0.01143723 -0.003890633 0.04703134 0.01144343 -0.003901779 0.04557669 0.0109809 -0.004003763 0.04703342 0.01143997 -0.00391829 0.04703342 0.01143574 -0.003921091 0.05447751 0.01310956 -0.003458738 0.05297094 0.01288974 -0.003554582 0.05320829 0.01294779 -0.003541111 0.104684 0.0118457 -8.80736e-4 0.09900701 0.01256078 -0.001083254 0.1046863 0.01185947 -8.84099e-4 0.1046866 0.0118612 -8.84619e-4 0.104688 0.01186954 -8.87301e-4 0.1046884 0.01187151 -8.88166e-4 0.1046885 0.01187217 -8.88982e-4 0.1046878 0.01186853 -8.86831e-4 0.1046874 0.01186585 -8.86019e-4 0.08473521 0.01351088 -0.001692712 0.0875914 0.01334023 -0.001567721 0.08189755 0.01365774 -0.001805186 0.09330391 0.01299893 -0.001317739 0.09329867 0.01297575 -0.001303911 0.09742265 0.01275283 -0.001137495 0.08185636 0.01358038 -0.001766264 0.09328371 0.01291096 -0.001263976 0.09899348 0.01249653 -0.001052141 0.104683 0.01183998 -8.79341e-4 0.06470185 0.01392215 -0.002747595 0.06735467 0.01411628 -0.002611935 0.0704239 0.0139653 -0.002388656 0.07045018 0.01404905 -0.002433359 0.07874161 0.01386904 -0.001955032 0.05894792 0.01341432 -0.003086507 0.05294686 0.01278293 -0.003541111 0.05898696 0.01358979 -0.003132164 0.05296432 0.01287466 -0.003557384 0.03842085 0.008327186 -0.004479348 0.04126536 0.009424626 -0.004294753 0.0412656 0.009409129 -0.004305541 0.04413092 0.01045525 -0.004116892 0.04412943 0.01043647 -0.004122793 0.04702615 0.01136869 -0.00393325 0.04703146 0.01140958 -0.003929436 0.04557657 0.01095438 -0.004020512 0.04413163 0.01047044 -0.004109859 0.04703283 0.01142448 -0.0039258 0.04557722 0.01096761 -0.004014611 0.04413151 0.01048219 -0.004101634 0.04126435 0.009436786 -0.004282832 0.03841865 0.008339822 -0.004463672 0.0355814 0.007231295 -0.004642069 0.05523264 0.01320582 -0.003409743 0.05561101 0.01325404 -0.003385186 0.05599021 0.01330238 -0.003360569 0.04851573 0.01180076 -0.003807067 0.04703217 0.01144742 -0.003908216 0.0500015 0.01216375 -0.003722548 0.04703319 0.01144331 -0.00391519 0.04557704 0.01097732 -0.004007637 0.0441299 0.01049333 -0.004087209 0.04412895 0.01049536 -0.004081845 0.04125672 0.009453773 -0.004240036 0.04125267 0.009452939 -0.004223585 0.04557615 0.01098352 -0.003999531 0.04412651 0.01049679 -0.004070341 0.04124784 0.009449005 -0.004206001 0.04851561 0.01180046 -0.003806591 0.02124273 0.002390742 -0.004182457 0.02120304 0.002417445 -0.003980636 0.02224719 0.002522528 -0.00421077 0.02418845 0.002921283 -0.004650831 0.02412605 0.002984702 -0.004434287 0.02584862 0.003408432 -0.004639208 0.02706021 0.003854274 -0.004836022 0.02699309 0.003868401 -0.004646122 0.01831448 0.002108871 -0.003661811 0.01828783 0.002110958 -0.003520071 0.02127259 0.002380609 -0.004325747 0.02422422 0.002905309 -0.004790008 0.02710151 0.003836214 -0.004966497 0.02990674 0.005013287 -0.004915058 0.03557229 0.007249236 -0.004600048 0.03841567 0.008349299 -0.004446744 0.04126256 0.009445667 -0.004269719 0.04126006 0.009451329 -0.004255473 0.04413062 0.01049047 -0.004092335 0.02953267 0.00488907 -0.00466156 0.02982169 0.005001842 -0.004650354 0.03552865 0.007228493 -0.004429161 0.03872883 0.008477151 -0.004305183 0.0412622 0.009385228 -0.004178941 0.04125034 0.009246587 -0.00434482 0.03559023 0.007109165 -0.004737436 0.04700541 0.01124143 -0.003926575 0.04993885 0.01201426 -0.00371623 0.05291444 0.01262456 -0.003505527 0.05148673 0.01252686 -0.003638505 0.05296456 0.01288378 -0.003555715 0.03842186 0.008246123 -0.004529774 0.03842294 0.008292794 -0.004507064 0.04125863 0.00931406 -0.004336655 0.04126369 0.00936824 -0.004323542 0.044124 0.01038837 -0.004131078 0.04701751 0.01131272 -0.003932297 0.0484907 0.01178425 -0.003836631 0.02994006 0.004913806 -0.005053222 0.02424705 0.002857446 -0.004906177 0.02128976 0.002340972 -0.004447102 0.02713 0.003783047 -0.005073904 0.01239639 0.002035081 -0.002354085 0.01537692 0.001970171 -0.003029108 0.01832884 0.002079069 -0.003783762 0.02992093 0.004989564 -0.004966735 0.1046807 0.01182645 -8.76538e-4 0.10467 0.01176184 -8.63164e-4 0.1046565 0.01168102 -8.48404e-4 0.08187919 0.01368153 -0.001817703 0.01825088 0.002120554 -0.003330051 0.01723301 0.002018153 -0.003105759 0.05751532 0.01349675 -0.003261625 0.0590223 0.01368886 -0.003163814 0.06009364 0.01382541 -0.003094255 0.06473296 0.01401126 -0.002786099 0.01178407 0.001010596 -8.78128e-4 0.01153945 5.46113e-4 -3.99792e-4 0.01448845 4.80384e-4 -7.90171e-4 0.0576958 0.008141696 -0.001211047 0.05785876 0.004312098 -2.0645e-5 0.06261616 0.004347085 1.38754e-4 0.1045535 0.01107037 -6.81767e-4 0.1046021 0.01136046 -7.46042e-4 0.09891992 0.0120747 -8.94048e-4 0.1046564 0.01168501 -8.17966e-4 0.1046679 0.01175355 -8.33149e-4 0.09899079 0.01248991 -0.001013636 0.1046884 0.01187193 -8.85733e-4 0.01108074 -4.63815e-4 2.18399e-4 0.01093119 -7.93166e-4 4.2e-4 0.01384848 -8.7422e-4 2.75656e-4 0.1041549 0.008688211 -1.53888e-4 0.1043246 0.009702742 -3.78705e-4 0.09862142 0.01030069 -4.89402e-4 0.1041264 0.008517265 -1.22235e-4 0.06417196 0.01154083 -0.001860797 0.06538516 0.004367411 2.3153e-4 0.06992095 0.01155889 -0.001555502 0.06844276 0.004309237 2.90332e-4 0.08140641 0.01120167 -0.001048803 0.1033133 0.003629684 7.82749e-4 0.09753507 0.003747284 7.57678e-4 0.09172475 0.00386554 7.32468e-4 0.09288555 0.01063138 -6.51068e-4 0.09134876 0.003873169 7.30836e-4 0.08008885 0.004087507 5.14297e-4 0.02241855 -2.8783e-4 -6.43027e-4 0.01959043 -6.45702e-4 -3.77124e-4 0.01885557 -0.00227493 9.41607e-4 0.0180881 -0.002346336 9.7466e-4 0.01672816 -8.22519e-4 -4.55085e-5 0.01603275 -0.002329111 0.001071035 0.02164316 -0.002015531 8.21555e-4 0.02325606 -0.001865446 7.52092e-4 0.02519541 3.43011e-4 -7.67346e-4 0.02439582 -0.001639127 7.48671e-4 0.0280373 0.001143574 -7.63815e-4 0.02723425 -0.001075506 7.40154e-4 0.03278136 2.59274e-5 7.23509e-4 0.03390806 0.002753973 -8.2741e-4 0.03310388 9.91219e-5 7.0674e-4 0.03978008 0.004495203 -0.001037716 0.03897464 0.001431405 4.01492e-4 0.04569363 0.006184637 -0.001257419 0.05599015 0.0133028 -0.003359913 0.05297458 0.01289373 -0.003541707 0.0590164 0.01372057 -0.003152608 0.04997617 0.01219832 -0.003682374 0.05296951 0.01288646 -0.003530561 0.04704272 0.01142603 -0.003854155 0.05295568 0.01287025 -0.003501534 0.04996234 0.0122177 -0.003661036 0.04993015 0.01210784 -0.003569185 0.04696828 0.01127976 -0.003696501 0.04700595 0.01139599 -0.003806531 0.041206 0.009378433 -0.004063367 0.02684038 0.003676533 -0.004254281 0.02966046 0.004832923 -0.004240214 0.04115378 0.009252965 -0.003911614 0.03540492 0.007039904 -0.004088759 0.02398777 0.002754688 -0.004052221 0.0179345 0.001619458 -0.002458155 0.02086418 0.001912474 -0.003059029 0.01499867 0.001472473 -0.00181055 0.01226383 0.001921832 -0.001816213 0.01225811 0.001910924 -0.001805067 0.01201707 0.001453101 -0.001333653 0.1046877 0.01186853 -8.80265e-4 0.104688 0.01187002 -8.82679e-4 0.1046882 0.01187086 -8.84003e-4 0.09900248 0.01254034 -0.00106436 0.1046855 0.01185643 -8.70681e-4 0.1046866 0.01186239 -8.75386e-4 0.1046744 0.01179277 -8.41849e-4 0.1046807 0.01182883 -8.58186e-4 0.1046834 0.01184475 -8.65376e-4 0.08187884 0.01370561 -0.001787722 0.0933035 0.01302486 -0.001286208 0.09616076 0.01284831 -0.001181125 0.09329897 0.01300662 -0.001263976 0.09330344 0.01302981 -0.001280307 0.08187878 0.01371103 -0.001781105 0.09328073 0.01290643 -0.001220881 0.07616478 0.01397156 -0.002084553 0.07044911 0.01410502 -0.00240308 0.07044923 0.01409673 -0.002407431 0.06472927 0.01405465 -0.002766728 0.06472855 0.01406323 -0.002763092 0.05901491 0.01372867 -0.003149926 0.08187383 0.01368719 -0.001761913 0.07044368 0.01408147 -0.002381145 0.06472283 0.01404029 -0.002740204 0.05900877 0.01370674 -0.00312668 0.0818535 0.01358312 -0.001711487 0.05292761 0.0127663 -0.003424406 0.05594503 0.0132606 -0.003258287 0.0589835 0.01360708 -0.003063917 0.06469899 0.01393735 -0.002679347 0.07042115 0.01397693 -0.002323269 0.09320485 0.01247531 -0.001090824 0.08176797 0.01313275 -0.001559853 0.07032573 0.01352107 -0.002148211 0.06459838 0.01348632 -0.002493739 0.0588774 0.01316839 -0.002870023 0.05583995 0.01282548 -0.003053367 0.05281913 0.01232832 -0.003196537 0.04981464 0.01166433 -0.003309011 0.04684269 0.01083087 -0.003397166 0.04099953 0.00880444 -0.00352329 0.03521716 0.00661391 -0.003614902 0.02943694 0.004455983 -0.00370866 0.02660965 0.003334581 -0.003710031 0.0237717 0.002438664 -0.003506839 0.01318782 -0.002305269 0.001204431 0.01213109 -0.002296388 0.001253962 0.01031237 -0.002155482 0.001253902 0.04395389 0.00256139 1.42599e-4 0.04488801 0.002723872 1.08694e-4 0.04868048 0.006896674 -0.001329421 0.0508421 0.003759622 -1.07419e-4 0.05168551 0.007465124 -0.001356124 0.05107897 0.003800809 -1.16014e-4 0.0546922 0.007880806 -0.001322865 0.05382782 0.004008114 -7.73467e-5 0.05679738 0.004232048 -3.5575e-5 0.01740032 5.98732e-4 -0.001293182 0.02029919 8.54912e-4 -0.001779735 0.02316814 0.001321375 -0.002156496 0.0259754 0.002114534 -0.0023368 0.02881395 0.003108859 -0.002346396 0.0346539 0.005061566 -0.002352595 0.0404942 0.007101655 -0.002429485 0.04638516 0.009032249 -0.002488076 0.04937106 0.009836614 -0.002483606 0.05238246 0.01047915 -0.002442121 0.05540245 0.01095592 -0.002352714 0.05842888 0.01127177 -0.002200722 0.1273009 0.0050987 -1.12769e-4 0.1246752 0.006482303 -2.19256e-4 0.1259891 0.005789995 -1.65973e-4 0.1105067 0.01052993 -6.70662e-4 0.1076026 0.01129502 -7.94699e-4 0.1233619 0.007174432 -2.72523e-4 0.1220684 0.007728099 -3.08563e-4 0.1177736 0.009132802 -4.62359e-4 0.1163221 0.009446501 -5.09791e-4 0.1177172 0.009150803 -4.6421e-4 0.1212671 0.006399512 -1.60727e-4 0.1227787 0.001810789 2.86695e-4 0.1197592 0.006616353 -1.67393e-4 0.1210599 0.001420319 3.75249e-4 0.1166621 0.007018864 -1.81986e-4 0.1243858 0.002175927 2.03905e-4 0.1227191 0.006169974 -1.55643e-4 0.1256382 0.002886056 9.02974e-5 0.1240601 0.005946457 -1.58079e-4 0.1163314 0.0094347 -5.03644e-4 0.1164071 0.008882403 -4.24231e-4 0.1193437 0.008250236 -3.47247e-4 0.1221944 0.007426619 -2.76369e-4 0.1248486 0.006372034 -2.11772e-4 0.1227062 0.0075199 -2.99113e-4 0.1224985 0.007629334 -3.07535e-4 0.1220168 0.007782638 -3.23321e-4 0.1206026 0.008232653 -3.69662e-4 0.1192438 0.008642196 -3.94403e-4 0.1191871 0.008683025 -4.16042e-4 0.1263097 0.005433857 -1.53473e-4 0.1252356 0.005714297 -1.62639e-4 0.1104036 0.007755994 -2.41928e-4 0.1104867 0.009993374 -5.83389e-4 0.1060913 0.01161539 -8.44078e-4 0.1105115 0.01065623 -6.93686e-4 0.1105092 0.01067882 -6.99728e-4 0.1134157 0.01006269 -6.04759e-4 0.1163459 0.009329438 -4.86832e-4 0.127068 0.004525065 -1.16844e-4 0.1269756 0.004404425 -1.02082e-4 0.1264105 0.003666102 -1.17499e-5 0.1259477 0.003061652 6.2212e-5 0.1153539 9.59328e-4 6.41544e-4 0.1174681 0.001130104 5.42872e-4 0.1030376 0.001969873 0.001074373 0.1027693 3.53905e-4 0.001352608 0.1101417 6.87797e-4 0.001101672 0.1105116 0.01065856 -6.76878e-4 0.117447 -0.007552564 0.001846015 0.1186149 -0.007251143 0.001726806 0.118615 -0.007229685 0.001745343 0.1097946 -0.008674323 0.002418935 0.109878 -0.006425321 0.002146959 0.1014124 -0.007839322 0.002649247 0.1016463 -0.006421864 0.002455294 0.1275643 0.004251956 -8.75507e-5 0.1271929 0.004763841 -1.00072e-4 0.1280631 -0.001006901 4.62037e-4 0.1281204 -8.58829e-4 4.41139e-4 0.1281237 -4.58042e-4 3.89402e-4 0.1248497 0.006374299 -1.86277e-4 0.1192445 0.008644938 -3.68074e-4 0.1008516 -0.01124686 0.003060638 0.1008509 -0.01125138 0.003057837 0.1097619 -0.009364485 0.002441942 0.1008507 -0.01125288 0.003056883 0.1163317 0.009436368 -4.89539e-4 0.1220688 0.007730066 -2.87305e-4 0.1221953 0.007430851 -2.30783e-4 0.116665 0.00703603 -4.54284e-5 0.119762 0.006629645 -4.50745e-5 0.119345 0.008256196 -2.90788e-4 0.1276974 0.001542627 2.24067e-4 0.1269898 0.004396915 -5.51505e-5 0.1264684 0.00363326 8.1393e-5 0.1263104 0.005435466 -1.25116e-4 0.1252379 0.005719304 -1.07397e-4 0.1206083 -0.006736636 0.001523315 0.120807 -0.006641328 0.001513719 0.1186008 -0.007121384 0.001749038 0.1207881 -0.006539106 0.001518368 0.1185401 -0.006668686 0.001725196 0.1229174 -0.005781948 0.001280307 0.1229323 -0.00586605 0.001263618 0.1208077 -0.006661951 0.001501023 0.1207076 -0.006111562 0.001500308 0.1228181 -0.005385458 0.00126785 0.1249275 -0.004750669 0.001052677 0.124812 -0.004394292 0.001044869 0.1258954 -0.00421375 9.25831e-4 0.1258948 -0.004213094 9.25802e-4 0.1249261 -0.004802405 0.001036882 0.123956 -0.005391597 0.001148104 0.123565 -0.005629003 0.001192927 0.1182861 -0.004796504 0.001541256 0.1203707 -0.004342913 0.001344501 0.1224033 -0.00374484 0.001140296 0.1243305 -0.002919197 9.42982e-4 0.1260553 -0.001799881 7.44645e-4 0.1276688 0.003356814 -8.86004e-6 0.1240627 0.005954265 -7.81681e-5 0.1256739 0.002846717 2.4469e-4 0.1261227 0.003237962 1.6212e-4 0.1272833 -2.67869e-4 5.00851e-4 0.1275753 6.28132e-4 3.60674e-4 0.1277895 -0.001251637 5.53423e-4 0.1280319 -1.9629e-4 3.99278e-4 0.1267056 -0.003366053 8.27292e-4 0.126679 -0.00340116 8.05276e-4 0.1274481 -0.002559781 6.93739e-4 0.1274537 -0.002579987 6.83996e-4 0.1274552 -0.002575814 6.89423e-4 0.1274467 -0.002597928 6.86529e-4 0.1270712 -0.002990841 7.44617e-4 0.1274182 -0.002494513 6.99347e-4 0.1272918 -0.002221226 6.96914e-4 0.1267645 -0.001090049 6.30829e-4 0.1250885 0.002491295 3.20283e-4 0.1227209 0.006179451 -5.68753e-5 0.1276555 -0.002058744 6.10453e-4 0.121269 0.006410717 -4.85325e-5 0.1278824 0.003028631 -4.25651e-6 0.1276814 0.004090666 -8.86907e-5 0.1281331 6.73578e-4 2.43325e-4 0.1281402 0.001534402 1.32193e-4 0.1280839 8.82407e-4 2.4957e-4 0.1280958 0.001798927 1.08241e-4 0.1279074 0.002919137 6.81226e-6 0.1277096 0.004051864 -9.11205e-5 0.1278131 0.003480017 -4.397e-5 0.1277163 0.004042625 -9.26856e-5 0.1277199 0.004034459 -9.41701e-5 0.1278599 -0.001531362 5.36039e-4 0.1281284 1.07425e-4 3.16408e-4 0.1259121 -0.004203557 9.23909e-4 0.1265797 -0.003061354 8.2315e-4 0.1008549 -0.01122516 0.003066658 0.1008526 -0.01123929 0.003065407 0.1008522 -0.01124233 0.003063499 0.1097697 -0.009348988 0.002458691 0.1097745 -0.009218633 0.002460122 0.1008823 -0.01105517 0.003067016 0.1008692 -0.01113545 0.003071367 0.1008656 -0.01115739 0.003072559 0.1008581 -0.01120531 0.003068387 0.100985 -0.01042914 0.003003597 0.1009296 -0.01076459 0.003049552 0.1009219 -0.01081174 0.003053724 0.111145 -0.009070813 0.002346813 0.1243886 0.002194046 3.85096e-4 0.1228003 0.001750826 4.94034e-4 0.1210836 0.001448392 5.98647e-4 0.1192978 0.001254439 7.04705e-4 0.1174766 0.001127481 8.04893e-4 0.1105069 0.01053488 -6.35634e-4 0.1104873 0.01000404 -5.08284e-4 0.1164085 0.008890151 -3.61196e-4 0.1163465 0.009333014 -4.57435e-4 0.1104047 0.007779598 -7.92345e-5 0.1277179 0.004039466 -9.42581e-5 0.1275096 0.004568696 -1.03507e-4 0.008013904 0.002546072 -0.001899182 0.007406532 0.002687215 -0.001830637 0.007385611 0.00268352 -0.00173062 0.001492917 -0.00565958 7.15597e-4 0.003685355 -0.006418168 0.001328229 0.003687262 -0.0063591 0.001431643 0.003705084 -0.006259977 0.001524209 -3.76175e-4 -0.004883587 3.92946e-4 -6.1145e-4 -0.004900634 2.33387e-4 -6.10094e-4 -0.004900634 2.35419e-4 0.001819908 -0.004220187 0.001236021 0.003792881 -0.005932688 0.001666784 0.001906275 -0.004155695 0.001244068 0.004185318 -0.004768252 0.0017277 0.002721607 -0.003547072 0.001319885 8.38716e-4 -0.004658997 9.81739e-4 2.20348e-4 -0.004796683 7.21456e-4 -6.95547e-5 -0.004861235 5.99434e-4 0.003361284 -0.002818822 0.001257538 0.004800915 -0.003128409 0.001461684 0.00337392 -0.002796411 0.001252889 0.005479991 -0.001425504 9.63157e-4 0.004113554 -0.001138269 8.45307e-4 0.003890573 -0.001884162 0.001063108 0.006167829 2.13683e-4 2.92931e-4 0.004290342 4.1511e-4 3.31876e-4 0.004226565 -7.60328e-4 7.34914e-4 0.006811022 0.001651763 -5.17515e-4 0.004097342 0.001463055 -4.92589e-5 0.00425601 6.01514e-4 2.64087e-4 0.004389584 0.002149343 -3.98068e-4 0.003772556 0.002287924 -3.45722e-4 0.004074931 0.001584708 -9.3487e-5 0.00366491 0.002538144 -4.35482e-4 0.004790604 0.003031313 -0.001066446 0.003006637 0.0034554 -7.56512e-4 0.002956688 0.003504812 -7.80709e-4 0.004891753 0.003208458 -0.001352965 0.002616941 0.003840863 -9.45309e-4 0.002524197 0.003921091 -0.001142799 0.002523481 0.003924131 -0.001108407 0.003912687 0.003499209 -0.001436531 0.0049178 0.003234326 -0.001478552 0.004941999 0.003260016 -0.001552641 0.002544224 0.003904223 -0.001018464 0.00253582 0.003911256 -0.001038491 0.002521395 0.003923475 -0.001073062 0.00714761 -0.003598272 0.001782298 0.009718596 -0.003549396 0.001880049 0.007873296 -0.001846909 0.001146733 0.01001954 -0.002836108 0.001576364 0.008315503 -0.007216572 0.002608716 0.006061613 -0.006521403 0.002180635 0.008296787 -0.007271647 0.002605915 0.005964338 -0.006873011 0.002051889 0.008258998 -0.007420361 0.002525389 0.008230626 -0.007531821 0.002465009 0.008372664 -0.00704813 0.002617418 0.008615732 -0.006331622 0.002654254 0.006486713 -0.005298435 0.002169013 0.008836746 -0.00577414 0.002499163 0.009116411 -0.0050686 0.002302825 0.00954473 -0.003987967 0.00200212 0.008229017 -0.007545232 0.002447426 0.005943596 -0.006982684 0.001960933 0.00822705 -0.007561445 0.002426147 0.005952239 -0.007022023 0.001834928 0.008219242 -0.007625877 0.002341628 0.007245481 0.002509176 -0.001285374 0.007356405 0.002667844 -0.001597881 0.00990051 0.002316892 -0.002136707 0.009888231 0.002285122 -0.001955986 0.009858846 0.002277076 -0.001815319 0.009744167 0.002130687 -0.001476049 0.009287297 0.001281499 -6.11993e-4 0.00860548 -1.73015e-4 3.34638e-4 0.009896636 0.002186059 -0.002181947 0.003698408 -0.00644046 0.001212 5.59929e-4 -0.004740178 -3.64656e-4 0.001428067 -0.004414916 -5.62869e-4 0.002004444 -0.00463891 -4.43311e-4 0.004295647 3.20372e-4 -0.002023875 0.004190623 9.69072e-4 -0.002054095 0.004453659 0.001678705 -0.002098917 0.004925966 0.003174483 -0.001694738 0.002743244 0.00371468 -0.001401543 0.002658367 0.003804028 -0.001340508 0.002604544 0.003851115 -0.001267552 0.002533853 0.003912985 -0.001171708 0.003173947 0.003261625 -0.00171101 0.003145337 0.003291785 -0.001690447 0.004823982 0.002786338 -0.001951932 0.004908204 0.003087341 -0.001790702 0.004109978 0.001467287 -0.002077281 0.003969967 0.001821041 -0.002041161 0.003745913 0.002387166 -0.001983404 0.006898701 0.001011312 -0.00224632 0.006283104 -6.28503e-4 -0.001980304 0.004268825 -3.69546e-5 -0.001964211 0.003277361 -0.00293231 -0.001213729 0.003888607 -0.001889586 -0.001561582 0.005604028 -0.002331316 -0.001481771 0.003914177 -0.001807332 -0.001582801 0.004206597 -8.65767e-4 -0.001825809 0.002914547 -0.003308355 -0.001062035 0.004916191 -0.003970563 -8.11605e-4 0.00247389 -0.003765046 -8.77861e-4 0.004272997 -0.005408763 -1.158e-6 0.002326309 -0.003860712 -8.32234e-4 0.001530945 -0.004376351 -5.86366e-4 -4.07572e-4 -0.004892647 -1.56353e-4 -6.34452e-5 -0.004838407 -2.30445e-4 0.001603424 -0.005520939 2.2515e-4 0.001502275 -0.005698084 5.11679e-4 -5.57224e-4 -0.004897832 -8.75279e-5 0.001476228 -0.005723893 6.37273e-4 -6.97802e-4 -0.004904389 5.76518e-5 -6.47436e-4 -0.004900991 -4.60352e-5 -6.82841e-4 -0.004901111 -3.06162e-6 -6.94211e-4 -0.00490117 1.07429e-5 0.009875893 0.002076387 -0.002272844 0.009778618 0.001724779 -0.002401649 0.009353518 5.01873e-4 -0.002389967 0.008692622 -0.001198172 -0.002003252 0.007396757 0.002602159 -0.001950263 0.007378935 0.002502977 -0.002042829 0.007291138 0.002175748 -0.002185404 0.003727614 -0.006424784 0.001079261 0.003838539 -0.006266117 7.66814e-4 0.008270442 -0.007642924 0.002011835 0.008240044 -0.007669568 0.002133846 0.008232176 -0.007653117 0.002212285 0.008229136 -0.007646739 0.002242624 0.007966995 -0.002949595 -0.001367688 0.01059889 -0.002792 -0.001680076 0.1025054 -0.001290798 0.001294136 0.01256042 -0.003786146 0.001989483 0.03240293 -0.00239408 0.001808047 0.02763921 -0.003124594 0.002006173 0.02655071 -0.003252089 0.002000212 0.02370029 -0.003585994 0.001984536 0.02106505 -0.003894746 0.001970112 0.02095359 -0.003894805 0.001971185 0.01817667 -0.003896355 0.00199896 0.05542743 4.83245e-4 0.001013934 0.05003613 1.04965e-4 0.001054108 0.04755395 -6.91988e-5 0.001072585 0.04414606 -5.92336e-4 0.001252412 0.03812652 -0.001516342 0.001570045 0.09110087 2.67793e-4 0.001385211 0.09695249 3.10978e-4 0.00136888 0.0617786 4.81631e-4 0.001149892 0.06400656 4.81066e-4 0.001197576 0.06764733 4.37285e-4 0.001232445 0.08530122 2.24993e-4 0.001401424 0.07937991 2.96197e-4 0.00134474 0.01391261 -0.003898799 0.002041578 0.01537299 -0.003897964 0.002026975 0.05591565 4.83122e-4 0.001024365 0.01367092 -0.008870184 0.003109037 0.09953951 -0.01099246 0.003128528 0.09497284 -0.01152753 0.003302633 0.09491956 -0.01200783 0.003361642 0.02476143 -0.01040768 0.004602015 0.02476978 -0.01045173 0.004558861 0.03038066 -0.01098132 0.004760742 0.01924175 -0.009834825 0.003761529 0.0458011 -0.01244246 0.004455089 0.04720282 -0.01255697 0.004441618 0.04720497 -0.01254314 0.00444734 0.03599959 -0.01158076 0.004603385 0.03599756 -0.01157093 0.004620671 0.03039914 -0.01107525 0.004634261 0.0768795 -0.01330339 0.003773212 0.09788215 -0.01173907 0.003217697 0.09490442 -0.01210433 0.00335735 0.08891212 -0.0126776 0.003533124 0.07688516 -0.0132687 0.003786563 0.06484341 -0.01339447 0.00409305 0.07688063 -0.013296 0.003778457 0.0528174 -0.01297587 0.004358947 0.05281972 -0.01296365 0.004363715 0.052823 -0.01294732 0.004367351 0.0528326 -0.01290172 0.004371106 0.05284625 -0.0128386 0.004370093 0.06486475 -0.01328414 0.004099011 0.07690387 -0.01316195 0.003792405 0.08892822 -0.01257687 0.003537714 0.03879857 -0.0117926 0.004585027 0.04160243 -0.01202517 0.004533886 0.04160559 -0.01200157 0.004540681 0.04721194 -0.01250338 0.004455149 0.04440063 -0.01231318 0.004476249 0.04720801 -0.01252532 0.004451811 0.04440253 -0.01229792 0.004483401 0.0416001 -0.01204496 0.004525899 0.03879797 -0.01180893 0.004573166 0.03040498 -0.01108074 0.004608511 0.03600245 -0.01158732 0.004584848 0.03879815 -0.01182174 0.004560053 0.03879916 -0.01183104 0.004545688 0.04159867 -0.01206099 0.004516661 0.04159808 -0.01207327 0.00450623 0.04439961 -0.01232457 0.004467964 0.04299855 -0.01220411 0.004480957 0.04159927 -0.0120868 0.004481911 0.04159826 -0.01208186 0.004494667 0.03880357 -0.01183915 0.004513561 0.03880101 -0.01183682 0.004530251 0.04580032 -0.01245123 0.004447042 0.04439944 -0.01233214 0.004458546 0.04439961 -0.01233452 0.00445342 0.04299896 -0.01221042 0.004469931 0.04720157 -0.0125668 0.004434704 0.04720127 -0.0125702 0.00443089 0.04720115 -0.0125727 0.004426717 0.04720151 -0.01256942 0.004423856 0.05281347 -0.01298356 0.004349589 0.05281496 -0.01298195 0.004352748 0.05281662 -0.0129804 0.004356145 0.0416001 -0.01208794 0.004475116 0.04160112 -0.01208817 0.004468023 0.04440009 -0.01233601 0.004447996 0.04160231 -0.01208752 0.004460692 0.04440069 -0.01233649 0.004442274 0.03042709 -0.01107972 0.004523515 0.03601044 -0.0115906 0.004544198 0.03041154 -0.0110833 0.004581451 0.03600609 -0.0115906 0.004565119 0.03043597 -0.01107358 0.00449264 0.02483469 -0.01053136 0.004328072 0.03601562 -0.01158732 0.004522144 0.01369798 -0.008871793 0.002965033 0.01920545 -0.009818255 0.0039047 0.02479588 -0.01051127 0.004455089 0.03039407 -0.01106685 0.004658758 0.05038136 -0.01224386 0.004359483 0.04166442 -0.01165699 0.004581034 0.04162693 -0.01186841 0.004555046 0.03600209 -0.01144111 0.004698157 0.03880542 -0.01172184 0.00461322 0.0303837 -0.01102423 0.004724025 0.03319031 -0.01126676 0.004721581 0.03599733 -0.01149791 0.004677474 0.03394472 -0.0111373 0.004777312 0.0303868 -0.0108391 0.004739642 0.03038084 -0.01092702 0.004791975 0.02559548 -0.01043754 0.004688978 0.03602212 -0.01127713 0.004724502 0.02476227 -0.01033288 0.004605948 0.01918226 -0.00976926 0.004024207 0.01918607 -0.009632527 0.004049956 0.01678425 -0.009330928 0.003810465 0.01365637 -0.008840262 0.003232777 0.01367795 -0.00871253 0.003277778 0.02478122 -0.01048636 0.004509925 0.03038984 -0.01105558 0.004681825 0.03319257 -0.01130336 0.004687368 0.03599584 -0.01154112 0.004651606 0.0906189 -0.01203769 0.003468632 0.03599625 -0.01155769 0.004636764 0.0388 -0.01177263 0.004595696 0.04161447 -0.0119428 0.004550457 0.05288618 -0.01265746 0.004352927 0.05294567 -0.01235085 0.004306852 0.08899474 -0.01212739 0.003502845 0.07979261 -0.01263564 0.003696382 0.07698208 -0.01267093 0.003764986 0.06495362 -0.01282197 0.00405848 0.06440198 -0.01282888 0.004071891 0.01136893 -0.006799042 0.003091394 0.09574991 -0.00696069 0.002663016 0.01190418 -0.005409359 0.002698779 0.04834824 -0.007296442 0.003241062 0.0425651 -0.007437348 0.003512203 0.04198211 -0.01010894 0.004251718 0.07733374 -0.01080518 0.003477692 0.07791632 -0.007638752 0.002918303 0.06534904 -0.01087272 0.003726303 0.06600385 -0.007640242 0.003070652 0.05337905 -0.01048898 0.003913462 0.05410128 -0.007347583 0.003140807 0.04769104 -0.01026242 0.004030466 0.08981549 -0.007323324 0.002777338 0.04178732 -0.01104003 0.00445646 0.05312186 -0.0116145 0.004163503 0.01366299 -0.008697569 0.003425717 0.01917493 -0.009572386 0.004195988 0.0136854 -0.008579254 0.003496944 0.01377248 -0.008242964 0.003577232 0.01927381 -0.008991003 0.004268586 0.01919233 -0.009417533 0.004247426 0.02485334 -0.009482026 0.004694163 0.02477288 -0.01001375 0.004725754 0.03055769 -0.009794354 0.004768729 0.03043782 -0.01044237 0.004853785 0.0362693 -0.009981632 0.004549086 0.03611141 -0.01076722 0.004695713 0.02475702 -0.01020741 0.00469619 0.03040301 -0.01068001 0.00484997 0.03678148 -0.007670223 0.00389111 0.03099805 -0.007843196 0.004208683 0.02521729 -0.007859289 0.004235506 0.01963311 -0.007678747 0.00394237 0.01412487 -0.007169663 0.003445506 0.04917508 -0.003605961 0.002169549 0.04332631 -0.004051268 0.002434909 0.03748977 -0.004670381 0.00282979 0.0316556 -0.005251705 0.003186345 0.02581822 -0.005668163 0.003281354 0.02022564 -0.005885481 0.003130555 0.01468855 -0.005659699 0.002905368 0.05499762 -0.003467619 0.002117455 -0.09451282 0.01253473 0.003403484 -0.09212529 0.01273167 0.003463387 -0.09213352 0.01146739 0.003613054 -0.03614211 0.01166242 0.004503786 -0.03279227 0.01134735 0.004452347 -0.03279381 0.01124733 0.004334449 -0.01513606 0.009039223 0.002802789 -0.01503741 0.009021699 0.002788603 -0.0150516 0.008762359 0.00214672 -0.0173518 0.004560589 -0.001631438 -0.01818311 0.004649817 -0.001654684 -0.01815801 0.005495131 -0.001295864 -0.09189099 0.003613948 0.001712083 -0.09231334 0.003603041 0.001712739 -0.09224897 0.005635619 0.002544522 -0.1025844 0.009419858 0.002714693 -0.1024982 0.009937584 0.00280714 -0.1010786 0.01027363 0.002977967 -0.1024349 0.01032227 0.002869904 -0.1022481 0.01145392 0.003054678 -0.1012238 0.003237903 0.001627385 -0.103632 0.003120183 0.001590371 -0.102653 0.005954504 0.00210613 -0.1011666 0.005910515 0.002158403 -0.09819155 0.005800604 0.002355217 -0.09825247 0.0033831 0.001672983 -0.09536546 0.003524243 0.001717329 -0.06850618 0.005394935 0.002248108 -0.06856721 0.003772795 0.001607358 -0.07284504 0.003814816 0.00163865 -0.08038026 0.005475521 0.002397775 -0.08008092 0.003786683 0.001673936 -0.08044105 0.003785312 0.001675724 -0.08610928 0.003763258 0.001703381 -0.05668741 0.00365436 0.001508295 -0.0570448 0.003659605 0.001523077 -0.05662262 0.005351543 0.002127766 -0.06825882 0.003769755 0.001605093 -0.05073887 0.003571808 0.001204967 -0.05075579 0.003572046 0.001206576 -0.05068808 0.005316913 0.001838028 -0.05183547 0.00358349 0.001307904 -0.05645054 0.003650903 0.00149852 -0.04476916 0.005278825 0.001253724 -0.04515451 0.003536403 6.67846e-4 -0.04575562 0.00351876 7.37334e-4 -0.03426462 0.004095792 -5.98479e-4 -0.0396834 0.003710687 3.49787e-5 -0.04002302 0.003686547 7.46824e-5 -0.0448355 0.003545701 6.30971e-4 -0.02617043 0.004869163 -0.001463234 -0.02708625 0.004775941 -0.001367747 -0.02705997 0.005484461 -0.001042306 -0.02886009 0.004595458 -0.001182734 -0.03296017 0.005315661 -2.44769e-4 -0.03262734 0.004212081 -7.89872e-4 -0.03300553 0.004185259 -7.45662e-4 -0.02313649 0.005002915 -0.001663804 -0.02410411 0.005578577 -0.001339852 -0.02115845 0.00491625 -0.001699507 -0.02113664 0.005591809 -0.001409351 -0.02032387 0.004879653 -0.001714587 -0.02317845 0.005001068 -0.001661002 -0.02412384 0.004959344 -0.001598536 -0.02610009 0.004872262 -0.001467883 -0.02023839 0.004870474 -0.001712143 -0.0121808 0.004947066 -8.04959e-4 -0.01118904 0.004822671 -7.21107e-4 -0.01126134 0.004664897 -8.2442e-4 -0.01684021 0.004505634 -0.001617133 -0.01517069 0.005277514 -0.001068174 -0.01519262 0.004232525 -0.001535952 -0.01218515 0.003733932 -0.001387715 -0.0117104 0.003655254 -0.00136435 -0.01051115 0.006303012 2.47931e-4 -0.01060551 0.006096959 1.13034e-4 -0.01215958 0.006291925 -1.71423e-5 -0.01093983 0.005366861 -3.64877e-4 -0.01212316 0.007542014 9.97415e-4 -0.01023817 0.006852209 7.40647e-4 -0.009983003 0.007365703 0.001201272 -0.01210403 0.008054256 0.001643896 -0.009716451 0.007789492 0.001839339 -0.009770989 0.007702827 0.001708805 -0.009704053 0.007809281 0.001869082 -0.01209378 0.008352935 0.002281308 -0.01265227 0.008480012 0.002377688 -0.01501703 0.009018063 0.002785623 -0.02419507 0.01045542 0.003967463 -0.02094465 0.01003926 0.003615438 -0.02095049 0.009943008 0.003324866 -0.02069133 0.01000684 0.00358802 -0.02028983 0.009955406 0.003544509 -0.02687311 0.01058667 0.003847718 -0.0268675 0.01075905 0.00418806 -0.0262869 0.01069957 0.004151642 -0.02392047 0.01009786 0.003174543 -0.02535676 0.01060414 0.004093289 -0.02688658 0.01018446 0.003133654 -0.0328083 0.01031345 0.003211736 -0.03184431 0.01125824 0.004437744 -0.03056442 0.01113784 0.004418075 -0.03052556 0.0111342 0.004417479 -0.0387156 0.01154047 0.004169106 -0.038715 0.0118941 0.004485607 -0.04463529 0.01181292 0.004093945 -0.04463684 0.01242727 0.004443705 -0.04300206 0.0122801 0.004455268 -0.05493646 0.0132302 0.004332423 -0.05421435 0.01317507 0.004340589 -0.05648577 0.01222217 0.004079937 -0.0486015 0.01274633 0.004403948 -0.04582554 0.01253432 0.0044353 -0.07921165 0.01347512 0.003745317 -0.07827699 0.01349306 0.003768503 -0.08024376 0.01267844 0.003763735 -0.07040917 0.01364427 0.003963828 -0.06623464 0.01360064 0.004069685 -0.06253468 0.01356196 0.004163503 -0.05648845 0.01329797 0.004297912 -0.08983904 0.01292026 0.003520786 -0.08807504 0.01306575 0.003565013 -0.08024156 0.01342755 0.003724336 -0.1005319 0.01173508 0.003149509 -0.09977036 0.01185983 0.00319159 -0.0980795 0.01164925 0.003320395 -0.09807562 0.01207739 0.003259897 -0.09629356 0.01230615 0.00333172 -0.1025947 0.008869946 0.002620697 -0.1011068 0.008823335 0.002708017 -0.09812611 0.008688688 0.003053605 -0.09217733 0.008512794 0.003374814 -0.08030104 0.008369505 0.00331062 -0.05653709 0.008271574 0.003067612 -0.05060404 0.008219242 0.002826392 -0.03290814 0.006729423 4.86925e-4 -0.0328654 0.008042216 0.001299381 -0.0270068 0.006874263 -2.30484e-4 -0.02695965 0.008133351 7.26851e-4 -0.0240525 0.006957948 -5.17481e-4 -0.02400356 0.008185684 5.03409e-4 -0.0210877 0.006956338 -5.84211e-4 -0.02103859 0.008161127 4.66196e-4 -0.01811408 0.006845951 -4.76612e-4 -0.01806706 0.008039295 5.79776e-4 -0.01513576 0.006625235 -2.69114e-4 -0.01956325 0.009826242 0.003439962 -0.02099192 0.009169161 0.001763045 -0.02395898 0.009239733 0.001731634 -0.02691936 0.009243369 0.001843154 -0.03283208 0.00924158 0.002203285 -0.01799082 0.009546697 0.003213644 -0.01802128 0.009008228 0.001918494 -0.01507186 0.008339166 0.001411795 -0.01509344 0.007830202 7.72118e-4 -0.04468417 0.008145093 0.002368748 -0.03872418 0.01049208 0.003336489 -0.0446574 0.00945425 0.002933025 -0.101056 0.01164919 0.003120541 -0.09809887 0.01014769 0.003290057 -0.09215146 0.009976446 0.003584206 -0.08027362 0.009809017 0.003588259 -0.08025449 0.01124513 0.00374031 -0.05649268 0.01096308 0.003792166 -0.05056238 0.01083886 0.00369668 -0.04464113 0.01067799 0.003506183 -0.09030258 0.01288205 0.003509163 -0.1031587 0.005966663 0.002098381 -0.1026754 0.008872032 0.002616941 -0.04116123 -0.002357423 -0.00234878 -0.04669749 -0.003242373 -0.001649439 -0.04589509 3.59685e-4 -4.67703e-4 -0.01369398 -0.001354932 -0.002744615 -0.01370626 -0.001399636 -0.002725541 -0.01666533 -0.001256704 -0.003397881 -0.05094063 -0.009938836 -0.003240644 -0.04804772 -0.00930643 -0.003528416 -0.0482434 -0.01023149 -0.003768324 -0.04254615 -0.008456647 -0.004291296 -0.05410861 -0.01147735 -0.003260016 -0.06011277 -0.01218885 -0.002815663 -0.05985629 -0.01106852 -0.002518713 -0.06804668 -0.01333099 -0.002515792 -0.0717355 -0.01326823 -0.00230515 -0.07068884 -0.008149266 -0.001141607 -0.1059517 -0.01086544 -7.4135e-4 -0.1055244 -0.008289158 -3.14275e-4 -0.09956145 -0.007299363 -1.78727e-4 -0.1052933 -0.006895244 -8.31959e-5 -0.1041674 -9.91865e-5 0.001004755 -0.06601184 -0.01323747 -0.002648174 -0.06490731 -0.008135199 -0.001402974 -0.06904113 -2.1842e-5 6.4447e-4 -0.07908952 -0.01314312 -0.001885235 -0.08224546 -0.007894873 -6.88594e-4 -0.08317631 -0.01291614 -0.001708209 -0.09379458 -0.007505714 -3.1895e-4 -0.106009 -0.01120996 -7.98456e-4 -0.1003218 -0.01186311 -9.83953e-4 -0.09862512 -0.01205796 -0.001039206 -0.09461325 -0.01228082 -0.001212954 -0.06029105 -0.01295804 -0.003021597 -0.05427461 -0.01212751 -0.003453493 -0.05273979 -0.01191562 -0.003563642 -0.05131214 -0.01154142 -0.003674268 -0.04838961 -0.01077538 -0.003900766 -0.05115377 -0.01093053 -0.003508925 -0.0538786 -0.01042902 -0.002970933 -0.0591337 -0.007928848 -0.001683831 -0.0250833 -0.002456307 -0.004932284 -0.02565234 -0.002465248 -0.005073547 -0.02268517 -0.001974284 -0.004630327 -0.014952 -0.001758098 -0.002692103 -0.01677268 -0.001810371 -0.003140687 -0.01676911 -0.001656711 -0.003220558 -0.01973176 -0.001895427 -0.003869712 -0.01972031 -0.001739025 -0.003975212 -0.02135902 -0.001942217 -0.004270553 -0.02269297 -0.002126336 -0.004507601 -0.025644 -0.002626538 -0.004968047 -0.02854216 -0.003506302 -0.005153 -0.02854627 -0.0033679 -0.005221188 -0.02863323 -0.003533959 -0.005158782 -0.03134185 -0.004519581 -0.005140304 -0.01376426 -0.001610994 -0.002635478 -0.01674807 -0.001554727 -0.003296732 -0.01960986 -0.001281678 -0.004125297 -0.01969778 -0.001620173 -0.004046142 -0.02257537 -0.001456081 -0.004742264 -0.02266353 -0.00183767 -0.004692137 -0.02555257 -0.001883268 -0.005140066 -0.02563476 -0.002310574 -0.005123138 -0.02845996 -0.002717316 -0.005242764 -0.02853363 -0.003194689 -0.005257666 -0.03124356 -0.003797352 -0.005124092 -0.03132545 -0.004327535 -0.0051651 -0.0368086 -0.005791246 -0.004674851 -0.03693008 -0.006435573 -0.004776775 -0.04238724 -0.007676422 -0.0041188 -0.0369656 -0.006670415 -0.004781901 -0.046332 -0.01023608 -0.004060208 -0.04265838 -0.008906245 -0.004335463 -0.03723824 -0.006944239 -0.004741609 -0.03698647 -0.00684446 -0.004753828 -0.03135991 -0.004614591 -0.005026578 -0.01318413 5.03401e-5 -0.002626001 -0.01339149 -5.21123e-4 -0.002674221 -0.01632887 -2.7868e-4 -0.003353774 -0.01365268 -0.001241028 -0.002735018 -0.01925408 -2.00017e-4 -0.003988623 -0.02221 -2.62059e-4 -0.00450474 -0.02519005 -5.64276e-4 -0.004803836 -0.02810853 -0.001251041 -0.004824995 -0.03087556 -0.002170681 -0.004648387 -0.03636407 -0.003839075 -0.004088103 -0.04187238 -0.005366563 -0.003423213 -0.04746192 -0.006637334 -0.002740085 -0.05322033 -0.007465839 -0.002123832 -0.04038327 8.7545e-4 -0.00110042 -0.03909349 9.96143e-4 -0.001248538 -0.0357021 -0.001237094 -0.003053247 -0.0349465 0.001636087 -0.001742184 -0.03026998 3.14036e-5 -0.003682613 -0.02953475 0.002471387 -0.002386391 -0.02751457 7.42075e-4 -0.003911793 -0.02861374 0.002613484 -0.002496063 -0.02162128 0.001390635 -0.003810405 -0.01937538 0.00314778 -0.00268805 -0.0186854 0.001321136 -0.003440618 -0.01800489 0.002982258 -0.002550661 -0.01578885 0.001121997 -0.002954781 -0.02676647 0.002855241 -0.002620458 -0.02387189 0.003233969 -0.002815365 -0.02459257 0.001240015 -0.003981709 -0.02386015 0.00323373 -0.002815067 -0.02090841 0.003177165 -0.002731442 -0.01229131 0.002292215 -0.001978099 -0.01247972 0.001827418 -0.002131342 -0.07516413 4.62803e-6 7.62911e-4 -0.09835582 -1.85414e-5 0.00102669 -0.09571987 1.80363e-5 0.001036643 -0.09250605 1.59399e-5 9.93852e-4 -0.08077865 8.29092e-6 8.37679e-4 -0.0138036 -0.00181508 -0.002452075 -0.01379388 -0.001746833 -0.002533495 -0.0137915 -0.001729965 -0.002553641 -0.01378577 -0.001689255 -0.0026021 -0.06047159 -0.01298296 -0.003008663 -0.01290261 7.83997e-4 -0.00247538 -0.01304912 4.22434e-4 -0.00259459 -0.05239123 -0.003767192 -0.001039087 -0.05823534 -0.004040658 -6.47303e-4 -0.06317329 -4.72084e-5 5.30965e-4 -0.05768018 -7.09562e-5 4.24709e-4 -0.05731582 -6.19066e-5 4.00041e-4 -0.05154067 8.15385e-5 9.04697e-6 -0.04790157 1.71927e-4 -2.37332e-4 -0.0137915 -0.001844644 -0.002322912 -0.01378577 -0.00185883 -0.002261221 -0.01676112 -0.001791954 -0.002911567 -0.01372396 -0.001809597 -0.002003252 -0.01371836 -0.001802802 -0.001984894 -0.01668882 -0.001813411 -0.002662539 -0.03698545 -0.00700438 -0.004679024 -0.03698837 -0.00696361 -0.004710853 -0.03133004 -0.004758775 -0.00501281 -0.01376545 -0.001842677 -0.002176582 -0.01375323 -0.001832962 -0.002125561 -0.01673549 -0.001785159 -0.00277698 -0.03694307 -0.007053196 -0.004501104 -0.03695821 -0.007058143 -0.00455302 -0.03126698 -0.004833817 -0.004795074 -0.03980553 -0.008161544 -0.004409432 -0.04829281 -0.01120662 -0.003898262 -0.04842776 -0.01123964 -0.003890633 -0.04842936 -0.0112459 -0.003901779 -0.04697471 -0.01078331 -0.004003763 -0.04843145 -0.01124244 -0.00391829 -0.04843145 -0.01123815 -0.003921091 -0.05587553 -0.01291197 -0.003458738 -0.05436897 -0.01269215 -0.003554582 -0.05460631 -0.0127502 -0.003541111 -0.106082 -0.01164817 -8.80736e-4 -0.100405 -0.01236319 -0.001083254 -0.1060842 -0.01166194 -8.84099e-4 -0.1060845 -0.01166367 -8.84619e-4 -0.1060861 -0.01167201 -8.87301e-4 -0.1060864 -0.01167392 -8.88166e-4 -0.1060864 -0.01167458 -8.88982e-4 -0.1060858 -0.01167094 -8.86831e-4 -0.1060855 -0.01166826 -8.86019e-4 -0.08613324 -0.01331335 -0.001692712 -0.08898943 -0.01314264 -0.001567721 -0.08329558 -0.01346009 -0.001805186 -0.09470194 -0.01280134 -0.001317739 -0.0946967 -0.01277822 -0.001303911 -0.09882032 -0.0125553 -0.001137495 -0.08325439 -0.01338279 -0.001766264 -0.09468173 -0.01271343 -0.001263976 -0.1003916 -0.012299 -0.001052141 -0.1060811 -0.01164245 -8.79341e-4 -0.06609988 -0.01372456 -0.002747595 -0.06875127 -0.01391869 -0.002612054 -0.07182192 -0.01376777 -0.002388656 -0.07184821 -0.01385146 -0.002433359 -0.08013719 -0.01367157 -0.001955151 -0.06034594 -0.01321673 -0.003086507 -0.05434489 -0.0125854 -0.003541111 -0.06038498 -0.01339226 -0.003132164 -0.05436229 -0.01267713 -0.003557384 -0.03981888 -0.008129656 -0.004479348 -0.04266339 -0.009227037 -0.004294753 -0.04266363 -0.009211599 -0.004305541 -0.04552894 -0.01025766 -0.004116892 -0.04552745 -0.01023894 -0.004122793 -0.04842418 -0.01117116 -0.00393325 -0.04842948 -0.01121205 -0.003929436 -0.04697459 -0.01075679 -0.004020512 -0.04552966 -0.01027292 -0.004109859 -0.04843086 -0.01122695 -0.0039258 -0.04697525 -0.01077008 -0.004014611 -0.04552954 -0.01028466 -0.004101634 -0.04266238 -0.009239256 -0.004282832 -0.03981667 -0.008142232 -0.004463672 -0.03697943 -0.007033765 -0.004642069 -0.05663067 -0.01300823 -0.003409743 -0.05700904 -0.01305651 -0.003385186 -0.05738824 -0.01310485 -0.003360569 -0.04991376 -0.01160323 -0.003807067 -0.0484302 -0.01124984 -0.003908216 -0.05139952 -0.01196616 -0.003722548 -0.04843121 -0.01124578 -0.00391519 -0.04697507 -0.01077979 -0.004007637 -0.04552793 -0.0102958 -0.004087209 -0.04552698 -0.01029777 -0.004081845 -0.04265475 -0.009256184 -0.004240036 -0.04265069 -0.009255409 -0.004223585 -0.04697412 -0.01078599 -0.003999531 -0.04552453 -0.01029926 -0.004070341 -0.04264587 -0.009251415 -0.004206001 -0.04991364 -0.01160293 -0.003806591 -0.02264076 -0.002193152 -0.004182457 -0.02260106 -0.002219855 -0.003980696 -0.02364271 -0.002324521 -0.004210352 -0.02558648 -0.002723693 -0.004650831 -0.02552407 -0.002787113 -0.004434287 -0.02724432 -0.003210067 -0.004639029 -0.02845817 -0.003656744 -0.004836022 -0.02839112 -0.00367093 -0.004646062 -0.0197125 -0.001911282 -0.003661811 -0.01968586 -0.001913428 -0.003520071 -0.02267056 -0.002183079 -0.004325747 -0.02562224 -0.002707719 -0.004790008 -0.02849948 -0.003638684 -0.004966497 -0.03130477 -0.004815757 -0.004915058 -0.03697031 -0.007051706 -0.004600048 -0.03981369 -0.00815171 -0.004446744 -0.04266059 -0.009248137 -0.004269719 -0.04265809 -0.009253799 -0.004255473 -0.04552865 -0.01029294 -0.004092335 -0.03092801 -0.004690349 -0.004661679 -0.03121978 -0.004804193 -0.004650354 -0.03692668 -0.007030904 -0.004429161 -0.04012608 -0.008279263 -0.004305183 -0.04266023 -0.009187638 -0.004178941 -0.04264837 -0.009049057 -0.00434482 -0.03698825 -0.006911575 -0.004737436 -0.04840344 -0.0110439 -0.003926575 -0.05133688 -0.01181674 -0.00371623 -0.05431246 -0.01242703 -0.003505527 -0.05288475 -0.01232933 -0.003638505 -0.05436259 -0.01268625 -0.003555715 -0.03981989 -0.008048534 -0.004529774 -0.03982096 -0.008095264 -0.004507064 -0.04265666 -0.00911653 -0.004336655 -0.04266172 -0.009170711 -0.004323542 -0.04552203 -0.01019078 -0.004131078 -0.04841554 -0.01111519 -0.003932297 -0.04988873 -0.01158672 -0.003836631 -0.03133809 -0.004716217 -0.005053222 -0.02564507 -0.002659857 -0.004906177 -0.02268779 -0.002143442 -0.004447102 -0.02852803 -0.003585457 -0.005073904 -0.01379442 -0.001837551 -0.002354085 -0.01677495 -0.001772582 -0.003029108 -0.01972687 -0.00188148 -0.003783762 -0.03131896 -0.004792034 -0.004966735 -0.1060788 -0.01162886 -8.76538e-4 -0.106068 -0.01156431 -8.63164e-4 -0.1060544 -0.01148349 -8.48404e-4 -0.08327722 -0.01348394 -0.001817703 -0.0196489 -0.001923084 -0.003329992 -0.01862698 -0.001820385 -0.003104746 -0.05891329 -0.01329922 -0.003261625 -0.06042033 -0.01349133 -0.003163814 -0.06149017 -0.0136277 -0.003094375 -0.06613099 -0.01381367 -0.002786099 -0.0131821 -8.13093e-4 -8.78131e-4 -0.01293748 -3.48525e-4 -3.99792e-4 -0.01588642 -2.82797e-4 -7.90171e-4 -0.05909383 -0.007944166 -0.001211047 -0.05925333 -0.004114449 -2.07707e-5 -0.06401419 -0.004149556 1.38762e-4 -0.1059516 -0.01087284 -6.81767e-4 -0.1060001 -0.01116287 -7.46042e-4 -0.100318 -0.01187711 -8.94048e-4 -0.1060544 -0.01148748 -8.17966e-4 -0.1060659 -0.01155596 -8.33149e-4 -0.1003888 -0.01229232 -0.001013636 -0.1060864 -0.01167434 -8.85733e-4 -0.01247876 6.61402e-4 2.18399e-4 -0.01232922 9.90755e-4 4.2e-4 -0.01524651 0.001071751 2.75656e-4 -0.1055529 -0.008490681 -1.53888e-4 -0.1057227 -0.009505212 -3.78705e-4 -0.1000195 -0.0101031 -4.89402e-4 -0.1055244 -0.008319735 -1.22235e-4 -0.06556999 -0.01134324 -0.001860797 -0.06677949 -0.004169881 2.31425e-4 -0.07131898 -0.01136136 -0.001555502 -0.06984078 -0.004111647 2.90301e-4 -0.08280444 -0.01100414 -0.001048803 -0.1047112 -0.003432095 7.82749e-4 -0.0989331 -0.003549695 7.57676e-4 -0.09312278 -0.00366795 7.32464e-4 -0.09428358 -0.01043385 -6.51068e-4 -0.09274625 -0.003675639 7.30829e-4 -0.08148688 -0.003889977 5.14284e-4 -0.02381658 4.85417e-4 -6.43027e-4 -0.02098846 8.43289e-4 -3.77124e-4 -0.02025359 0.0024724 9.41616e-4 -0.01948517 0.002543926 9.74714e-4 -0.01812618 0.001020014 -4.55085e-5 -0.01743072 0.00252664 0.001070976 -0.02304118 0.00221312 8.21545e-4 -0.02465343 0.002063095 7.521e-4 -0.02659344 -1.45423e-4 -7.67346e-4 -0.02579385 0.001836657 7.48678e-4 -0.02943533 -9.46078e-4 -7.63815e-4 -0.02863228 0.001273036 7.40162e-4 -0.03417909 1.71715e-4 7.23518e-4 -0.03530609 -0.002556383 -8.2741e-4 -0.03450185 9.84616e-5 7.06735e-4 -0.0411781 -0.004297673 -0.001037716 -0.04037266 -0.001233816 4.0149e-4 -0.04709166 -0.005987048 -0.001257419 -0.05738818 -0.01310527 -0.003359913 -0.0543726 -0.0126962 -0.003541707 -0.06041437 -0.01352304 -0.003152608 -0.05137419 -0.01200073 -0.003682374 -0.05436754 -0.01268893 -0.003530561 -0.04844075 -0.0112285 -0.003854155 -0.05435371 -0.01267266 -0.003501534 -0.05136036 -0.01202011 -0.003661036 -0.05132818 -0.01191031 -0.003569185 -0.0483663 -0.01108217 -0.003696501 -0.04840397 -0.0111984 -0.003806531 -0.04260402 -0.009180903 -0.004063367 -0.02823841 -0.003478944 -0.004254281 -0.03105849 -0.004635393 -0.004240214 -0.04255181 -0.009055435 -0.003911614 -0.03680294 -0.006842315 -0.004088759 -0.02538579 -0.002557098 -0.004052221 -0.01933252 -0.001421868 -0.002458155 -0.02226221 -0.001714885 -0.003059029 -0.0163967 -0.001274883 -0.00181055 -0.01366186 -0.001724302 -0.001816272 -0.01365613 -0.001713395 -0.001805067 -0.01341509 -0.001255571 -0.001333653 -0.1060858 -0.011671 -8.80265e-4 -0.1060861 -0.01167249 -8.82679e-4 -0.1060861 -0.01167327 -8.84003e-4 -0.1004006 -0.01234281 -0.00106436 -0.1060835 -0.0116589 -8.70681e-4 -0.1060845 -0.0116648 -8.75386e-4 -0.1060724 -0.01159524 -8.41849e-4 -0.1060786 -0.0116313 -8.58186e-4 -0.1060814 -0.01164716 -8.65376e-4 -0.08327686 -0.01350802 -0.001787722 -0.09470152 -0.01282733 -0.001286208 -0.09755879 -0.01265078 -0.001181125 -0.09469699 -0.01280909 -0.001263976 -0.09470146 -0.01283228 -0.001280307 -0.0832768 -0.01351344 -0.001781105 -0.09467875 -0.0127089 -0.001220881 -0.0775628 -0.01377403 -0.002084553 -0.07184714 -0.01390743 -0.00240308 -0.07184725 -0.0138992 -0.002407431 -0.0661273 -0.01385712 -0.002766728 -0.06612658 -0.01386564 -0.002763092 -0.06041294 -0.01353114 -0.003149926 -0.08327186 -0.01348966 -0.001761913 -0.07184171 -0.01388394 -0.002381145 -0.06612086 -0.0138427 -0.002740204 -0.0604068 -0.01350921 -0.00312668 -0.08325153 -0.01338553 -0.001711487 -0.05432564 -0.01256871 -0.003424406 -0.05734306 -0.01306307 -0.003258287 -0.06038153 -0.01340955 -0.003063917 -0.06609702 -0.01373976 -0.002679347 -0.07181918 -0.0137794 -0.002323269 -0.09460288 -0.01227772 -0.001090824 -0.083166 -0.01293522 -0.001559853 -0.07172375 -0.01332348 -0.002148211 -0.0659964 -0.01328873 -0.002493739 -0.06027543 -0.01297086 -0.002870023 -0.05723798 -0.01262789 -0.003053367 -0.05421715 -0.01213079 -0.003196537 -0.05121266 -0.0114668 -0.003309011 -0.04824072 -0.01063334 -0.003397166 -0.04239755 -0.008606851 -0.00352329 -0.03661519 -0.00641632 -0.003614902 -0.03083497 -0.004258394 -0.00370866 -0.02800768 -0.003137052 -0.003710031 -0.02516973 -0.002241134 -0.003506839 -0.01458585 0.002502739 0.001204371 -0.01352822 0.002493858 0.001253962 -0.0117104 0.002353012 0.001253902 -0.0453518 -0.002363801 1.42604e-4 -0.04628604 -0.002526342 1.08695e-4 -0.05007851 -0.006699085 -0.001329421 -0.05224013 -0.003562033 -1.07419e-4 -0.05308353 -0.007267534 -0.001356124 -0.052477 -0.003603219 -1.16014e-4 -0.05609023 -0.007683277 -0.001322865 -0.05522584 -0.003810644 -7.73779e-5 -0.05819541 -0.004034638 -3.56402e-5 -0.01879835 -4.01145e-4 -0.001293182 -0.02169716 -6.57323e-4 -0.001779735 -0.02456617 -0.001123785 -0.002156496 -0.02737343 -0.001916944 -0.0023368 -0.03021192 -0.002911329 -0.002346396 -0.03605192 -0.004863977 -0.002352595 -0.04189223 -0.006904065 -0.002429485 -0.04778319 -0.00883466 -0.002488076 -0.05076909 -0.009639084 -0.002483606 -0.05378049 -0.01028162 -0.002442121 -0.05680048 -0.01075839 -0.002352714 -0.05982691 -0.01107418 -0.002200722 -0.128699 -0.00490117 -1.12769e-4 -0.1260733 -0.006284773 -2.19255e-4 -0.1273872 -0.005592465 -1.65972e-4 -0.1119046 -0.01033234 -6.70662e-4 -0.1090006 -0.01109749 -7.94699e-4 -0.1247599 -0.006976842 -2.72522e-4 -0.1234664 -0.00753057 -3.08563e-4 -0.1191717 -0.008935272 -4.62359e-4 -0.1177201 -0.009248971 -5.09791e-4 -0.1191152 -0.008953213 -4.6421e-4 -0.1226652 -0.006201922 -1.60727e-4 -0.1241768 -0.001613259 2.86695e-4 -0.1211572 -0.006418824 -1.67393e-4 -0.1224576 -0.001222729 3.75258e-4 -0.1180601 -0.006821274 -1.81986e-4 -0.1257839 -0.001978337 2.03905e-4 -0.1241171 -0.005972445 -1.55643e-4 -0.1270362 -0.002688527 9.02979e-5 -0.1254582 -0.005748927 -1.58079e-4 -0.1177294 -0.00923711 -5.03644e-4 -0.1178051 -0.008684873 -4.24231e-4 -0.1207417 -0.008052647 -3.47247e-4 -0.1235924 -0.00722903 -2.76369e-4 -0.1262466 -0.006174504 -2.11772e-4 -0.1241043 -0.007322371 -2.99112e-4 -0.1238964 -0.007431864 -3.07541e-4 -0.1234149 -0.007585108 -3.23321e-4 -0.1220006 -0.008035123 -3.69662e-4 -0.1206418 -0.008444607 -3.94403e-4 -0.1205852 -0.008485496 -4.16042e-4 -0.1277078 -0.005236268 -1.53473e-4 -0.1266337 -0.005516707 -1.62639e-4 -0.1118016 -0.007558465 -2.41928e-4 -0.1118848 -0.009795784 -5.83389e-4 -0.1074894 -0.01141786 -8.44078e-4 -0.1119095 -0.01045864 -6.93686e-4 -0.1119071 -0.01048129 -6.99728e-4 -0.1148136 -0.009865105 -6.04759e-4 -0.1177439 -0.009131848 -4.86832e-4 -0.1284661 -0.004327535 -1.16844e-4 -0.1283737 -0.004206836 -1.02082e-4 -0.1278086 -0.003468573 -1.17499e-5 -0.1273458 -0.002864062 6.22129e-5 -0.1167514 -7.61705e-4 6.41563e-4 -0.1188662 -9.32574e-4 5.42869e-4 -0.1044356 -0.001772344 0.001074373 -0.1041674 -1.56318e-4 0.001352608 -0.1115397 -4.9021e-4 0.001101672 -0.1119096 -0.01046103 -6.76878e-4 -0.1188446 0.007750213 0.001846075 -0.1200129 0.007448673 0.001726806 -0.1200129 0.007427275 0.001745343 -0.1111927 0.008871853 0.002418935 -0.111276 0.00662285 0.002146959 -0.1028103 0.008036851 0.002649247 -0.1030443 0.006619453 0.002455294 -0.1289623 -0.004054427 -8.75507e-5 -0.128591 -0.004566311 -1.00072e-4 -0.1294611 0.00120449 4.62038e-4 -0.1295183 0.001056492 4.4116e-4 -0.1295217 6.55629e-4 3.89403e-4 -0.1262478 -0.006176769 -1.86277e-4 -0.1206424 -0.008447408 -3.68074e-4 -0.1022496 0.01144444 0.003060638 -0.102249 0.01144891 0.003057837 -0.1111599 0.009562015 0.002441942 -0.1022487 0.0114504 0.003056883 -0.1177297 -0.009238839 -4.89539e-4 -0.1234667 -0.007532477 -2.87305e-4 -0.1235933 -0.007233321 -2.30783e-4 -0.118063 -0.00683844 -4.54284e-5 -0.12116 -0.006432116 -4.50745e-5 -0.120743 -0.008058667 -2.90788e-4 -0.1290954 -0.001345098 2.24067e-4 -0.1283878 -0.004199326 -5.51505e-5 -0.1278665 -0.003435671 8.1393e-5 -0.1277084 -0.005237877 -1.25116e-4 -0.1266359 -0.005521714 -1.07397e-4 -0.1220062 0.006934285 0.001523375 -0.122205 0.006838858 0.001513719 -0.1199989 0.007318973 0.001749038 -0.1221861 0.006736695 0.001518368 -0.1199381 0.006866216 0.001725196 -0.1243155 0.005979478 0.001280307 -0.1243304 0.00606358 0.001263618 -0.1222057 0.006859481 0.001501023 -0.1221055 0.006309151 0.001500308 -0.124216 0.005583047 0.00126785 -0.1263254 0.004948198 0.001052677 -0.12621 0.004591882 0.001044869 -0.1272934 0.00441128 9.25831e-4 -0.1272929 0.004410624 9.25802e-4 -0.1263241 0.004999935 0.001036882 -0.1253539 0.005589127 0.001148104 -0.1249632 0.005826473 0.001192927 -0.1196842 0.004994094 0.001541256 -0.1217688 0.004540503 0.001344501 -0.1238012 0.00394243 0.001140296 -0.1257286 0.003116786 9.42982e-4 -0.1274533 0.001997411 7.44645e-4 -0.1290668 -0.003159224 -8.86004e-6 -0.1254606 -0.005756676 -7.81681e-5 -0.1270719 -0.002649128 2.4469e-4 -0.1275207 -0.003040432 1.6212e-4 -0.1286814 4.65456e-4 5.00851e-4 -0.1289734 -4.30545e-4 3.60674e-4 -0.1291875 0.001449227 5.53423e-4 -0.1294299 3.93878e-4 3.99278e-4 -0.1281036 0.003563642 8.27292e-4 -0.128077 0.003598749 8.05279e-4 -0.1288461 0.00275731 6.93739e-4 -0.1288515 0.002777516 6.83994e-4 -0.1288533 0.002773344 6.89423e-4 -0.1288446 0.002795696 6.86559e-4 -0.1284692 0.003188431 7.4462e-4 -0.1288163 0.002692043 6.99347e-4 -0.1286898 0.002418816 6.96914e-4 -0.1281626 0.001287579 6.30829e-4 -0.1264865 -0.002293765 3.20283e-4 -0.1241189 -0.005981922 -5.68753e-5 -0.1290535 0.002256333 6.10451e-4 -0.1226671 -0.006213188 -4.85325e-5 -0.1292805 -0.002831041 -4.25651e-6 -0.1290795 -0.003893077 -8.86907e-5 -0.1295312 -4.75992e-4 2.43324e-4 -0.1295382 -0.001336753 1.32205e-4 -0.1294819 -6.84818e-4 2.4957e-4 -0.1294938 -0.001601397 1.08243e-4 -0.1293055 -0.002721607 6.81273e-6 -0.1291075 -0.003854274 -9.11205e-5 -0.1292111 -0.003282487 -4.39704e-5 -0.1291143 -0.003845095 -9.26856e-5 -0.129118 -0.00383687 -9.41682e-5 -0.1292579 0.001728892 5.36038e-4 -0.1295264 9.01616e-5 3.16408e-4 -0.1273103 0.004400968 9.23884e-4 -0.1279777 0.003258883 8.2315e-4 -0.102253 0.01142269 0.003066658 -0.1022506 0.01143682 0.003065407 -0.1022503 0.01143991 0.003063499 -0.1111677 0.009546577 0.002458691 -0.1111724 0.009416162 0.002460122 -0.1022804 0.01125276 0.003067016 -0.1022673 0.01133298 0.003071367 -0.1022636 0.01135492 0.003072559 -0.1022561 0.0114029 0.003068387 -0.1023831 0.01062667 0.003003597 -0.1023277 0.01096212 0.003049552 -0.1023198 0.01100927 0.003053724 -0.1125435 0.009268283 0.002346754 -0.1257867 -0.001996517 3.85096e-4 -0.1241984 -0.001553297 4.94034e-4 -0.1224817 -0.001250863 5.98647e-4 -0.1206958 -0.001056849 7.04705e-4 -0.1188747 -9.29955e-4 8.04893e-4 -0.111905 -0.01033729 -6.35634e-4 -0.1118853 -0.009806513 -5.08284e-4 -0.1178066 -0.008692622 -3.61196e-4 -0.1177446 -0.009135425 -4.57435e-4 -0.1118026 -0.007582068 -7.92345e-5 -0.1291159 -0.003841936 -9.42567e-5 -0.1289077 -0.004371106 -1.03506e-4 -0.009411692 -0.002348542 -0.001899182 -0.008804559 -0.002489686 -0.001830697 -0.008783638 -0.00248599 -0.00173062 -0.00556147 0.001264274 8.31626e-4 -0.005533874 0.001339316 8.52119e-4 -0.006878018 0.001623094 9.63157e-4 -0.002890944 0.005857169 7.15597e-4 -0.005083382 0.006615698 0.001328229 -0.005085289 0.00655663 0.001431643 -7.10036e-4 0.0050987 1.30849e-4 -6.99009e-4 0.0050987 1.03031e-4 -8.22048e-4 0.005095481 2.40161e-4 -0.005103051 0.006457507 0.001524209 -9.72967e-4 0.00509113 3.87449e-4 -0.003020286 0.004526555 0.001197338 -0.005190908 0.006130278 0.001666784 -0.003295063 0.004346132 0.001235604 -0.005583345 0.004965841 0.0017277 -0.003843903 0.003985702 0.001312077 -0.002459645 0.004778146 0.001053094 -0.001578867 0.005020678 7.21871e-4 -9.74219e-4 0.00509113 3.88673e-4 -0.006198942 0.003325939 0.001461684 -0.005161166 0.002354204 0.001129209 -0.00474441 0.002988696 0.001239895 -0.004540085 0.003299713 0.001294136 -0.005698978 9.87941e-5 4.44107e-4 -0.007565796 -1.60948e-5 2.92931e-4 -0.005682229 -3.13439e-4 2.97398e-4 -0.008209049 -0.001454234 -5.17515e-4 -0.0054937 -0.00126326 -4.84035e-5 -0.005664527 -4.02588e-4 2.64942e-4 -0.005787611 -0.001951754 -3.98068e-4 -0.005165457 -0.002088904 -3.44903e-4 -0.005462467 -0.001420617 -1.05698e-4 -0.00501877 -0.002418935 -4.63017e-4 -0.006188631 -0.002833783 -0.001066446 -0.004359543 -0.003306806 -7.74987e-4 -0.004349589 -0.003316521 -7.79742e-4 -0.00628978 -0.003010869 -0.001352965 -0.004034399 -0.003625094 -9.30342e-4 -0.003922224 -0.003723561 -0.001142799 -0.003921508 -0.003726541 -0.001108407 -0.005310416 -0.003301799 -0.001436471 -0.006315827 -0.003036737 -0.001478552 -0.006340026 -0.003062486 -0.001552641 -0.003942906 -0.003705978 -0.001017034 -0.003933906 -0.003713607 -0.001038491 -0.003919422 -0.003725886 -0.001073062 -0.008545637 0.003795862 0.001782298 -0.01111662 0.003746926 0.001880049 -0.009271264 0.002044498 0.001146733 -0.01141756 0.003033697 0.001576364 -0.00971353 0.007414102 0.002608716 -0.00745964 0.006718993 0.002180635 -0.009694814 0.007469236 0.002605915 -0.007362365 0.0070706 0.002051889 -0.009657025 0.00761789 0.002525389 -0.009628653 0.007729351 0.002465009 -0.009770691 0.007245659 0.002617418 -0.01001375 0.006529211 0.002654254 -0.00788474 0.005495965 0.002169013 -0.01023477 0.00597167 0.002499163 -0.01051443 0.005266189 0.002302825 -0.01094275 0.004185557 0.00200212 -0.009627044 0.007742762 0.002447426 -0.007341623 0.007180213 0.001960933 -0.009625077 0.007759034 0.002426147 -0.007350265 0.007219552 0.001834928 -0.009617269 0.007823467 0.002341628 -0.008643507 -0.002311587 -0.001285374 -0.008754432 -0.002470254 -0.001597881 -0.01129853 -0.002119362 -0.002136707 -0.01128625 -0.002087593 -0.001955986 -0.01125687 -0.002079486 -0.001815319 -0.01114213 -0.001933097 -0.001476049 -0.01068532 -0.00108391 -6.11993e-4 -0.0100035 3.70602e-4 3.34638e-4 -0.01129466 -0.00198847 -0.002181947 -0.005096435 0.00663805 0.001212 -0.004781305 -0.002788662 -0.001823961 -0.004542648 -0.003071427 -0.001678824 -0.006222009 -0.002588748 -0.001951932 -0.006323993 -0.002976953 -0.001694738 -0.001766562 0.004983305 -3.26841e-4 -0.002828776 0.004615068 -5.62296e-4 -0.003402471 0.004836499 -4.43311e-4 -0.004671871 0.00313425 -0.00121206 -0.00527215 0.002120018 -0.001551806 -0.007001996 0.002528846 -0.001481771 -0.005309939 0.002003908 -0.001582264 -0.007681071 8.26091e-4 -0.001980304 -0.005589783 0.001144111 -0.001807928 -0.005684137 2.40777e-4 -0.001971065 -0.004310905 0.00350511 -0.001061975 -0.006314218 0.004168152 -8.11605e-4 -0.003840982 0.003987967 -8.66694e-4 -0.005671024 0.005606293 -1.158e-6 -0.003723204 0.004062891 -8.30705e-4 -0.002887904 0.004594564 -5.75404e-4 -9.77661e-4 0.005090892 -1.52407e-4 -0.001330912 0.005042731 -2.30518e-4 -0.003001451 0.005718469 2.2515e-4 -0.002900302 0.005895614 5.11679e-4 -8.39721e-4 0.005095481 -8.78441e-5 -0.002874255 0.005921483 6.37273e-4 -7.00216e-4 0.005101919 5.76518e-5 -7.50224e-4 0.005098462 -4.59611e-5 -7.15117e-4 0.00509864 -3.07885e-6 -7.03807e-4 0.0050987 1.07429e-5 -0.003971755 -0.003681182 -0.001243054 -0.003995954 -0.003658652 -0.001265943 -0.006306231 -0.002889811 -0.001790702 -0.004142999 -0.003521919 -0.001405119 -0.004233598 -0.003437638 -0.00149089 -0.005612432 -8.1359e-4 -0.002073168 -0.005608797 -8.5147e-4 -0.002076387 -0.005851686 -0.001481175 -0.002098917 -0.00536549 -0.001626133 -0.002040266 -0.00527203 -0.001923799 -0.002026379 -0.01127392 -0.001878857 -0.002272844 -0.01117664 -0.001527249 -0.002401649 -0.01075154 -3.04286e-4 -0.002389967 -0.01009064 0.001395761 -0.002003252 -0.008794784 -0.00240457 -0.001950263 -0.008776962 -0.002305448 -0.002042829 -0.008689165 -0.001978218 -0.002185404 -0.008296728 -8.13784e-4 -0.00224632 -0.005698978 9.87941e-5 -0.001996695 -0.005125641 0.006622314 0.001079261 -0.005236566 0.006463706 7.66814e-4 -0.009668469 0.007840454 0.002011835 -0.009638011 0.007867157 0.002133846 -0.009630203 0.007850646 0.002212285 -0.009627163 0.007844269 0.002242624 -0.009365022 0.003147125 -0.001367688 -0.01199692 0.00298953 -0.001680076 -0.1039034 0.001488327 0.001294136 -0.01395845 0.003983676 0.001989483 -0.03380095 0.002591609 0.001807987 -0.02903217 0.003322839 0.002006173 -0.02794873 0.003449678 0.002000212 -0.02509832 0.003783464 0.001984596 -0.02245843 0.004092574 0.001970171 -0.02235162 0.004092633 0.001971244 -0.0195747 0.004094123 0.00199896 -0.056822 -2.85575e-4 0.001013875 -0.05143421 9.26902e-5 0.001054108 -0.04894816 2.67226e-4 0.001072704 -0.04554402 7.89872e-4 0.001252412 -0.03951835 0.001714944 0.001570463 -0.09249889 -7.0214e-5 0.001385211 -0.09835052 -1.13395e-4 0.00136888 -0.06317663 -2.84051e-4 0.001149892 -0.06540077 -2.83516e-4 0.001197516 -0.06904536 -2.3969e-4 0.001232385 -0.08669835 -2.74104e-5 0.001401424 -0.08077794 -9.86035e-5 0.00134474 -0.01531153 0.004096388 0.002041578 -0.01677101 0.004095613 0.002026975 -0.05731368 -2.85458e-4 0.001024425 -0.100938 0.01118993 0.003128468 -0.09637087 0.01172512 0.003302633 -0.09631758 0.01220536 0.003361642 -0.02615946 0.01060527 0.004602015 -0.0261678 0.01064932 0.004558861 -0.03177869 0.01117885 0.004760742 -0.02063977 0.01003235 0.003761529 -0.04859948 0.01276713 0.004423737 -0.03739762 0.01177835 0.004603385 -0.03739559 0.01176846 0.004620671 -0.03179717 0.01127284 0.004634261 -0.05423063 0.01309931 0.004371106 -0.05422103 0.01314485 0.004367351 -0.06624144 0.01359206 0.00409305 -0.07827866 0.01349359 0.003778457 -0.07828319 0.01346629 0.003786563 -0.09928017 0.01193666 0.003217697 -0.09630244 0.01230186 0.00335735 -0.09031015 0.01287519 0.003533124 -0.0485996 0.01276433 0.004434704 -0.05421465 0.01317793 0.004356145 -0.05421543 0.0131734 0.004358947 -0.05421775 0.01316124 0.004363715 -0.05424427 0.01303613 0.004370093 -0.06626278 0.01348173 0.004099011 -0.0783019 0.01335954 0.003792405 -0.09032624 0.0127744 0.003537714 -0.04019659 0.01199012 0.004585027 -0.04300045 0.01222276 0.004533886 -0.04300361 0.01219916 0.004540681 -0.04860997 0.01270097 0.004455149 -0.040196 0.01200652 0.004573166 -0.04019618 0.01201933 0.004560053 -0.04299813 0.01224255 0.004525899 -0.0429967 0.01225852 0.004516661 -0.04580056 0.01249551 0.004483401 -0.02060347 0.01001578 0.0039047 -0.01506894 0.009067714 0.003109037 -0.015096 0.009069323 0.002965033 -0.02619391 0.01070886 0.004455089 -0.02623271 0.01072895 0.004328072 -0.0317921 0.01126444 0.004658758 -0.03180301 0.01127833 0.004608511 -0.03740048 0.01178491 0.004584848 -0.04019719 0.01202857 0.004545688 -0.0429961 0.0122708 0.00450623 -0.04579865 0.01251077 0.004476249 -0.04860085 0.01275449 0.004441618 -0.04860299 0.01274073 0.00444734 -0.04860603 0.01272284 0.004451811 -0.0429973 0.01228433 0.004481911 -0.04299628 0.01227939 0.004494667 -0.0402016 0.01203674 0.004513561 -0.04019904 0.01203435 0.004530251 -0.04579764 0.01253211 0.00445342 -0.04579746 0.01252973 0.004458546 -0.04439699 0.01240795 0.004469931 -0.04579764 0.01252216 0.004467964 -0.04439657 0.0124017 0.004480957 -0.04859918 0.01277029 0.004426717 -0.05421096 0.01317965 0.004350066 -0.04299813 0.01228547 0.004475116 -0.04299914 0.0122857 0.004468023 -0.04579806 0.01253354 0.004447996 -0.04579871 0.01253408 0.004442274 -0.04300034 0.01228505 0.004460692 -0.03182506 0.01127725 0.004523515 -0.03740847 0.01178812 0.004544198 -0.03180956 0.01128089 0.004581451 -0.03740406 0.01178812 0.004565119 -0.031834 0.01127111 0.00449264 -0.03741365 0.01178491 0.004522144 -0.05177795 0.01244133 0.004359483 -0.04306244 0.01185458 0.004581034 -0.04302495 0.01206594 0.004555046 -0.03740012 0.01163864 0.004698157 -0.04020345 0.01191943 0.00461322 -0.03178173 0.01122176 0.004724025 -0.03458833 0.01146429 0.004721581 -0.03739535 0.01169544 0.004677474 -0.03534048 0.01133465 0.004777312 -0.03178483 0.01103669 0.004739701 -0.03177881 0.01112455 0.004791975 -0.02699422 0.01063519 0.004689037 -0.03742015 0.01147466 0.004724442 -0.02616029 0.01053047 0.004605889 -0.02058029 0.00996679 0.004024207 -0.0205841 0.009830117 0.004049956 -0.01818263 0.009528517 0.003810524 -0.0150544 0.009037852 0.003232777 -0.01507598 0.008910119 0.003277778 -0.02617925 0.01068395 0.004509925 -0.03178787 0.01125311 0.004681825 -0.0345906 0.01150095 0.004687368 -0.03739386 0.01173871 0.004651606 -0.09201711 0.01223528 0.003468632 -0.04719913 0.01263999 0.004455089 -0.04719835 0.01264876 0.004447042 -0.0485993 0.01276779 0.00443089 -0.0542128 0.0131787 0.004353106 -0.03739428 0.01175528 0.004636764 -0.04019802 0.01197016 0.004595696 -0.04301249 0.01214039 0.004550457 -0.05428421 0.01285505 0.004352927 -0.0543437 0.01254838 0.004306852 -0.09039276 0.01232498 0.003502845 -0.08119046 0.01283323 0.003696382 -0.0783801 0.01286852 0.003764986 -0.06635165 0.0130195 0.00405848 -0.06579917 0.01302647 0.00407195 -0.01276695 0.006996572 0.003091394 -0.09714794 0.007158279 0.002663016 -0.0133022 0.005606889 0.002698779 -0.04974627 0.007494032 0.003241062 -0.04396313 0.007634937 0.003512203 -0.04338014 0.01030647 0.004251718 -0.07873177 0.01100271 0.003477692 -0.07931435 0.007836282 0.002918303 -0.06674706 0.01107025 0.003726303 -0.06740188 0.007837772 0.003070652 -0.05477708 0.01068657 0.003913462 -0.05549931 0.007545173 0.003140807 -0.04908907 0.01046001 0.004030466 -0.09121352 0.007520854 0.002777338 -0.04318535 0.01123756 0.00445646 -0.05451989 0.01181209 0.004163503 -0.01506096 0.008895099 0.003425717 -0.0205729 0.009769976 0.004195988 -0.01508337 0.008776783 0.003496944 -0.01517051 0.008440494 0.003577232 -0.02067184 0.009188592 0.004268586 -0.02059036 0.009615063 0.004247426 -0.02625137 0.009679615 0.004694163 -0.0261709 0.01021134 0.004725754 -0.03195571 0.009991943 0.004768729 -0.03183585 0.0106399 0.004853785 -0.03766733 0.01017916 0.004549086 -0.03750944 0.01096475 0.004695713 -0.02615505 0.01040494 0.00469619 -0.03180104 0.01087754 0.00484997 -0.03817951 0.007867813 0.00389111 -0.03239607 0.008040785 0.004208683 -0.02661532 0.008056819 0.004235506 -0.02103114 0.007876276 0.00394237 -0.01552289 0.007367253 0.003445506 -0.05057311 0.003803491 0.002169549 -0.04472434 0.004248857 0.002434909 -0.03888779 0.00486797 0.00282979 -0.03305363 0.005449295 0.003186345 -0.02721625 0.005865693 0.003281354 -0.02162367 0.006083071 0.003130555 -0.01608657 0.005857288 0.002905368 -0.05639564 0.003665208 0.002117455</float_array>
          <technique_common>
            <accessor source="#EPP1045_B-mesh-positions-array" count="2311" stride="3">
              <param name="X" type="float"/>
              <param name="Y" type="float"/>
              <param name="Z" type="float"/>
            </accessor>
          </technique_common>
        </source>
        <source id="EPP1045_B-mesh-normals">
          <float_array id="EPP1045_B-mesh-normals-array" count="18456">2.61856e-7 0 1 0 0 1 2.91465e-7 0 1 8.73747e-7 0 1 -4.36249e-7 0 1 5.23272e-7 0 1 1.04784e-6 0 1 0 0 1 -2.18216e-7 0 1 -4.36761e-7 0 1 2.91578e-7 0 1 -1.05115e-6 0 1 3.62558e-7 0 1 -3.64412e-7 0 1 1.04774e-6 0 1 -1.45752e-7 0 1 -1.45114e-7 0 1 0 0 1 2.10735e-6 0 1 -5.82787e-7 0 1 0 0 1 1.45782e-7 0 1 -2.90226e-7 0 1 -1.45751e-7 0 1 2.90816e-7 0 1 1.45629e-7 0 1 -0.9965839 -0.08258742 0 -0.9965838 0.0825873 0 -0.9965838 0.0825873 0 -0.9458235 0.3246812 0 -0.9458235 0.3246812 0 -0.7891136 0.6142475 0 -0.7891135 0.6142475 0 -0.546947 0.8371674 0 -0.546947 0.8371673 0 -0.2455222 0.9693911 0 -0.2455221 0.9693911 0 0.0825724 0.9965851 0 0.0825724 0.9965851 0 0.401698 0.9157723 0 0.6772634 0.7357407 0 0.6772629 0.7357411 0 0.8794693 0.4759556 0 0.8794693 0.4759557 0 0.986372 0.1645305 0 0.9863722 0.1645295 0 0.9863722 -0.1645293 0 0.9863721 -0.1645302 0 0.8794436 -0.4760031 0 0.6772924 -0.735714 0 0.6772929 -0.7357136 0 0.401698 -0.9157723 0 0.08257424 -0.996585 0 0.0825743 -0.996585 0 -0.2455239 -0.9693906 0 -0.546947 -0.8371673 0 -0.546947 -0.8371674 0 -0.7890919 -0.6142752 0 -0.789092 -0.6142751 0 -0.9458236 -0.3246812 0 0.9989912 -0.04490643 0 0.9989912 0.04490649 0 0.9989913 0.04490649 0 0.9839324 0.1785416 0 0.9839323 0.1785424 0 0.9362197 0.3514153 0 0.9362195 0.351416 0 0.8584601 0.5128805 0 0.7530788 0.6579304 0 0.753079 0.6579302 0 0.6234613 0.7818542 0 0.6234613 0.7818543 0 0.4739019 0.8805778 0 0.3090072 0.9510597 0 0.3090074 0.9510598 0 0.1342497 0.9909476 0 0.1342496 0.9909476 0 -0.04488432 0.9989923 0 -0.222488 0.9749354 0 -0.2224881 0.9749354 0 -0.3930363 0.919523 0 -0.5509045 0.8345683 0 -0.5509053 0.8345678 0 -0.6910708 0.7227872 0 -0.6910704 0.7227876 0 -0.8090437 0.5877485 0 -0.8090437 0.5877486 0 -0.9009388 0.4339462 0 -0.9009386 0.4339469 0 -0.963961 0.2660438 0 -0.963961 0.2660438 0 -0.9959748 0.08963429 0 -0.9959749 0.08963346 0 -0.9959749 -0.08963346 0 -0.9959748 -0.08963423 0 -0.9639585 -0.2660529 0 -0.9639585 -0.2660528 0 -0.900951 -0.4339208 0 -0.9009514 -0.4339201 0 -0.8090437 -0.5877485 0 -0.8090437 -0.5877486 0 -0.6910701 -0.7227878 0 -0.6910705 -0.7227874 0 -0.5508581 -0.834599 0 -0.5508573 -0.8345995 0 -0.3930363 -0.919523 0 -0.2225513 -0.9749211 0 -0.2225512 -0.9749211 0 -0.04481899 -0.9989952 0 0.1341844 -0.9909565 0 0.1341844 -0.9909565 0 0.3090684 -0.9510398 0 0.3090684 -0.9510399 0 0.4738495 -0.8806059 0 0.6235017 -0.7818222 0 0.6235016 -0.7818221 0 0.7530505 -0.6579629 0 0.7530502 -0.657963 0 0.8584601 -0.5128805 0 0.9362193 -0.3514164 0 0.9362196 -0.3514156 0 0.9839332 -0.1785369 0 0.9839335 -0.1785361 0 0.9989913 -0.04490649 0 -0.5000103 -0.8660196 0 -0.5000101 -0.8660196 0 0.5000103 -0.8660194 0 0.5000101 -0.8660197 0 1 0 0 0.5000102 0.8660196 0 0 0 -1 2.42071e-7 0 -1 -1.31614e-7 0 -1 5.68898e-7 0 -1 -9.73549e-7 0 -1 1.9185e-7 0 -1 0 0 -1 1.49592e-7 0 -1 -1.8535e-7 0 -1 -2.93274e-7 0 -1 5.32393e-7 0 -1 0 0 -1 -1 0 0 -0.8315768 0 -0.5554097 -0.8315768 0 -0.5554097 -0.8315768 0 -0.5554097 -0.9807608 0 -0.1952136 -0.9807608 0 -0.1952137 -0.9807608 0 -0.1952136 -0.9807592 0 -0.1952216 -0.9807592 0 -0.1952216 -0.9807592 0 -0.1952216 -0.8970121 -0.001506149 -0.4420035 -0.7073583 9.86216e-4 -0.7068546 -0.5551006 9.77226e-4 -0.8317826 -0.5551006 9.77147e-4 -0.8317828 -0.5551006 9.77162e-4 -0.8317826 -0.7067527 -0.001220524 -0.7074597 -0.2588469 7.40374e-4 -0.9659181 -0.2588469 7.40356e-4 -0.9659181 -0.2588469 7.40384e-4 -0.9659181 -0.2591661 7.38987e-4 -0.9658325 -0.2591661 7.39018e-4 -0.9658325 -0.2591661 7.39021e-4 -0.9658325 -0.1951931 0 -0.9807649 -0.1951931 0 -0.9807649 -0.1951931 0 -0.9807649 -0.4895085 -0.8498708 -0.1951956 -0.4895085 -0.8498708 -0.1951956 -0.4509017 -0.7750111 -0.4427701 -0.4509016 -0.7750112 -0.4427701 -0.4509017 -0.7750112 -0.4427701 -0.4903787 -0.8493339 -0.1953479 -0.4903787 -0.8493339 -0.1953479 -0.4483857 -0.7766185 -0.4425089 -0.4483857 -0.7766185 -0.4425088 -0.4483857 -0.7766185 -0.4425089 -0.3535553 -0.6123391 -0.7071347 -0.3535555 -0.612339 -0.7071347 -0.3536733 -0.6125723 -0.7068737 -0.3535661 -0.6123923 -0.7070833 -0.3535661 -0.6123923 -0.7070833 -0.3535661 -0.6123923 -0.7070833 -0.353506 -0.6122905 -0.7072015 -0.3535059 -0.6122905 -0.7072014 -0.353506 -0.6122905 -0.7072015 -0.1295501 -0.224435 -0.9658394 -0.1293594 -0.2239848 -0.9659695 -0.1293594 -0.2239848 -0.9659695 -0.1293594 -0.2239848 -0.9659695 -0.1294524 -0.2242264 -0.965901 -0.1293418 -0.2240143 -0.9659649 0.4903795 -0.8493351 -0.1953406 0.4903795 -0.8493351 -0.1953407 0.4903795 -0.8493351 -0.1953406 0.4153603 -0.7203885 -0.5554423 0.4153603 -0.7203885 -0.5554423 0.4483825 -0.7766943 -0.4423791 0.4483825 -0.7766943 -0.4423791 0.4483825 -0.7766943 -0.4423791 0.4903854 -0.8493724 -0.1951638 0.4903853 -0.8493723 -0.1951638 0.4903853 -0.8493723 -0.1951638 0.1261217 -0.2242356 -0.9663394 0.1261217 -0.2242356 -0.9663394 0.1261217 -0.2242355 -0.9663394 0.3546037 -0.6121946 -0.7067347 0.3546038 -0.6121946 -0.7067347 0.3545295 -0.6121018 -0.7068524 0.3545295 -0.6121018 -0.7068524 0.3545295 -0.6121017 -0.7068524 0.2782058 -0.4805306 -0.8316803 0.2782058 -0.4805306 -0.8316803 0.2782056 -0.4805306 -0.8316802 0.09815782 -0.1685266 -0.9807975 0.1294522 -0.2242286 -0.9659004 0.9806951 0 -0.1955434 0.9806961 0 -0.1955386 0.8316002 0 -0.5553748 0.8316002 0 -0.5553748 0.8316002 0 -0.5553748 0.8315843 0 -0.5553987 0.8315843 0 -0.5553987 0.8315843 0 -0.5553987 0.5553894 0 -0.8315904 0.5553894 0 -0.8315904 0.5553895 0 -0.8315905 0.5554807 0 -0.8315296 0.5554807 0 -0.8315296 0.5554807 0 -0.8315295 0.1955019 0 -0.9807034 0.1951942 0 -0.9807646 0.1951942 0 -0.9807646 0.1951942 0 -0.9807646 0.4903721 0.8493419 -0.1953294 0.4903721 0.8493419 -0.1953294 0.4903721 0.8493419 -0.1953294 0.4904023 0.8493797 -0.1950894 0.4904023 0.8493797 -0.1950894 0.4904024 0.8493797 -0.1950894 0.4157598 0.7201349 -0.5554725 0.4157598 0.7201348 -0.5554724 0.4157966 0.7201532 -0.555421 0.4157967 0.7201533 -0.555421 0.4157967 0.7201532 -0.555421 0.2778094 0.4811747 -0.8314402 0.2777082 0.4810537 -0.831544 0.2777081 0.4810537 -0.831544 0.09756523 0.1689853 -0.9807778 0.09756529 0.1689853 -0.9807778 0.09756529 0.1689853 -0.9807778 0.09771746 0.1692471 -0.9807175 -0.5000103 0.8660196 0 -0.5000101 0.8660196 0 -3.84412e-7 0 -1 2.46272e-7 0 -1 1.43895e-7 0 -1 -5.47114e-7 0 -1 3.42424e-7 0 -1 -6.55792e-7 0 -1 3.42431e-7 0 -1 6.63833e-7 0 -1 -5.36432e-7 0 -1 2.63906e-7 0 -1 6.01694e-7 0 -1 4.6054e-7 0 -1 0 0 -1 -2.75127e-7 0 -1 2.94429e-7 0 -1 0 0 -1 1.53501e-7 0 -1 2.74114e-7 0 -1 -3.1285e-7 0 -1 -0.4903917 0.849359 -0.1952062 -0.4903917 0.849359 -0.1952062 -0.4903821 0.8493623 -0.1952151 -0.4903822 0.8493624 -0.1952151 -0.4903823 0.8493624 -0.1952151 -0.4157446 0.7201147 -0.5555099 -0.4157446 0.7201147 -0.55551 -0.4157446 0.7201147 -0.5555099 -0.4157522 0.7200794 -0.5555499 -0.4157523 0.7200795 -0.5555499 -0.4157522 0.7200795 -0.5555499 -0.2777113 0.4810103 -0.8315681 -0.2777114 0.4810103 -0.8315681 -0.2777115 0.4810103 -0.8315681 -0.277813 0.4811789 -0.8314366 -0.09747701 0.1688379 -0.9808119 -0.09747701 0.168838 -0.9808119 -0.09747701 0.1688379 -0.9808119 -0.09756487 0.1689871 -0.9807775 -0.09756487 0.1689871 -0.9807775 -0.09756481 0.1689871 -0.9807775 0.9380548 0.3430321 -0.04881042 0.9380548 0.3430322 -0.04881006 0.9380547 0.3430322 -0.04881072 0.9410219 0.3348026 -0.04883581 0.9410219 0.3348026 -0.04883593 0.9410219 0.3348026 -0.04883623 0.9402253 0.3370327 -0.04884016 0.9402253 0.3370327 -0.04884022 0.9402253 0.3370327 -0.04884016 0.9386492 0.3413757 -0.04899549 0.9386491 0.3413758 -0.04899525 0.9386492 0.3413757 -0.04899483 0.9422405 0.3313582 -0.04883253 0.9422405 0.3313581 -0.04883271 0.9422406 0.331358 -0.0488317 0.9415494 0.3333572 -0.04855626 0.9415495 0.333357 -0.0485565 0.9415494 0.3333575 -0.04855555 0.9379276 0.3433085 -0.04930591 0.9379277 0.3433087 -0.04930371 0.9379279 0.3433088 -0.0493018 0.9428761 0.3295875 -0.04854726 0.9428761 0.3295875 -0.04854708 0.9428762 0.3295875 -0.04854738 0.952725 0.3005779 -0.04436475 0.9527245 0.3005795 -0.04436308 0.9527257 0.3005751 -0.04436653 0.9367858 0.346377 -0.04955136 0.9367856 0.3463774 -0.04955404 0.9367688 0.3464226 -0.04955571 0.9339518 0.3538214 -0.05044287 0.9339517 0.3538216 -0.05044239 0.9339517 0.3538219 -0.05044203 0.9463749 0.3194192 -0.04843497 0.9463616 0.3194591 -0.04843252 0.946365 0.3194496 -0.04842835 0.9456364 0.3216125 -0.04834616 0.9456363 0.3216133 -0.0483421 0.9456371 0.3216111 -0.04834008 0.9401078 0.3373504 -0.04890859 0.9401073 0.3373526 -0.04890519 0.9401074 0.3373516 -0.04890918 0.9393879 0.3393302 -0.04904347 0.9393879 0.3393306 -0.04904383 0.9393879 0.3393303 -0.04904341 0.9412174 0.3342867 -0.04860335 0.9412173 0.3342866 -0.04860508 0.9412174 0.3342865 -0.04860651 0.9351317 0.3507301 -0.05017167 0.9351321 0.3507291 -0.05017131 0.9351323 0.3507288 -0.05017071 0.9414471 0.3336141 -0.04877376 0.9414453 0.3336197 -0.04877185 0.9414442 0.3336217 -0.04878115 0.976508 0.2128524 -0.03355544 0.9764895 0.2129364 -0.03356117 0.97653 0.2127545 -0.03353726 0.9217097 0.3840399 -0.05444991 0.9217136 0.3840297 -0.05445474 0.9217162 0.384024 -0.0544517 0.9544522 0.2949176 -0.04522001 0.9544526 0.294916 -0.04522079 0.9544528 0.2949153 -0.04522168 -0.1311374 -0.500055 -0.856007 -0.06889134 -0.4042748 -0.9120395 -0.001927196 -0.4186037 -0.908167 0.1162549 -0.421271 -0.8994529 -1.00294e-4 -0.2968973 -0.9549095 -1.05999e-4 -0.2968979 -0.9549093 -0.0818451 -0.1619757 -0.9833948 -0.08584076 -0.1467242 -0.9854458 -0.08584183 -0.1467704 -0.9854389 -0.02562302 -0.1715291 -0.9848458 0.01219922 -0.4196043 -0.9076252 0.01212555 -0.4196423 -0.9076086 0.01218736 -0.4196476 -0.9076054 8.02947e-4 -0.4764519 -0.8792002 0.006046772 -0.457832 -0.8890183 0.006079733 -0.4578374 -0.8890153 0.024764 -0.5837368 -0.8115653 0.02461314 -0.5837422 -0.811566 0.001666843 -0.4781691 -0.8782662 0.001738607 -0.478152 -0.8782755 0.001664519 -0.4781584 -0.8782721 0.02465295 -0.5838462 -0.8114899 0.04007887 -0.3975133 -0.9167208 0.04007893 -0.3975133 -0.9167208 0.04007887 -0.3975133 -0.9167208 0.07104659 -0.5655692 -0.8216348 0.116404 -0.06376999 -0.9911527 0.07103198 -0.5656258 -0.8215972 0.07103276 -0.5657932 -0.8214818 0.07103288 -0.5657933 -0.8214818 0.07103288 -0.5657933 -0.8214818 0.134911 -0.4309508 -0.8922335 0.125978 -0.4229841 -0.8973373 0.1340289 -0.3818143 -0.9144693 0.1339673 -0.381962 -0.9144166 0.1372593 -0.4377231 -0.888571 0.1372423 -0.4377257 -0.8885725 0.1356305 -0.4347407 -0.8902836 0.1368494 -0.430379 -0.8922142 0.1349399 -0.4309473 -0.8922308 -0.001863777 -0.4186052 -0.9081664 0.07893204 -0.6326007 -0.7704454 0.07893192 -0.6326007 -0.7704454 0.0789321 -0.6326006 -0.7704454 0.06039118 -0.5852581 -0.8085951 0.07913911 -0.5024443 -0.8609802 0.07933962 -0.5022234 -0.8610906 -0.04691773 -0.4053582 -0.9129531 -0.0765478 -0.4869264 -0.8700823 -0.07649302 -0.4869097 -0.8700964 -0.07649302 -0.4869097 -0.8700964 -0.07649296 -0.4869097 -0.8700964 -0.1328758 -0.4993286 -0.856163 -0.1328701 -0.4992511 -0.856209 -0.0688849 -0.4042706 -0.9120419 -0.09809321 -0.4371826 -0.8940074 -0.1128787 -0.4122501 -0.9040511 -0.1223032 -0.4116165 -0.9031134 -0.1155998 -0.4313337 -0.8947558 -0.1109094 -0.4315797 -0.8952308 -0.1150667 -0.4281307 -0.8963615 -0.1196642 -0.8030154 -0.5838208 -0.1225075 -0.6281032 -0.7684258 -0.08689838 -0.8127781 -0.5760561 -0.1331442 -0.8921476 -0.4316775 -0.1303942 -0.8924958 -0.4317969 -0.1169211 -0.8903481 -0.4400113 -0.06644541 -0.9154801 -0.3968389 -0.1095568 -0.9116134 -0.39618 -0.101661 -0.9234321 -0.3700518 -0.1157172 -0.9226719 -0.3678129 -0.1157989 -0.9226634 -0.3678084 -0.09175384 -0.9475415 -0.3061805 -0.09172624 -0.9475534 -0.3061518 -0.05954784 -0.8811252 -0.4691188 -0.05960774 -0.8812277 -0.4689185 -0.05960774 -0.8812277 -0.4689185 -0.05960774 -0.8812277 -0.4689185 -0.06088119 -0.8710404 -0.4874239 -0.06088119 -0.8710404 -0.4874239 -0.06088119 -0.8710404 -0.4874239 -0.05531167 -0.7321124 -0.6789345 -0.0552991 -0.7319447 -0.6791163 -0.0552991 -0.7319447 -0.6791163 -0.05529916 -0.7319447 -0.6791163 -0.05590552 -0.8644011 -0.4996853 -0.0786271 -0.9155427 -0.3944609 -0.05960506 -0.8811191 -0.4691231 -0.05531513 -0.7321147 -0.6789317 -0.05101692 -0.7109352 -0.7014046 -0.06019395 -0.6089594 -0.7909142 -0.06019777 -0.608961 -0.7909127 -0.02207493 -0.4257511 -0.904571 -0.03982412 -0.3742315 -0.9264799 0.01081836 -0.1712355 -0.9851709 -0.03885012 -0.3736838 -0.9267422 -0.03995442 -0.3742328 -0.9264737 0.01868116 0.02934366 -0.9993949 -0.01747375 -0.09027361 -0.9957638 -0.01746779 -0.09027343 -0.9957639 -0.01671159 0.1108969 -0.9936915 -0.01670825 0.1108973 -0.9936915 -0.003849864 0.08389568 -0.9964672 -0.02423292 0.07883328 -0.9965932 -0.03069311 0.0690338 -0.9971421 -0.02732169 0.1471676 -0.9887343 -0.02686655 0.1464015 -0.9888604 -0.02734792 0.1472301 -0.9887241 -0.02380377 0.1083192 -0.9938312 -0.01971638 0.05534696 -0.9982725 -0.0363931 0.1435359 -0.9889758 -0.03641664 0.1435357 -0.988975 -0.03644627 0.143576 -0.988968 -0.06757223 0.07757025 -0.9946944 -0.05830806 0.1463537 -0.9875125 -0.04941201 0.1463434 -0.9879991 -0.0535801 0.1079986 -0.9927061 -0.05358618 0.1079696 -0.992709 -0.07574528 -0.8082008 -0.5840156 -0.1353386 -0.7983276 -0.5868191 -0.1353386 -0.7983275 -0.586819 -0.1353386 -0.7983276 -0.5868191 -0.1325114 -0.7735489 -0.6197281 -0.1195184 -0.7750275 -0.6205223 -0.1182401 -0.7722489 -0.6242204 -0.09042078 -0.7749828 -0.6254804 -0.05064558 -0.7521504 -0.6570425 0.003044903 -0.7541424 -0.656704 0.01748859 -0.7899064 -0.6129782 0.06654214 -0.6823478 -0.727993 0.08416956 -0.6817824 -0.7266968 -0.1400598 -0.9073923 -0.3962609 -0.1436209 -0.8523709 -0.502829 -0.1060122 -0.856907 -0.5044521 -0.07586693 -0.796743 -0.5995373 -0.06966632 -0.8101589 -0.5820561 0.01641476 -0.8133911 -0.5814856 -0.1007241 -0.8948059 -0.4349451 -0.1007241 -0.8948059 -0.434945 -0.100724 -0.8948059 -0.4349451 -0.09987199 -0.9052808 -0.4129074 -0.02404129 -0.9102581 -0.4133428 -0.02176398 -0.7776497 -0.6283212 0.04125308 -0.7780249 -0.6268775 -0.1043409 -0.9018656 -0.4192276 -0.1222296 -0.858104 -0.4987158 -0.002709567 -0.866082 -0.4998949 0.001813471 -0.7310389 -0.6823334 0.04488182 -0.7310158 -0.6808829 0.07587176 -0.6001082 -0.7963126 0.05062818 -0.6006211 -0.7979293 0.08964973 -0.494373 -0.8646145 -0.02424865 0.07883322 -0.9965929 -0.02422422 0.07883048 -0.9965937 -0.005178272 -0.01956355 -0.9997953 0.01723706 -0.01955342 -0.9996603 0.04359865 -0.167894 -0.9848405 0.01096034 -0.1680657 -0.9857149 0.04472696 -0.3776243 -0.9248781 -0.01978552 -0.3778482 -0.9256562 0.0175305 -0.5816065 -0.8132814 -0.04701274 -0.5807982 -0.812689 -0.002531111 -0.7520738 -0.659074 -0.03024238 -0.7515661 -0.6589642 -0.009803295 -0.8629212 -0.5052435 -0.06110334 -0.8609365 -0.5050296 -0.03010863 -0.228527 -0.9730719 -0.03243434 -0.2379581 -0.9707338 0.001413464 -0.2387239 -0.9710865 -0.002111315 -0.2525049 -0.9675934 0.0725066 -0.2531866 -0.9646965 0.06045019 -0.2965496 -0.9531024 0.1053389 -0.2962329 -0.9492892 0.07773119 -0.3855929 -0.919389 0.0682311 -0.3856972 -0.9200991 -0.0325843 -0.1176442 -0.9925212 -0.032386 -0.1168006 -0.9926272 -9.96342e-4 -0.1172118 -0.9931064 -0.006891369 -0.1419801 -0.9898455 0.06465691 -0.1423724 -0.9876992 0.04169929 -0.2340416 -0.9713319 0.0859279 -0.2337989 -0.9684805 0.04457396 -0.3803178 -0.9237812 0.06858474 -0.3800398 -0.922424 0.02113854 -0.5291263 -0.8482798 0.05569142 -0.5288014 -0.8469165 0.00251007 -0.6749879 -0.7378247 0.02860301 -0.6750181 -0.7372466 -0.007749319 -0.8224959 -0.5687184 -0.04883641 -0.8210979 -0.5686945 -0.0483905 -0.8819584 -0.4688367 -0.09174358 -0.9475409 -0.3061854 -0.06032609 -0.1321206 -0.9893963 -0.06592977 -0.1529454 -0.986033 -0.111687 -0.1514862 -0.9821293 -0.1244362 -0.1756806 -0.9765511 -0.072645 -0.1775735 -0.9814227 -0.06795865 -0.1659395 -0.9837915 -0.0572856 -0.1662144 -0.9844244 -0.0572856 -0.1662144 -0.9844243 -0.0572856 -0.1662143 -0.9844243 -0.05424952 -0.001178503 -0.9985268 -0.057702 -0.01361083 -0.9982411 -0.07086807 -0.01343005 -0.9973953 -0.1095249 -0.0736677 -0.9912505 -0.03850513 -0.1003346 -0.9942084 -0.03844451 -0.1003349 -0.9942107 -0.0228523 -0.4384599 -0.8984602 -0.01110845 -0.3321202 -0.9431717 -0.01232361 -0.3859751 -0.9224269 0.01524287 -0.3866908 -0.9220835 -0.02562272 -0.1715378 -0.9848443 -0.05718374 -0.1715728 -0.9835104 -0.05718374 -0.1715728 -0.9835105 -0.05718374 -0.1715729 -0.9835104 -0.04461616 -0.1718916 -0.9841051 -0.06827658 -0.1828109 -0.9807745 -0.07487195 -0.1825953 -0.9803333 -0.1253823 -0.2296949 -0.9651526 -0.0654757 -0.2323212 -0.9704329 -0.06715357 -0.2385186 -0.9688133 -0.01278346 -0.2402078 -0.9706374 -0.01202648 -0.1331849 -0.9910183 -0.01710081 -0.1712833 -0.9850735 -0.01545041 -0.001630544 -0.9998794 -0.02323132 -0.05906236 -0.997984 -0.02026426 0.1181277 -0.9927917 -0.03115189 0.05539417 -0.9979785 -0.03074073 0.07159858 -0.9969598 -0.02685922 0.1464027 -0.9888604 -0.006337046 -0.1780349 -0.9840038 -0.04515606 -0.1976092 -0.9792404 -0.03994882 -0.1977622 -0.9794357 -0.07643902 -0.2644445 -0.9613669 -0.04260641 -0.2657634 -0.9630963 -0.04342263 -0.3215001 -0.9459135 -0.008477151 -0.3226464 -0.9464817 -0.008124649 -0.278038 -0.9605358 -0.009493887 -0.278003 -0.9605333 -0.009209275 -0.1714435 -0.9851509 -0.01658254 -0.2288603 -0.973318 -0.01583725 -0.05916047 -0.9981229 -0.02320832 -0.1177918 -0.9927671 -0.02134341 0.06363743 -0.9977449 -0.02446639 0.06363475 -0.9976733 -0.04846209 -0.5301388 -0.8465249 -0.04544961 -0.5255854 -0.8495259 -0.1007178 -0.5221263 -0.8469004 -0.09297168 -0.5106015 -0.8547763 -0.1284437 -0.5078831 -0.8517965 -0.1240681 -0.5015874 -0.8561643 -0.1320247 -0.5009722 -0.8553341 -0.1311376 -0.5000561 -0.8560065 0.002508401 -0.4393162 -0.898329 0.00209099 -0.440609 -0.8976967 0.05756986 -0.441501 -0.895412 0.06778484 -0.4123504 -0.9085002 0.1063427 -0.4120732 -0.9049238 0.1092429 -0.4040727 -0.9081802 0.1271727 -0.403725 -0.9059985 0.1112789 -0.4769049 -0.8718824 0.1338742 -0.4762294 -0.8690704 0.1190489 -0.518016 -0.8470458 0.0619148 -0.5190706 -0.852486 0.09910082 -0.4022357 -0.9101569 0.01842433 -0.532445 -0.8462642 0.1163119 -0.4212584 -0.8994514 0.0913943 -0.4177348 -0.9039606 0.1030454 -0.4616326 -0.881066 0.0381869 -0.4616461 -0.8862419 0.05443733 -0.5143228 -0.8558673 -0.007162511 -0.513082 -0.8583098 0.002045392 -0.5151968 -0.8570695 -0.0129829 -0.5488248 -0.8358367 -0.01359444 -0.4079811 -0.9128891 0.001432359 -0.4084487 -0.9127802 -0.1224969 -0.6280815 -0.7684452 -0.1172071 -0.6238178 -0.7727314 -0.1147988 -0.6240369 -0.7729161 -0.1315543 -0.645398 -0.7524327 -0.08958345 -0.6492961 -0.7552415 -0.09658789 -0.6584535 -0.7463979 -0.05008685 -0.6617529 -0.748047 -0.04705166 -0.657719 -0.7517924 0.005116343 -0.6596512 -0.7515545 0.01652282 -0.6442366 -0.7646477 0.06845921 -0.6440378 -0.7619243 0.09292161 -0.6100971 -0.7868592 0.08934152 -0.6102125 -0.7871841 0.1182144 -0.5334395 -0.8375366 0.08646011 -0.5344399 -0.8407728 0.1169776 -0.3935998 -0.9118089 0.09956794 -0.39394 -0.9137272 0.1122406 -0.3562387 -0.9276294 0.06909883 -0.3566026 -0.9316974 0.07005339 -0.3535481 -0.9327895 8.07061e-4 -0.3527114 -0.9357319 0.002532839 -0.3466359 -0.9379964 -0.02921992 -0.3456957 -0.9378917 -0.02389889 -0.3259077 -0.9450996 -0.003138065 -0.3265124 -0.9451878 -0.003336906 -0.3744196 -0.9272535 -0.001820623 -0.3744624 -0.9272404 -0.002940833 -0.4575635 -0.8891722 0.005982935 -0.4119886 -0.9111695 0.005248606 -0.158919 -0.9872778 0.1713109 -0.3413714 -0.9241851 -0.1806474 0.4272429 -0.8859063 0.1551889 -0.2786277 -0.9477779 0.1743381 -0.2815858 -0.9435654 0.1035121 -0.2769067 -0.9553052 0.05154287 -0.2313615 -0.9715015 0.004853069 -0.1643198 -0.9863952 0.01313835 -0.1656572 -0.9860959 0.07432013 -0.2515872 -0.964977 0.04447054 -0.234837 -0.9710171 0.0445671 -0.2230409 -0.9737898 0.05269324 -0.1917801 -0.9800224 0.03102087 -0.2044304 -0.9783896 0.02447855 -0.2033027 -0.97881 0.01314032 -0.1656474 -0.9860975 0.006638467 -0.1748268 -0.9845769 0.01191824 -0.1756702 -0.984377 0.01769208 -0.1745559 -0.9844884 0.03198772 -0.1892397 -0.9814098 0.03198486 -0.1892388 -0.98141 0.1071599 -0.2802526 -0.9539262 0.1065084 -0.3084742 -0.9452511 0.1104695 -0.3092744 -0.9445348 0.1369662 -0.2383866 -0.9614635 0.1503007 -0.2943966 -0.9437905 0.1336669 -0.2910418 -0.9473268 0.133596 -0.2905924 -0.9474747 0.1026087 -0.2852956 -0.9529312 0.1019539 -0.2774973 -0.9553014 -0.2109354 0.5380961 -0.8160629 -0.2253726 0.4550047 -0.8614975 -0.2254012 0.4547033 -0.8616491 -0.2254012 0.4547033 -0.8616491 -0.220326 0.5567785 -0.8009083 -0.2137607 0.5572701 -0.8023445 -0.2118515 0.6581436 -0.7224721 -0.2194252 0.6193885 -0.7537975 -0.2194349 0.6193854 -0.7537972 -0.2124521 0.527143 -0.8227906 -0.212513 0.5271301 -0.8227831 -0.1795185 0.4308906 -0.8843678 -0.1867535 0.4301182 -0.8832449 -0.144142 0.413026 -0.89924 -0.1806744 0.4270602 -0.885989 -0.1950479 0.3632748 -0.9110367 -0.2258824 0.3686683 -0.9016989 -0.2422091 0.2801227 -0.9289059 -0.21131 0.2742602 -0.9381522 -0.2218496 0.1772099 -0.9588428 -0.1536712 0.1635162 -0.9744987 -0.1539101 0.06865054 -0.9856971 -0.04929292 0.04899841 -0.9975818 -0.0386663 -0.02521926 -0.9989339 0.05808442 -0.04009401 -0.9975063 0.06842923 -0.08742922 -0.9938177 0.1135337 -0.09402948 -0.9890747 0.1350718 -0.1796192 -0.9744191 0.1586742 -0.1833965 -0.9701486 0.1702763 -0.2456757 -0.9542796 0.1709293 -0.2457768 -0.9541367 0.09916728 -0.03670257 -0.9943938 0.0818445 -0.03411793 -0.996061 0.01471245 0.1268004 -0.9918192 -0.0197522 0.1296801 -0.9913592 -0.05819493 0.2097935 -0.9760124 -0.1098684 0.2125012 -0.9709646 -0.1466121 0.3168007 -0.9370925 -0.1466122 0.3168007 -0.9370925 -0.185599 0.3190855 -0.9293748 -0.2025821 0.4301227 -0.8797471 -0.2221125 0.4309062 -0.8746348 -0.2228206 0.5302664 -0.8180273 -0.2197567 0.5306116 -0.8186321 -0.2197567 0.5306116 -0.8186321 -0.2197567 0.5306116 -0.8186321 -0.2117587 0.6129018 -0.7612554 -0.2117587 0.6129019 -0.7612554 -0.2117586 0.6129018 -0.7612554 0.1472208 -0.2064776 -0.9673123 0.1304593 -0.1291201 -0.9830099 0.1196056 -0.1265803 -0.9847193 0.05969262 0.08664423 -0.9944494 -0.01590925 0.1614589 -0.9867512 0.00195229 0.1593942 -0.9872132 -0.2722234 0.7592424 -0.5911392 -0.2722275 0.7592431 -0.5911365 -0.2254213 -4.12057e-4 -0.9742613 -0.2254274 -4.90041e-4 -0.9742599 -0.2255421 -7.8815e-4 -0.9742332 -0.2255421 -7.8817e-4 -0.9742331 -0.2255421 -7.88188e-4 -0.9742332 -0.2137039 0.02947187 -0.9764538 -0.2112713 0.02860957 -0.9770088 -0.2392485 -0.04386705 -0.969967 -0.1702118 -0.06822663 -0.9830428 -0.194302 -0.1338559 -0.9717661 -0.08127063 -0.1704807 -0.9820038 -0.09803891 -0.2204406 -0.970461 0.05434566 -0.2606521 -0.9639021 0.04772251 -0.2842656 -0.9575572 0.1615985 -0.3060491 -0.9382004 0.1603465 -0.3102967 -0.9370193 0.1906712 -0.3150261 -0.9297328 0.1902576 -0.3220565 -0.927406 0.2013611 -0.3237066 -0.9244825 0.201422 -0.3233281 -0.9246017 0.186488 -0.3211679 -0.9284791 0.1879699 -0.3159219 -0.9299789 0.1450917 -0.30941 -0.9397946 0.1560808 -0.2834221 -0.9462086 0.1407831 -0.3859314 -0.911722 0.140811 -0.3859351 -0.9117162 0.1996251 -0.4143964 -0.8879333 0.1733775 -0.4462071 -0.8779746 0.2058563 -0.45052 -0.8687087 0.1783018 -0.5029948 -0.8456979 0.2002934 -0.506029 -0.8389382 0.1800164 -0.5240127 -0.8324692 -0.1232775 -0.4174864 -0.9002821 -0.1407122 -0.4221209 -0.8955524 -0.1782439 -0.4069309 -0.8958997 0.1274919 -0.5496513 -0.8256085 0.1274942 -0.5496524 -0.8256074 0.110654 -0.5313249 -0.8399105 -0.03411501 -0.4954804 -0.867949 -0.03411519 -0.4954804 -0.8679489 -0.03411519 -0.4954803 -0.867949 -0.02472192 -0.4981002 -0.866767 -0.03412544 -0.5066619 -0.8614692 -0.03412204 -0.506663 -0.8614687 -0.127656 -0.2635049 -0.9561743 0.03313076 -0.227961 -0.9731065 0.03369081 -0.2097633 -0.9771717 0.0179336 -0.2180758 -0.9757671 -0.001450121 -0.1630946 -0.9866094 -0.001450181 -0.1630945 -0.9866095 0.01775848 -0.1728971 -0.9847798 0.0129956 -0.1740865 -0.9846446 0.02556121 -0.1761323 -0.9840347 0.01294529 -0.191919 -0.9813255 0.01294517 -0.1919194 -0.9813254 -0.09429055 0.7684755 -0.6328941 -0.06233656 0.9185543 -0.3903492 -0.1220145 0.767736 -0.629042 -0.1220145 0.7677361 -0.6290421 -0.1220145 0.767736 -0.629042 -0.1585646 0.6116447 -0.7750795 -0.1129281 0.7680551 -0.630348 -0.112928 0.7680552 -0.6303481 -0.1129281 0.7680551 -0.630348 -0.1877749 0.4285793 -0.8837762 0.1071442 -0.280255 -0.9539273 0.07478135 -0.2672209 -0.9607293 0.07552236 -0.271595 -0.9594439 0.0679183 -0.2503919 -0.9657594 0.05637598 -0.2686777 -0.961579 -0.1478291 -0.3748929 -0.915206 -0.1862664 -0.2387454 -0.9530507 -0.1862633 -0.2387113 -0.9530597 -0.138629 -0.0332812 -0.989785 -0.2016335 -0.195626 -0.9597262 -0.1756435 -0.2064554 -0.962562 -0.2114609 -0.260322 -0.9420812 -0.1262907 -0.2940784 -0.947401 -0.1552274 -0.3351114 -0.9293034 -0.03427469 -0.3766843 -0.9257074 -0.0512827 -0.3999655 -0.9150944 0.09618073 -0.4388974 -0.8933748 0.09664624 -0.4382514 -0.8936417 0.1897504 -0.4551473 -0.8699631 0.2019081 -0.4394118 -0.8753002 0.2040215 -0.4397116 -0.8746594 0.2145115 -0.4076009 -0.887607 0.1983477 -0.4053827 -0.8923693 0.212399 -0.3727273 -0.9033057 0.1741328 -0.3673691 -0.9136289 0.1896427 -0.3387624 -0.9215617 0.1306207 -0.3297827 -0.9349768 0.1449665 -0.3082392 -0.9401986 0.07769787 -0.296575 -0.9518437 0.01752448 -0.2629512 -0.96465 0.07170999 -0.2693781 -0.960361 0.07699787 -0.2704195 -0.9596586 0.07175672 -0.2768324 -0.9582353 0.1282077 -0.2868865 -0.9493466 0.07192403 -0.3594381 -0.930393 0.1384299 -0.3364415 -0.9314742 0.01777416 -0.2361293 -0.9715592 0.0373947 -0.2399771 -0.9700582 0.05639034 -0.2693311 -0.9613953 0.09282231 -0.2764528 -0.9565343 0.09373539 -0.2928435 -0.9515548 0.1367564 -0.300243 -0.9440085 0.1347648 -0.285667 -0.9488061 0.1535595 -0.2886868 -0.9450288 0.1499959 -0.2717821 -0.9505977 0.14467 -0.2706333 -0.9517502 -0.02742934 0.9738475 -0.225541 0.08057606 0.9263874 0.3678505 0.08057588 0.9263874 0.3678506 0.08057606 0.9263874 0.3678505 -0.1904342 0.5956196 -0.7803667 0.05947232 0.9778835 0.2005171 -0.3633537 0.9315032 -0.01661658 -0.3633537 0.9315031 -0.01661658 -0.3633536 0.9315031 -0.01661658 -0.3606083 0.9325864 -0.01563417 -0.3606083 0.9325864 -0.01563417 -0.2361273 0.8622318 0.4481076 -0.236127 0.8622319 0.4481076 -0.236127 0.8622319 0.4481075 -0.1230652 0.5448285 -0.8294678 -0.1230653 0.5448284 -0.8294679 -0.1230651 0.544829 -0.8294676 0.07360017 -0.07084417 -0.9947684 0.07360017 -0.07084417 -0.9947684 0.07360017 -0.07084417 -0.9947685 0.004676938 -0.2379487 -0.9712665 -0.002151668 -0.2896888 -0.9571185 -0.002151668 -0.2896885 -0.9571186 -0.002151548 -0.2896885 -0.9571187 -0.0180419 -0.4071862 -0.913167 -0.01804345 -0.4071865 -0.9131668 -0.01804256 -0.4071867 -0.9131668 -0.07186186 -0.7720448 -0.6314925 -0.07186293 -0.7720447 -0.6314926 -0.07185965 -0.772045 -0.6314927 -0.01788592 -0.4065306 -0.9134622 -0.01783657 -0.406541 -0.9134585 -0.01791387 -0.4065287 -0.9134625 -0.002170145 -0.2890924 -0.9572988 -0.002170681 -0.2890924 -0.9572988 -0.002171576 -0.2890924 -0.9572988 -0.002177119 -0.2896556 -0.9571285 -0.00217694 -0.2896556 -0.9571285 -0.002177 -0.2896556 -0.9571285 0.01157224 -0.4575013 -0.8891338 0.01157212 -0.4575013 -0.8891338 0.01157218 -0.4575012 -0.8891337 0.01157522 -0.4574458 -0.8891623 0.01157516 -0.4574457 -0.8891623 0.01157528 -0.4574458 -0.8891623 0.007009863 -0.513539 -0.8580376 0.006869971 -0.5134964 -0.8580642 0.04506611 0.09096074 -0.9948343 0.04506611 0.09096074 -0.9948343 0.04506605 0.09096074 -0.9948343 0.01250672 -0.4546971 -0.8905584 0.005954861 -0.5256859 -0.8506579 -0.006399452 -0.5236214 -0.8519271 0.003058254 -0.4363771 -0.8997586 -0.02250218 -0.4323417 -0.9014291 -0.02250218 -0.4323417 -0.9014291 -0.02250218 -0.4323417 -0.9014291 0.004716038 -0.2378189 -0.9712982 0.06296205 -0.1738903 -0.9827502 0.06296205 -0.1738903 -0.9827502 0.06296211 -0.1738903 -0.9827503 0.0401147 -0.4802843 -0.8761951 0.04012024 -0.4802883 -0.8761926 0.1010726 -0.2715246 -0.9571096 0.09166461 -0.1908233 -0.9773353 -0.1641627 0.5619004 -0.810752 -0.1521146 0.563097 -0.8122704 -0.04810196 0.3033174 -0.9516748 -0.04810196 0.3033174 -0.9516748 -0.04810196 0.3033174 -0.9516748 -0.03498315 0.3024399 -0.9525263 -0.03498315 0.30244 -0.9525263 -0.03498321 0.30244 -0.9525263 0.03481 0.08782285 -0.9955278 0.03481006 0.08782285 -0.9955278 0.03481 0.08782285 -0.9955278 0.02866291 0.108928 -0.9936364 0.02866286 0.1089279 -0.9936364 0.02866291 0.108928 -0.9936364 -0.08550149 0.4219204 -0.9025922 -0.09587788 0.4221323 -0.9014499 -0.09587782 0.4221322 -0.9014498 -0.01558637 0.2384396 -0.9710323 -0.06986802 0.4054958 -0.9114229 -0.06986773 0.4054958 -0.9114229 -0.06986832 0.4054957 -0.9114229 -0.08143657 0.4057148 -0.9103646 -0.08143627 0.4057147 -0.9103646 -0.08143645 0.4057146 -0.9103646 -0.1393955 0.5662815 -0.8123387 -0.1393955 0.5662815 -0.8123387 -0.1393955 0.5662816 -0.8123387 -0.154732 0.5648393 -0.8105644 -0.1547319 0.5648393 -0.8105643 -0.1547319 0.5648393 -0.8105643 -0.2015574 0.6774284 -0.7074359 -0.2015574 0.6774283 -0.7074359 -0.215133 0.6745391 -0.7061975 -0.244605 0.7394826 -0.6271635 -0.2446054 0.7394824 -0.6271635 -0.244605 0.7394825 -0.6271634 -0.2490143 0.7382823 -0.6268423 -0.2490145 0.7382822 -0.6268423 -0.2490146 0.7382822 -0.6268423 0.0634678 0.01002943 -0.9979335 0.06353557 0.009774863 -0.9979318 0.06353557 0.009774863 -0.9979317 0.06353563 0.009774923 -0.9979317 -0.2337121 0.8421393 0.4859836 -0.2337121 0.8421394 0.4859834 -0.233712 0.8421396 0.4859833 -0.2351341 0.8545555 0.4630842 -0.2351341 0.8545555 0.4630842 -0.2351341 0.8545556 0.4630842 -0.1704863 0.8400919 -0.5149564 -0.1704864 0.840092 -0.5149563 -0.1704865 0.840092 -0.5149562 -0.1867976 0.720051 -0.6683063 -0.186797 0.7200508 -0.6683067 -0.1867963 0.7200509 -0.6683067 -0.2029877 0.7169259 -0.6669432 -0.2029883 0.7169263 -0.6669425 -0.2029881 0.7169259 -0.6669432 -0.2759401 0.8835635 -0.3783819 -0.2759507 0.88356 -0.3783822 -0.27594 0.8835636 -0.3783817 -0.2969002 0.8763494 -0.3792914 -0.2969004 0.8763491 -0.379292 -0.2969003 0.8763493 -0.3792917 -0.3387964 0.9400694 -0.03855645 -0.3387964 0.9400694 -0.03855651 -0.3387967 0.9400693 -0.03855639 -0.2228864 0.8085329 -0.5446066 -0.2228876 0.8085321 -0.5446073 -0.2228875 0.808533 -0.5446059 -0.2403514 0.8040938 -0.5437505 -0.2403504 0.8040953 -0.5437484 -0.2403505 0.8040947 -0.5437493 -0.3047055 0.9344072 -0.1844938 -0.3047052 0.9344072 -0.1844938 -0.3047056 0.9344072 -0.1844936 -0.3264515 0.9263457 -0.1879176 -0.3264517 0.9263457 -0.1879176 -0.3264518 0.9263457 -0.1879176 -0.3445472 0.9315869 0.1159024 -0.3445472 0.9315868 0.1159024 -0.344547 0.9315869 0.1159024 -0.2361568 0.8623898 0.447788 -0.2361568 0.8623897 0.4477881 -0.2361569 0.8623896 0.447788 -0.2367196 0.8630563 0.4462037 -0.2367201 0.8630285 0.4462571 -0.2367113 0.8629963 0.446324 -0.2348995 0.8564128 0.4597604 -0.2349075 0.8564617 0.4596652 -0.2349048 0.8564391 0.4597086 -0.1328118 0.9788467 -0.1556288 -0.1123095 0.9307568 0.3479632 -0.2625821 0.9029765 -0.3401238 -0.2625812 0.9029767 -0.3401241 -0.261929 0.8833665 0.3886605 -0.3666189 0.9092326 -0.1971967 -0.3762082 0.9046369 -0.2002484 0.06616383 0.9770824 0.2023179 0.03073292 0.9979378 0.0563547 0.03073292 0.9979378 0.0563547 0.03073298 0.9979377 0.0563547 -0.02892911 0.9985659 0.04504877 -0.02892917 0.9985658 0.04504877 -0.02892911 0.9985658 0.04504877 -0.04954004 0.9984762 -0.02431535 -0.04954004 0.9984762 -0.02431535 -0.04954004 0.9984762 -0.02431535 -0.09881633 0.9945513 -0.03321355 -0.1146726 0.9889624 -0.09382832 -0.1904647 0.9756941 -0.1083706 -0.1904647 0.9756942 -0.1083706 -0.1904647 0.9756941 -0.1083706 -0.1998365 0.9662992 -0.1622686 -0.3127596 0.93119 -0.1872608 -0.3141304 0.9218289 -0.2270543 -0.3716697 0.8963377 -0.2417448 -0.3709454 0.8938618 -0.2518146 -0.3441095 0.9064248 -0.2449135 -0.3441095 0.9064249 -0.2449135 -0.3475048 0.9125773 -0.2155064 -0.3423449 0.914765 -0.2144879 -0.3304187 0.8925803 -0.3067963 -0.3304186 0.8925803 -0.3067963 -0.3254672 0.89456 -0.3063226 -0.3254672 0.89456 -0.3063226 -0.3093174 0.8638095 -0.3976883 -0.2923606 0.8699547 -0.3971199 -0.3721712 0.9267822 0.05062937 -0.3649622 0.9283527 0.07045584 -0.3663963 0.9278311 0.06988096 -0.3629069 0.9104098 0.1986274 -0.3629199 0.910405 0.1986252 -0.2495573 0.8286092 -0.5011268 -0.249557 0.8286094 -0.5011268 -0.249557 0.8286092 -0.5011271 -0.2693089 0.8226081 -0.5007882 -0.2693092 0.822608 -0.5007881 -0.269309 0.8226081 -0.5007882 -0.3222364 0.9221129 -0.2141765 -0.3222365 0.9221129 -0.2141765 -0.3222364 0.9221129 -0.2141765 -0.3388357 0.9155411 -0.2167375 -0.3388357 0.9155411 -0.2167375 -0.3388355 0.9155411 -0.2167375 -0.3560866 0.9334676 -0.0429036 -0.3560867 0.9334676 -0.04290372 -0.3560865 0.9334676 -0.04290378 -0.362155 0.9289794 0.07642614 -0.3624014 0.9255461 0.1096795 -0.3624013 0.9255462 0.1096795 -0.3624014 0.9255461 0.1096795 -0.3607218 0.9323198 0.0256862 -0.3607218 0.9323198 0.0256862 -0.3607218 0.9323198 0.0256862 -0.1719263 0.3517227 0.9201807 0.09561192 -0.05843061 -0.9937023 0.095613 -0.0584284 -0.9937024 -0.05867862 0.3285255 -0.9426706 -0.05867862 0.3285255 -0.9426707 -0.05867862 0.3285255 -0.9426707 0.1123679 -0.1595713 -0.9807704 0.08636218 -0.07817298 -0.9931921 0.1228781 -0.2693392 -0.955174 0.1178555 -0.1599585 -0.980063 0.09817725 -0.2372656 -0.966471 0.1097229 -0.2392392 -0.9647411 0.1005588 -0.1922999 -0.9761705 0.01170217 0.1798055 -0.9836326 0.01170182 0.1798054 -0.9836326 0.01170188 0.1798055 -0.9836326 0.01167863 0.1793316 -0.9837194 0.01167863 0.1793316 -0.9837194 0.01176518 0.179726 -0.9836463 0.01176583 0.1797261 -0.9836463 0.01176607 0.1797261 -0.9836463 0.01170003 0.1796223 -0.9836661 0.01169973 0.1796222 -0.9836661 0.01170051 0.1796224 -0.9836661 0.03807276 0.1682391 -0.9850108 0.03807294 0.1682391 -0.9850108 0.03807288 0.1682391 -0.9850108 0.06347233 0.01013833 -0.9979321 0.06347233 0.01013833 -0.9979321 0.06347233 0.01013833 -0.9979322 -0.1787841 0.5971159 -0.7819775 -0.1787842 0.5971159 -0.7819776 -0.1787842 0.5971159 -0.7819775 -0.1139326 0.4368212 -0.8923042 -0.1036174 0.4368362 -0.8935534 -0.1036174 0.4368362 -0.8935534 -0.1036174 0.4368362 -0.8935534 -0.02719926 0.2375441 -0.9709959 -0.01911765 0.236854 -0.9713572 0.06791996 0.00976485 -0.997643 0.09891307 -0.09672451 -0.9903842 0.09891301 -0.09672451 -0.9903841 0.09641551 -0.09632813 -0.990669 0.09641551 -0.09632813 -0.990669 0.09641546 -0.09632813 -0.990669 0.09993332 -0.1116298 -0.9887124 0.09549725 -0.08195936 -0.9920499 -0.0466991 0.2371622 -0.9703471 -0.04691952 0.23717 -0.9703345 0.140035 -0.2215924 -0.9650322 0.1030224 -0.1004713 -0.9895918 0.1030058 -0.100467 -0.9895941 0.1119061 -0.1238898 -0.9859657 0.03944188 0.1155887 -0.9925138 0.03944188 0.1155887 -0.9925138 0.03944182 0.1155887 -0.9925138 0.02343106 0.1172938 -0.9928209 0.006504178 0.1639821 -0.9864419 -0.1168259 0.4524303 -0.8841146 -0.1262435 0.4519192 -0.8830807 -0.2149643 0.6513282 -0.7277101 -0.2149643 0.6513282 -0.7277101 -0.2149643 0.6513283 -0.7277101 -0.2854631 0.8448205 -0.4525365 -0.2854631 0.8448206 -0.4525365 -0.2274801 0.7129534 -0.6632875 -0.2854047 0.8446149 -0.452957 -0.2532667 0.6608319 -0.7065106 -0.2462457 0.6627603 -0.7071859 0.00157392 0.9747324 -0.2233703 -0.1134961 0.8075388 -0.5787917 -0.1803192 0.9422274 -0.2822989 -0.1803192 0.9422274 -0.2822989 -0.1803192 0.9422274 -0.2822989 -0.1803066 0.9422565 -0.2822097 -0.1803066 0.9422565 -0.2822098 -0.1803066 0.9422565 -0.2822097 -0.1962944 0.8066526 -0.5574766 -0.1962943 0.8066526 -0.5574766 -0.1962944 0.8066526 -0.5574766 0.01135766 0.9867752 0.1616962 0.004837214 0.9868888 0.1613293 0.05093288 0.9468411 0.317644 0.05102634 0.9467365 0.3179408 0.05102634 0.9467365 0.3179409 0.05102634 0.9467365 0.3179408 0.1351146 -0.2227632 -0.9654639 -0.2568336 0.651323 -0.7140133 -0.2525092 0.640771 -0.7250185 -0.2962749 0.739075 -0.6049706 -0.2962748 0.739075 -0.6049706 -0.2962749 0.739075 -0.6049706 -0.2625826 0.7513171 -0.6054527 -0.2625826 0.7513172 -0.6054527 -0.2625826 0.7513172 -0.6054527 -0.255536 0.7360255 -0.6268715 -0.2461428 0.7386952 -0.6274896 -0.1907213 0.6085461 -0.7702579 -0.1907213 0.6085461 -0.7702579 -0.1907213 0.608546 -0.7702579 -0.1811075 0.6100583 -0.7713813 -0.1811075 0.6100583 -0.7713812 -0.1811075 0.6100583 -0.7713813 -0.09825682 0.4043958 -0.9092908 -0.09825682 0.4043958 -0.9092908 -0.09825682 0.4043958 -0.9092907 -0.08293038 0.4043688 -0.9108285 -0.08293038 0.4043688 -0.9108285 -0.08293032 0.4043689 -0.9108285 0.002389013 0.1686781 -0.9856684 0.002388954 0.1686781 -0.9856684 0.002389013 0.1686781 -0.9856684 0.01423728 0.1673783 -0.98579 0.01423734 0.1673783 -0.98579 0.01423734 0.1673783 -0.98579 0.07424271 -0.02802044 -0.9968466 0.07424277 -0.02802044 -0.9968465 0.07424277 -0.02802044 -0.9968466 0.07372295 -0.02806276 -0.9968839 0.07372295 -0.02806276 -0.9968839 0.07372295 -0.02806276 -0.9968839 0.04100406 0.08690667 -0.9953722 0.04100406 0.08690667 -0.9953722 0.04100406 0.08690667 -0.9953723 -0.2511499 0.876567 0.4105534 -0.2511499 0.876567 0.4105534 -0.2511499 0.876567 0.4105535 0.007736504 0.236052 -0.9717096 0.007736444 0.236052 -0.9717096 0.007736504 0.236052 -0.9717097 0.006254732 -0.2034931 -0.9790564 0.006254613 -0.2034931 -0.9790564 0.006254792 -0.2034931 -0.9790565 0.006239295 -0.203687 -0.9790163 0.009305715 -0.1811315 -0.9834149 0.03574025 -0.1292641 -0.990966 0.04314678 -0.2726159 -0.9611551 0.05058389 -0.103755 -0.9933158 0.01186448 -0.4544414 -0.8906977 0.01157599 -0.4574943 -0.8891372 0.01157581 -0.4574943 -0.8891373 0.01157593 -0.4574943 -0.8891373 0.01157248 -0.4575327 -0.8891175 0.01157236 -0.4575327 -0.8891175 0.01157236 -0.4575327 -0.8891175 0.03573071 -0.1292624 -0.9909666 0.03640377 -0.1227313 -0.9917721 0.03613388 -0.1226886 -0.9917873 0.02119994 -0.2077919 -0.9779433 0.01417958 -0.1568726 -0.9875171 0.01297479 -0.1566876 -0.9875631 0.01123565 -0.1814423 -0.9833374 -0.1327347 0.9788594 -0.1556143 -0.1098816 0.9913744 -0.07143461 -0.1156408 0.9906405 -0.07251727 0.03437483 0.9530099 0.300983 -0.06401163 0.9620454 -0.2652757 -0.04057115 0.9656658 -0.2566 0.04246753 0.9795235 0.1968002 0.06350308 0.01004028 -0.9979311 0.06350314 0.01004028 -0.9979311 0.0635032 0.01004028 -0.9979312 0.06347441 0.009996831 -0.9979334 0.06347441 0.009996831 -0.9979334 0.06347447 0.009996831 -0.9979335 0.1060401 -0.3367255 -0.9356129 0.1036081 -0.3360219 -0.9361383 0.07771658 -0.2081577 -0.9750029 0.07686966 -0.4179816 -0.9051975 0.07687658 -0.4179699 -0.9052023 -0.03002756 0.9736182 -0.2261993 -0.01507431 0.9862906 -0.1643282 -0.08000659 0.9819731 -0.1712539 -0.1018622 0.9635262 -0.24747 -0.1409889 0.9576382 -0.2511001 -0.140989 0.9576382 -0.2511001 -0.1409889 0.9576382 -0.2511001 -0.1589263 0.9316436 -0.3267761 -0.2119182 0.9197461 -0.3303904 -0.2216429 0.8855006 -0.4083663 -0.300081 0.8597871 -0.4131799 -0.2959096 0.8225412 -0.4856577 -0.3305845 0.8080207 -0.4876644 -0.3347321 0.8181744 -0.4674881 -0.3027969 0.8319147 -0.4650076 -0.3107696 0.8479316 -0.4294582 -0.305168 0.8501124 -0.4291636 -0.2870177 0.812557 -0.5073186 -0.2870179 0.8125568 -0.5073186 -0.2870177 0.8125569 -0.5073186 -0.2816845 0.8144152 -0.507328 -0.2816845 0.8144152 -0.5073281 -0.2816845 0.8144153 -0.507328 -0.2654481 0.7806152 -0.5658422 -0.265448 0.7806152 -0.5658422 -0.2654481 0.7806151 -0.5658422 -0.2503464 0.7849042 -0.5667912 -0.2503464 0.7849042 -0.5667911 -0.2210332 0.7187823 -0.6591634 -0.2210332 0.7187823 -0.6591634 -0.2210331 0.7187823 -0.6591634 -0.2028601 0.7226879 -0.6607344 -0.2028602 0.722688 -0.6607343 -0.1466745 0.5755103 -0.8045337 -0.1466745 0.5755103 -0.8045338 -0.1466744 0.5755103 -0.8045337 -0.1319458 0.5770736 -0.8059631 -0.1319458 0.5770736 -0.8059631 -0.1319458 0.5770736 -0.805963 -0.0688861 0.3920652 -0.9173547 -0.06888628 0.3920651 -0.9173547 -0.06888592 0.3920651 -0.9173548 -0.03446096 0.3912768 -0.9196276 -0.03446102 0.3912769 -0.9196276 -0.03446137 0.3912768 -0.9196276 -0.0784713 0.5469853 -0.8334563 -0.07847172 0.546985 -0.8334565 -0.0784716 0.5469853 -0.8334563 -0.11383 0.6664885 -0.736774 -0.1138298 0.6664888 -0.7367737 -0.1138297 0.6664887 -0.7367739 -0.165659 0.6597721 -0.7329788 -0.1656596 0.6597721 -0.7329787 -0.1656599 0.659772 -0.7329787 -0.2307544 0.8255776 -0.5149506 -0.2307546 0.8255776 -0.5149505 -0.2307542 0.8255779 -0.5149502 -0.2416279 0.6098147 0.7548125 -0.2416279 0.6098148 0.7548126 -0.2416279 0.6098148 0.7548126 -0.2979997 0.8306394 0.4703557 -0.2980002 0.8306391 0.4703558 -0.2979996 0.8306391 0.4703563 -0.1439223 0.2722333 0.9514071 -0.240031 0.7834805 -0.573187 -0.240031 0.7834806 -0.5731871 -0.240031 0.7834805 -0.573187 -0.1718217 0.3514283 0.9203127 -0.1718217 0.3514283 0.9203127 -0.1718217 0.3514283 0.9203127 0.05319398 -0.1736104 -0.9833768 0.05320388 -0.1736133 -0.9833757 0.06241607 -0.2588894 -0.9638882 0.07312756 -0.2121241 -0.9745028 0.07792091 -0.2128793 -0.9739665 0.07495659 -0.2736062 -0.9589167 0.0918594 -0.2698575 -0.9585086 0.1051039 -0.2628185 -0.9591035 0.1009639 -0.2621191 -0.9597395 0.09538739 -0.1821011 -0.9786422 0.09536671 -0.1821008 -0.9786443 0.1106842 0.6840926 0.7209483 -0.0341624 0.2953464 0.9547793 0.00172466 0.2160479 0.9763813 -0.002932906 0.2167404 0.976225 0.1173239 0.9900749 0.07737427 0.1173254 0.9900747 0.07737433 0.1173233 0.9900751 0.07737421 0.05664783 0.5023974 0.8627792 0.003669202 0.215761 0.9764393 -0.006259262 0.1830731 0.9830795 -0.05188751 0.2715424 0.9610268 -0.01387721 0.2493779 0.9683068 -0.03477454 0.2532492 0.966776 -5.59013e-4 0.1821547 0.9832698 -0.004705667 0.1876911 0.9822169 -4.56071e-4 0.1870129 0.9823575 -0.01589518 0.2029343 0.9790634 -1.86463e-4 0.2003765 0.979719 -0.02369755 0.2054457 0.9783816 -0.01463598 0.2171669 0.9760248 -0.0146352 0.2171672 0.9760248 -0.006912708 0.6310136 0.7757411 -0.02595561 0.6359822 0.7712671 0.05686914 0.5899643 0.8054241 0.04295593 0.5819909 0.81206 -0.0282647 0.6537204 0.7562082 -0.02826279 0.6537213 0.7562074 -0.1076164 0.6259302 0.7724184 -0.1235657 0.6338268 0.7635413 -0.1819651 0.6426334 0.744252 -0.1138068 0.5852702 0.8028119 -0.1138036 0.5852695 0.8028128 -0.1367859 0.5316652 0.835836 -0.07257133 0.5154008 0.8538709 -0.1253871 0.5245806 0.8420767 -0.05218648 0.4358132 0.898523 -0.09354376 0.4433623 0.891448 -0.0670759 0.8165184 -0.5734096 -0.06707435 0.8165016 -0.5734338 -0.06707906 0.8165291 -0.573394 -0.06705147 0.8177949 -0.5715905 -0.06705033 0.8177734 -0.5716214 -0.06705176 0.8177823 -0.5716086 -0.1203784 0.5111896 0.8509961 -0.1203785 0.5111896 0.8509961 -0.1203786 0.5111896 0.8509961 -0.1203799 0.5112211 0.850977 -0.1203799 0.5112211 0.8509769 -0.1203799 0.5112211 0.8509769 -0.1204262 0.5115049 0.8507998 -0.1204262 0.5115049 0.8507998 -0.1204263 0.511505 0.8507998 -0.2184063 0.9474372 -0.233798 -0.2184063 0.9474372 -0.233798 -0.2184062 0.9474372 -0.2337979 -0.1344727 0.6649544 0.7346787 -0.1344727 0.6649544 0.7346787 -0.1344727 0.6649545 0.7346786 -0.1126142 0.9538487 -0.2783716 0.0163269 0.3470563 -0.9377022 0.01632714 0.3470563 -0.9377022 0.01632708 0.3470563 -0.9377022 -0.1719161 0.8555116 -0.4884107 -0.1719161 0.8555116 -0.4884107 -0.1338938 0.7080795 -0.6933224 -0.1338938 0.7080795 -0.6933224 -0.1338938 0.7080795 -0.6933224 -0.1339202 0.7081907 -0.6932036 -0.1339202 0.7081908 -0.6932036 -0.2240353 0.9215271 -0.3171687 -0.2240353 0.9215271 -0.3171687 -0.2240353 0.9215271 -0.3171687 -0.2406523 0.9006 0.3619478 -0.2406523 0.9006 0.3619477 -0.2406523 0.9006 0.3619478 -0.1830239 0.6619468 0.7268622 -0.1830238 0.6619469 0.7268622 -0.1830239 0.6619469 0.7268621 -0.216183 0.662998 0.7167277 -0.216183 0.662998 0.7167276 -0.216183 0.6629981 0.7167277 -0.3109241 0.8363411 0.4515085 -0.3308328 0.9377073 -0.1060887 -0.3308328 0.9377073 -0.1060887 -0.3308586 0.9377351 -0.1057623 -0.370028 0.8995605 0.2320999 -0.2295004 0.7073216 0.6685999 -0.2746433 0.7064884 0.6522616 -0.293492 0.7839086 0.5471287 -0.3352611 0.7795073 0.5291206 -0.3376555 0.8437291 0.4172649 -0.3519891 0.867114 0.3524446 -0.3432343 0.8689147 0.3566197 -0.3614543 0.9035639 0.2300507 -0.3614168 0.9036973 0.2295846 -0.3614168 0.9036973 0.2295846 -0.3546473 0.886891 0.2960567 -0.3546572 0.8868893 0.2960502 -0.2986568 0.9481008 0.1091299 -0.1585612 0.8701972 0.4664924 -0.1585616 0.8701967 0.4664933 0.01170027 0.8751051 0.4837917 0.02446746 0.8628899 0.5047994 0.02442121 0.8628985 0.504787 0.06076139 0.8780279 0.4747371 0.1249005 0.8187453 0.5604071 0.1248866 0.8187494 0.5604041 0.1432912 0.8778709 0.4569578 0.1432912 0.8778709 0.4569578 0.1432912 0.8778709 0.4569578 0.1108694 0.683884 0.7211177 0.1108694 0.683884 0.7211177 0.1108692 0.683884 0.7211177 0.110876 0.6840173 0.7209902 0.08420431 0.8453575 0.5275229 0.08415234 0.8453638 0.5275211 0.08415246 0.845364 0.527521 0.08419287 0.8459128 0.526634 0.08410859 0.8459215 0.5266333 0.08416402 0.8459169 0.5266317 0.0841639 0.8450156 0.5280768 0.08414977 0.8450174 0.5280761 0.08416932 0.8450149 0.5280771 0.05566614 0.6718164 0.7386232 0.05566608 0.6718164 0.7386232 0.05566614 0.6718164 0.7386232 0.04663652 0.6139103 0.787997 0.04663693 0.6139103 0.787997 0.04663658 0.6139103 0.787997 0.04667866 0.6142182 0.7877544 0.04667878 0.6142183 0.7877544 0.04667884 0.6142182 0.7877545 0.01824861 0.4099641 0.9119192 0.01824945 0.4100112 0.911898 0.01824903 0.4100112 0.911898 0.01824927 0.4100112 0.911898 0.01829588 0.4102484 0.9117903 0.01829594 0.4102484 0.9117903 0.01829594 0.4102484 0.9117903 0.0737937 0.7786884 -0.6230561 0.0737937 0.7786884 -0.6230561 0.07379382 0.7786884 -0.6230561 0.07372921 0.7743842 -0.6284053 0.07372921 0.7743842 -0.6284053 0.07372921 0.7743842 -0.6284053 0.07374411 0.7702364 -0.6334806 0.07374805 0.7702363 -0.6334804 0.07374411 0.7702364 -0.6334806 0.07089275 0.7703581 -0.6336582 0.07089281 0.7703581 -0.6336582 0.07089269 0.7703581 -0.6336582 -0.001488387 0.5759853 0.8174588 -0.002894818 0.2170138 0.9761643 0.06430596 0.6997602 0.7114776 0.06430596 0.6997602 0.7114776 0.06430596 0.6997602 0.7114776 0.02577096 0.7056116 0.7081301 0.02577096 0.7056117 0.7081301 0.02577096 0.7056116 0.7081301 0.0737937 0.7786546 -0.6230983 0.07377964 0.7786554 -0.623099 0.07379364 0.7786546 -0.6230983 0.07379388 0.7787081 -0.6230315 0.07379388 0.7787081 -0.6230314 0.073794 0.7787081 -0.6230315 -0.03915005 0.2411178 0.9697059 -0.03915005 0.2411178 0.9697059 -0.03915005 0.2411178 0.9697059 0.07079929 0.7630864 -0.642407 0.07079941 0.7630865 -0.6424068 0.07079941 0.7630862 -0.6424071 0.07369738 0.7627906 -0.6424323 0.07366496 0.7627926 -0.6424337 0.0736649 0.7627925 -0.6424338 0.07369244 0.7699183 -0.6338732 0.07369208 0.7699185 -0.6338731 0.07369202 0.7699183 -0.6338734 0.06878364 0.7701895 -0.6340954 0.06879621 0.770189 -0.6340947 0.06879645 0.7701889 -0.6340947 -0.05798298 -0.1169085 0.9914487 0.06093323 0.4777913 -0.8763576 -0.06267368 0.232445 0.9705882 -0.06267374 0.232445 0.9705882 -0.06267374 0.232445 0.9705882 0.04407185 0.4104017 -0.9108393 0.04406183 0.4104027 -0.9108393 -0.08262312 0.3244912 0.9422732 0.01844668 0.3349956 -0.9420391 0.01844656 0.3349956 -0.9420392 0.01844656 0.3349956 -0.9420392 0.01843839 0.3349705 -0.9420483 0.01843833 0.3349705 -0.9420483 0.01843845 0.3349705 -0.9420482 0.06150048 0.3789849 -0.923357 0.06150048 0.378985 -0.923357 0.06150048 0.3789849 -0.923357 0.05997526 0.4778055 -0.8764159 0.06007778 0.467482 -0.8819588 0.06004118 0.4674828 -0.8819609 0.06007784 0.467482 -0.8819588 0.05197507 0.4674004 -0.8825166 0.05197513 0.4674004 -0.8825166 0.05197525 0.4674004 -0.8825165 0.05479663 0.3951045 -0.9170004 0.05479806 0.3951047 -0.9170004 0.05479711 0.3951045 -0.9170005 0.03893584 0.3943657 -0.9181284 0.03893679 0.3943657 -0.9181283 0.03893518 0.3943657 -0.9181284 0.04535591 0.3202962 -0.9462311 0.04535597 0.3202962 -0.946231 0.04535603 0.3202961 -0.9462311 0.01786887 0.315752 -0.9486736 0.01786893 0.3157519 -0.9486736 0.01786881 0.3157519 -0.9486736 -0.1504379 0.8585355 0.4901889 -0.1504378 0.8585355 0.490189 -0.1504379 0.8585355 0.4901889 -0.7920006 0.6095193 0.03494757 -0.7920006 0.6095193 0.03494757 -0.7920006 0.6095194 0.03494751 -0.2420945 0.9632072 0.1167142 -0.2420945 0.9632072 0.1167142 -0.2420945 0.9632073 0.1167142 0.003367245 0.6267151 0.7792412 -0.02056384 0.6295349 0.7767001 -0.01593178 0.6838199 0.729477 -0.0159319 0.6838198 0.7294769 -0.0159319 0.6838198 0.729477 -0.05063909 0.6868922 0.724993 -0.04911172 0.7115553 0.7009117 -0.08881998 0.7145182 0.693956 -0.08836138 0.7361205 0.6710581 -0.1443639 0.7385581 0.6585523 -0.1496814 0.891424 0.4277371 -0.1496813 0.8914239 0.4277371 -0.1496813 0.8914239 0.4277371 -0.2249541 0.8920453 0.3919835 -0.2249541 0.8920453 0.3919835 -0.2249541 0.8920452 0.3919835 -0.1143465 0.6974525 -0.7074497 -0.138978 0.6866191 -0.7136101 -0.2663276 0.8947637 0.358424 -0.2663277 0.8947637 0.358424 -0.2663276 0.8947637 0.358424 -0.2569075 0.8945725 0.3657028 -0.2569075 0.8945725 0.3657029 -0.2569075 0.8945725 0.3657029 -0.2404289 0.8966948 0.3716617 -0.03337329 0.4410685 0.8968529 -0.0126546 0.4380077 0.8988822 -0.01630067 0.3975682 0.9174278 1.49649e-4 0.3951023 0.9186372 0.01820623 0.5733733 0.819092 0.03010916 0.675628 0.7366276 0.0301091 0.675628 0.7366276 0.0301091 0.675628 0.7366276 -0.03523886 -0.008672297 0.9993413 -0.03524917 -0.008782684 0.99934 -0.03524929 -0.008782684 0.99934 -0.03524917 -0.008782684 0.9993401 0.06756401 0.4971128 -0.8650515 0.06756418 0.4971128 -0.8650515 0.06756407 0.4971128 -0.8650515 -0.1725435 0.6165577 0.7681701 -0.1433629 0.6144046 0.7758571 -0.1495549 0.9207009 0.3604766 -0.1156388 0.5501534 0.827018 -0.0882321 0.5467497 0.8326343 -0.08725166 0.5218604 0.8485571 -0.05729812 0.5178664 0.8535405 -0.05743253 0.4930007 0.8681313 -0.02976781 0.4894581 0.8715187 -0.02976781 0.489458 0.8715186 -0.02976781 0.489458 0.8715186 0.001729667 0.2160869 0.9763726 0.005997359 0.2759386 0.9611566 -0.01351362 0.2789937 0.9601979 -0.01349633 0.2909667 0.956638 -0.02240186 0.2923546 0.9560477 -0.02151769 0.3226817 0.946263 -0.03754693 0.3252608 0.9448786 -0.03720688 0.3650235 0.9302546 -0.05821001 0.3684817 0.9278109 -0.0598523 0.3912675 0.9183286 -0.08213067 0.3948864 0.9150516 -0.08506244 0.4199324 0.9035603 -0.1020753 0.4226955 0.900505 -0.1075951 0.4447443 0.8891716 -0.1154536 0.4459016 0.8876049 -0.126733 0.482342 0.8667671 -0.1393 0.483975 0.8639234 -0.1566382 0.5297743 0.8335489 -0.1736626 0.5315588 0.8290275 -0.1964963 0.5814417 0.7895029 -0.2190758 0.5830057 0.7823747 -0.2628574 0.6816126 0.6828691 -0.2690038 0.6816346 0.6804493 -0.3117563 0.7647066 0.5639431 -0.2951381 0.7657291 0.5714476 -0.330676 0.8298602 0.4494283 -0.3294305 0.8300133 0.4500594 -0.3515397 0.8525958 0.3866528 -0.2413569 0.8645185 0.4408566 -0.2545756 0.8770669 0.4073635 -0.08561593 0.8763993 0.4739135 -0.153491 0.9375123 0.3122681 0.01913559 0.8738418 0.485834 0.04295402 0.581991 0.81206 0.08594316 0.5141723 0.8533702 0.04415911 0.52945 0.8471912 0.05662125 0.5185257 0.8531854 0.03937554 0.508598 0.8601033 -0.03709977 0.3756419 0.926022 -0.03127831 0.3732947 0.9271854 -0.06836491 0.3800548 0.9224341 -0.02634388 0.3470483 0.9374773 -0.05403298 0.3299112 0.9424644 -0.02197235 0.323754 0.9458861 -0.05582684 0.3283601 0.9429013 -0.03698629 0.3134463 0.9488854 -0.06285911 0.3182649 0.9459155 -0.03569644 0.2952699 0.9547469 -0.0356993 0.2952712 0.9547463 0.1258435 0.475717 0.8705497 0.07176584 0.5956019 0.8000676 0.1157604 0.5798469 0.8064596 0.07403606 0.6379282 0.7665287 0.07217389 0.6385273 0.7662075 0.044308 0.6709434 0.7401837 -0.01626682 0.6868619 0.726606 -0.01922309 0.6897208 0.7238203 -0.1581265 0.7145742 0.6814541 -0.1243134 0.6880911 0.7148964 -0.2432959 0.7010191 0.6703578 -0.1868072 0.6598915 0.7277681 -0.2209914 0.6631873 0.7150843 -0.1499872 0.5784483 0.8018115 -0.1935282 0.5837455 0.7885355 -0.1150552 0.4922438 0.8628201 -0.1547209 0.4980071 0.8532588 -0.084131 0.4124476 0.9070882 -0.1137611 0.4172852 0.9016271 -0.06794834 0.378379 0.9231536 -0.09436446 0.3829316 0.9189444 -0.05794692 0.350245 0.934864 -0.08358782 0.3548462 0.9311806 -0.05586487 0.3286448 0.9428 -0.08196949 0.3334647 0.9391924 -0.06255507 0.3141722 0.9473029 -0.07079637 0.3157519 0.946197 -0.04931777 0.2773725 0.9594959 -0.0342127 0.2745168 0.9609735 0.1108844 0.6839631 0.7210404 0.1107379 0.6843283 0.7207162 0.1255071 0.6792136 0.72313 0.08766615 0.7289572 0.6789227 0.06471359 0.7356507 0.6742627 0.04141265 0.7610061 0.6474217 -0.04487556 0.779592 0.6246779 -0.04466831 0.7794064 0.6249244 -0.2112436 0.7973603 0.5653255 -0.1801275 0.7751815 0.6055145 -0.3086014 0.7773793 0.5481301 -0.2583137 0.7433753 0.6169825 -0.287369 0.7435117 0.6038289 -0.2206935 0.6623008 0.7159972 -0.2627552 0.6643329 0.6997296 -0.1884945 0.5697637 0.7998996 -0.2155332 0.572238 0.791258 -0.1472923 0.4757596 0.8671551 -0.1594965 0.4773347 0.8641253 -0.1178004 0.4323217 0.8939916 -0.1292944 0.4340188 0.8915776 -0.09697186 0.3955142 0.9133263 -0.1085878 0.3973904 0.9112023 -0.08537775 0.3671085 0.9262517 -0.09746587 0.3691824 0.924232 -0.08330774 0.3490821 0.9333819 -0.08079075 0.3486259 0.9337735 -0.07098025 0.3226296 0.9438601 -0.05898058 0.3205028 0.9454097 -0.05154675 0.2985053 0.953015 -0.03901374 0.2963073 0.9542956 -0.03441274 0.2617028 0.9645348 -0.02463632 0.2600681 0.965276 -0.02196729 0.235553 0.9716133 -0.017017 0.2347643 0.9719034 -0.01450783 0.2246816 0.9743243 0.002823591 0.2219324 0.9750581 0.003669083 0.2157616 0.9764392 -0.01521188 -0.1199921 -0.9926584 -0.01504021 -0.119476 -0.9927232 -0.01512426 -0.1197607 -0.9926877 -0.005285382 -0.1787866 -0.9838737 -0.05007231 -0.401933 -0.914299 -0.0501194 -0.4019232 -0.9143007 -0.05014371 -0.4019186 -0.9143015 -0.02681946 -0.1271976 -0.9915148 0.03244805 -9.29473e-4 -0.999473 0.03244805 -9.29473e-4 -0.999473 0.03244799 -9.2947e-4 -0.999473 -0.01002693 -0.1003118 -0.9949056 -0.02613055 -0.1103013 -0.9935547 -0.009106576 -0.1061196 -0.9943117 -0.03189206 -0.1028059 -0.99419 -0.01671713 -0.08944129 -0.9958518 -0.08191591 -0.5086182 -0.8570866 -0.08191603 -0.5086181 -0.8570867 -0.08191597 -0.5086181 -0.8570867 -0.01229584 -0.1305524 -0.9913652 0.00264883 -0.1087501 -0.9940656 -0.01176613 -0.1123655 -0.9935973 -0.006045281 -0.1064897 -0.9942955 -0.01478195 -0.098154 -0.9950615 -0.01905679 -0.1034939 -0.9944475 -0.01244676 -0.1007707 -0.9948319 -0.01143503 -0.09438496 -0.9954702 -0.02715373 -0.1058654 -0.9940097 -0.02686583 -0.127302 -0.9915001 0.02088934 -0.03724426 -0.9990879 -0.09922736 -0.3463218 -0.9328534 -0.0720061 -0.3234377 -0.9435059 -0.1278714 -0.4768058 -0.8696581 -0.180662 -0.6442869 -0.743139 -0.180662 -0.6442869 -0.743139 -0.1806619 -0.6442869 -0.7431391 0.04232245 0.003826856 -0.9990967 -0.01291632 -0.08204257 -0.9965451 -0.02099817 -0.08675652 -0.9960082 -0.007524132 -0.1623205 -0.9867094 -8.74932e-4 -0.1508376 -0.9885582 0.01977598 -0.06051921 -0.9979712 -0.04477936 -0.4026066 -0.9142771 -0.04477953 -0.4026069 -0.914277 -0.04477882 -0.4026063 -0.9142773 -0.1195356 -0.7638525 -0.6342244 -0.1195408 -0.7638513 -0.6342249 -0.1195371 -0.7638517 -0.634225 -0.009654164 -0.2011465 -0.9795137 -0.009679257 -0.2012999 -0.9794819 -0.01672482 -0.234305 -0.9720193 -0.01672494 -0.234305 -0.9720193 -0.01672494 -0.234305 -0.9720193 -0.02749973 -0.2853488 -0.9580292 -0.02749973 -0.2853489 -0.9580292 -0.02749985 -0.2853486 -0.9580292 0.01077657 -0.1024408 -0.9946808 -0.02596002 -0.2858474 -0.9579235 -0.02596008 -0.2858474 -0.9579235 -0.02596008 -0.2858473 -0.9579235 -0.02592051 -0.285496 -0.9580294 -0.02592301 -0.2854956 -0.9580294 -0.02592134 -0.2854958 -0.9580295 -0.02359825 -0.2601008 -0.9652932 -0.02359807 -0.2601008 -0.9652932 -0.02359813 -0.2601008 -0.9652931 -0.02214533 -0.2604273 -0.9652395 -0.01670151 -0.2341184 -0.9720647 -0.005283951 -0.1787752 -0.9838758 -0.00536257 -0.1791418 -0.9838086 -0.005473732 -0.1791412 -0.9838082 -0.04183763 -0.3451787 -0.9376041 -0.04183763 -0.3451787 -0.9376041 -0.04183763 -0.3451787 -0.9376041 -0.0794897 -0.5072386 -0.858132 -0.07948994 -0.5072386 -0.858132 -0.07948958 -0.5072387 -0.858132 0.02064484 -0.03800982 -0.9990641 -0.01164019 -0.1592715 -0.9871662 -0.00137645 -0.1579031 -0.9874536 -0.001918137 -0.1604737 -0.9870383 -0.002488076 -0.1604523 -0.9870405 -0.003127872 -0.1630485 -0.9866131 0.03819137 -0.008405804 -0.9992352 -0.05103284 -0.08270084 -0.9952669 -0.005407214 -0.05334717 -0.9985615 -0.03616917 -0.09404277 -0.9949109 -0.02070331 -0.085262 -0.9961435 -0.03222483 -0.09704667 -0.994758 -0.03439372 -0.09845429 -0.9945471 3.32383e-4 -0.1193643 -0.9928505 -0.009242355 -0.121762 -0.9925163 -0.006770849 -0.108977 -0.9940213 -0.02081739 -0.1147584 -0.9931754 -0.006985723 -0.07865291 -0.9968776 0.02794802 -0.02389198 -0.9993238 -0.0203607 -0.1547511 -0.9877437 -0.008438289 -0.1328737 -0.9910972 -0.03600627 -0.1269439 -0.9912562 -0.03600335 -0.1269439 -0.9912563 -0.112544 -0.5828049 -0.804781 -0.001345455 -0.1388627 -0.9903107 6.14987e-4 -0.138601 -0.9903482 0.00253421 -0.1285652 -0.9916979 -0.008265376 -0.1505647 -0.9885656 -0.008531391 -0.1527949 -0.9882212 -0.007523953 -0.1623188 -0.9867097 0.02606505 0.1654151 0.9858796 0.1373468 0.7479803 0.6493546 0.1373468 0.7479803 0.6493546 0.1373468 0.7479803 0.6493546 0.2389403 -0.6354595 0.7342335 0.03906971 0.1185373 0.9921807 0.03717011 0.129452 0.9908888 0.01283085 0.03375679 0.9993478 0.03149825 0.1276581 0.991318 0.3919953 0.7812645 0.485763 0.3919954 0.7812644 0.485763 0.2689807 0.8845755 0.3810191 0.2689807 0.8845756 0.3810191 0.1713213 -0.5398534 0.8241403 0.1713213 -0.5398531 0.8241407 0.1713213 -0.5398534 0.8241405 0.1716479 -0.5415924 0.8229306 0.1716426 -0.5415949 0.82293 0.1716317 -0.5415952 0.8229321 0.1714012 -0.5406932 0.8235731 0.1714017 -0.5406931 0.8235731 0.1714027 -0.5406929 0.8235729 0.008293807 0.1281906 0.9917149 0.008263587 0.1279984 0.99174 0.008263707 0.1279984 0.99174 0.008263647 0.1279984 0.9917399 0.1809985 0.9109602 0.3706631 0.1809985 0.9109602 0.3706631 0.1809985 0.9109602 0.3706631 -0.02087837 0.03727644 0.9990869 0.3042944 0.7246251 0.6183232 0.1115542 0.2849487 0.9520295 0.07847023 0.216977 0.9730178 0.2254218 0.5987056 0.768594 0.2254217 0.5987056 0.768594 0.02014553 0.1543865 0.9878052 0.02420514 0.1553899 0.9875567 0.03860694 0.2044405 0.9781174 0.03697037 0.2005611 0.9789834 0.2436738 0.8005883 0.5474319 0.1921024 0.6768514 0.7106117 0.08607548 0.1181132 0.9892626 0.08245456 0.120581 0.9892733 0.02045905 0.09665799 0.9951074 0.05663144 0.1523897 0.9866967 0.0475707 0.117833 0.9918934 0.2389533 -0.6354686 0.7342213 0.1695864 -0.2572309 0.9513531 0.1695865 -0.2572309 0.9513531 0.1695864 -0.2572309 0.9513531 0.1102235 -0.01946181 0.9937163 0.1113176 -0.02458083 0.9934809 0.08776473 0.06412076 0.9940754 0.1668124 -0.1633775 0.9723587 0.1247673 -0.02204084 0.9919412 0.2773979 -0.4947978 0.8235445 0.2773978 -0.4947978 0.8235446 0.2773976 -0.4947978 0.8235446 0.2773102 -0.4948115 0.8235658 0.2773098 -0.4948117 0.8235658 0.2773102 -0.4948115 0.8235659 0.08811169 0.05859446 0.9943858 0.09018015 0.05897384 0.9941779 0.09094071 0.05401897 0.9943901 0.08562916 0.05270415 0.9949321 0.086501 0.04983139 0.9950047 0.05820322 0.09343361 0.9939228 0.05820459 0.09342914 0.9939231 0.05820268 0.09343546 0.9939227 0.2795805 -0.2867966 0.9162874 0.2795805 -0.2867966 0.9162873 0.2791954 -0.2867305 0.9164255 0.2791954 -0.2867305 0.9164255 0.1627081 -0.1004905 0.9815436 0.1460472 -0.05403405 0.9878008 0.1696038 -0.1628249 0.9719684 0.0703299 0.1069815 0.9917706 0.07669347 0.1019832 0.9918254 0.07005453 0.1007717 0.9924402 0.0761395 0.09640979 0.9924253 0.06193566 0.09292083 0.9937454 0.06625682 0.09026777 0.9937111 0.05758225 0.08749014 0.9944998 0.1031446 0.0990495 0.9897224 0.06360423 0.1357009 0.9887061 0.076613 0.120981 0.9896939 0.08998322 0.1252508 0.9880361 0.1208485 0.114875 0.9860017 0.1248087 0.1152597 0.9854634 0.7395398 -0.6556569 0.1522992 0.932637 -0.360628 0.01164221 0.932637 -0.3606283 0.01164025 0.9326367 -0.3606289 0.01164585 0.4213629 -0.2751984 0.8641293 0.1407271 0.07387322 0.9872886 0.09114533 0.09984612 0.9908196 0.09001559 0.09984958 0.9909225 0.06549686 0.1153625 0.9911618 0.05907154 0.1136436 0.991764 0.04975706 0.1286985 0.9904347 0.03670406 0.1249521 0.9914836 0.9329594 -0.3598132 0.01101648 0.9329593 -0.3598134 0.01101493 0.9329593 -0.3598135 0.01101583 0.4512574 -0.03890073 0.8915456 0.4512576 -0.03890115 0.8915455 0.4512574 -0.03890115 0.8915456 0.2788249 -0.1315846 0.9512845 0.2788249 -0.1315847 0.9512845 0.2788249 -0.1315845 0.9512845 0.3374586 -0.186196 0.922742 0.02465063 0.1540817 0.9877507 0.02953082 0.1497455 0.9882835 0.04566925 0.1562985 0.9866535 0.04423207 0.17048 0.9843679 0.05480515 0.1513395 0.9869614 0.04970616 0.125348 0.9908669 0.07671666 0.1346619 0.9879174 0.08849036 0.1244318 0.9882744 0.1107761 0.1323467 0.9849939 0.146363 0.1269974 0.9810451 0.136303 0.1025474 0.9853454 0.1582758 0.1079648 0.9814746 0.08830738 0.05707526 0.9944568 0.5426208 0.1031247 0.8336234 0.5426208 0.1031247 0.8336235 0.5426208 0.1031247 0.8336235 0.3287306 0.1397765 0.9340229 0.3282418 0.1397465 0.9341993 0.2537246 0.1242384 0.9592646 0.239599 0.1134305 0.964223 0.2395989 0.1134305 0.964223 0.2395989 0.1134305 0.964223 0.1823456 0.1323105 0.9742916 0.1256222 0.1286444 0.9837021 -0.2653659 0.03721392 0.9634293 -0.2653661 0.03721368 0.9634293 -0.2653656 0.03721374 0.9634295 0.5230757 0.1638554 0.836387 0.5230762 0.1638553 0.8363868 0.5230759 0.1638552 0.8363869 0.413883 0.1489897 0.8980552 0.4138831 0.1489897 0.8980551 0.413883 0.1489897 0.8980551 0.6953996 0.179938 0.6957311 0.6954001 0.179938 0.6957306 0.6953998 0.1799379 0.6957308 0.3100851 0.01896333 0.9505197 0.303017 0.01704341 0.9528328 0.2470728 0.08425849 0.9653267 0.3447327 0.08566874 0.9347835 0.4186713 0.1128263 0.9011019 0.05819612 0.08816361 0.9944046 0.05819368 0.0881716 0.994404 0.0581929 0.08816814 0.9944044 0.05866318 0.09058463 0.9941596 0.1043782 0.04667037 0.9934421 0.5947891 -0.6993032 0.3964858 0.0871483 0.05003851 0.9949379 0.08737331 0.04963082 0.9949386 0.05943739 0.08659702 0.9944688 0.09065777 -0.1013855 0.9907079 0.09065818 -0.1013854 0.9907079 0.09065747 -0.1013855 0.9907079 0.1714184 -0.5404281 0.8237435 0.1714206 -0.5404275 0.8237433 0.1714192 -0.5404278 0.8237434 0.1714922 -0.5413696 0.8231097 0.1714931 -0.5413694 0.8231096 0.171494 -0.5413692 0.8231095 0.07087093 -0.01355075 0.9973935 0.05966401 0.04475444 0.9972147 0.05966401 0.04475444 0.9972147 0.05966401 0.04475444 0.9972148 0.05973792 0.04440611 0.9972259 0.08880496 -0.1008903 0.9909263 0.0888049 -0.1008903 0.9909263 0.08880496 -0.1008903 0.9909263 0.04007095 0.1289581 0.9908401 0.04003596 0.1291232 0.9908201 0.05353981 0.07337844 0.995866 0.0524373 0.07950633 0.9954543 0.05879229 0.04489219 0.9972603 0.2044004 -0.764959 0.6107849 0.2044001 -0.764959 0.610785 0.2044003 -0.764959 0.6107849 0.2011942 -0.764791 0.6120586 0.2011939 -0.764791 0.6120586 0.2011942 -0.764791 0.6120586 0.09066396 -0.1013416 0.9907119 0.0906639 -0.1013416 0.9907119 0.09066396 -0.1013416 0.9907119 0.05129641 0.10454 0.9931969 0.05160057 0.1180111 0.9916707 0.06498074 0.06117129 0.9960099 0.06284475 0.07299476 0.9953504 0.08565515 -0.02274942 0.9960651 0.0837152 -0.01403045 0.9963909 0.0440464 0.1486988 0.9879012 0.09071004 -0.04844295 0.9946985 0.04421216 0.1078592 0.9931827 0.03801167 0.1079564 0.9934287 0.05324745 0.1128286 0.9921867 0.04044169 0.113811 0.9926791 0.06432014 0.1196756 0.9907274 0.04562479 0.1220736 0.9914719 0.06605356 0.1258035 0.9898537 0.0454759 0.1293418 0.9905568 0.04627799 0.1294451 0.9905061 0.03137511 0.1441797 0.9890541 0.03710132 0.1439436 0.9888902 0.02652877 0.156285 0.9873557 0.1769914 0.9809778 0.07972788 0.1769892 0.9809782 0.07972848 0.1769882 0.9809784 0.07972806 -0.01091384 0.101848 0.9947401 0.1487197 0.8347564 0.530155 0.1487272 0.8347547 0.5301555 0.1487157 0.8347571 0.530155 0.1489903 0.8359942 0.5281246 0.1489646 0.8360029 0.5281182 0.1489033 0.8360085 0.5281267 0.003124535 0.166712 0.9860007 0.1539866 0.8336511 0.5303905 0.1539865 0.8336508 0.530391 0.1539867 0.8336513 0.5303901 0.09931111 0.6057454 0.7894365 0.09931081 0.6057454 0.7894365 0.09931063 0.6057455 0.7894365 0.09924268 0.6054688 0.7896573 0.0992428 0.6054687 0.7896573 0.09924298 0.6054686 0.7896573 0.1321878 0.7481144 0.6502702 0.1321877 0.7481144 0.6502702 0.1321878 0.7481143 0.6502702 0.05285328 0.4048408 0.9128584 0.05285328 0.4048408 0.9128584 0.05285322 0.4048408 0.9128584 0.05277401 0.4043353 0.9130871 0.05277389 0.4043353 0.9130871 0.05277365 0.4043353 0.913087 0.05277895 0.4044322 0.9130439 0.01404207 0.2143248 0.9766615 0.03366392 0.3150187 0.9484883 0.0100314 0.2147112 0.9766261 0.0143606 0.2327585 0.9724285 0.01172536 0.2144739 0.9766594 0.01170676 0.21438 0.9766802 0.01959294 0.2325544 0.972386 0.01429015 0.2142418 0.9766761 0.03587126 0.3149163 0.9484414 0.03246945 0.3007244 0.9531583 0.1562137 0.8267469 0.5404509 0.1562136 0.8267468 0.5404508 0.1562137 0.8267468 0.5404508 0.1809836 0.9108689 0.3708948 0.1809836 0.9108688 0.3708948 0.1809836 0.9108688 0.3708948 0.2196164 0.8745997 0.4322546 0.2196164 0.8745997 0.4322546 0.2196164 0.8745997 0.4322546 0.04231226 0.3018995 0.9524003 0.01708638 0.1992104 0.9798079 0.02309137 0.2153846 0.9762563 0.01299172 0.1696204 0.9854239 0.007282793 0.1688632 0.9856126 0.01711636 0.1887481 0.9818764 0.005291521 0.1891968 0.981925 0.0193305 0.2132225 0.9768124 0.01933133 0.2132258 0.9768118 0.01438045 0.1797299 0.9836109 0.01438081 0.1797329 0.9836104 0.9054608 0.3613405 0.2226521 0.9054569 0.3613219 0.222698 0.9054503 0.3612996 0.2227611 0.9066798 0.3607234 0.2186561 0.9066796 0.3607243 0.2186556 0.9066807 0.3607226 0.2186537 0.4826024 0.2071194 0.8509973 0.4826024 0.2071197 0.8509973 0.4826024 0.2071197 0.8509973 0.6640444 0.2736848 0.695803 0.4186878 0.112818 0.9010953 0.5080682 0.09438866 0.8561295 0.5080682 0.09438854 0.8561295 0.1548503 0.128486 0.9795472 0.1543843 0.1282228 0.9796553 0.129472 0.1282773 0.9832507 0.06421875 0.08616656 0.9942089 0.04532873 0.09663462 0.9942873 3.83894e-4 0.03776812 0.9992865 0.6762839 -0.1605738 0.7189272 0.6762549 -0.160555 0.7189586 0.6762829 -0.1605738 0.7189281 0.2684915 0.04004514 0.9624493 0.2684915 0.0400452 0.9624493 0.2684915 0.04004514 0.9624493 0.1794504 -0.002268433 0.9837644 0.1069242 0.05826669 0.9925584 0.1075825 0.05796205 0.9925051 0.06944739 0.09041345 0.9934801 0.06889528 0.09046912 0.9935134 0.04982548 0.1094003 0.9927483 0.04586404 0.1085323 0.9930344 0.0383023 0.1259601 0.9912956 0.0334267 0.1239659 0.9917233 0.02542805 0.1238558 0.9919744 0.03787255 0.1278399 0.9910715 0.0209465 0.1285242 0.9914852 0.04421031 0.1342695 0.9899582 0.01781386 0.1366194 0.9904635 0.04401719 0.1482298 0.9879729 0.01176244 0.144019 0.9895051 0.03012377 0.1630936 0.9861506 0.02430373 0.1633288 0.9862723 0.02665823 0.1686895 0.9853088 0.2346134 0.9683778 0.08485829 -0.4023749 -0.7917303 0.4596279 -0.3941284 -0.58842 0.705992 -0.3796114 -0.8882581 0.2586361 -0.3887057 -0.8461763 0.3645457 -0.3733057 -0.8924534 0.2533175 -0.3733052 -0.8924536 0.253318 -0.3733057 -0.8924533 0.2533179 -0.3995043 -0.6342732 0.6618867 -0.1489198 0.07642006 0.9858919 -0.2031189 0.01723963 0.9790023 -0.1765936 0.114794 0.977567 -0.238102 -0.03012907 0.9707728 -0.3240345 -0.2627608 0.9088225 -0.3321164 -0.3004083 0.8941217 -0.322102 -0.2691449 0.9076405 -0.3978679 -0.6374586 0.6598089 -0.1166505 0.1859865 0.9756032 -0.09657019 0.1945986 0.9761176 -0.08351993 0.2480551 0.9651389 -0.08351999 0.2480551 0.965139 -0.08351993 0.2480551 0.9651389 -0.02181887 0.2888978 0.9571114 -0.02631992 0.2874436 0.9574359 -0.08350098 0.2480742 0.9651357 0.0576415 0.3570129 0.9323194 -1.17846e-4 0.324352 0.9459365 -0.02239352 0.2864587 0.9578309 0.1220965 0.4452736 0.8870309 0.05699443 0.350481 0.9348341 0.05699151 0.3504671 0.9348396 0.16542 0.3952272 0.9035661 0.165431 0.3952881 0.9035375 0.2348959 0.5170221 0.8231112 0.2596706 0.4796916 0.8381332 0.2761666 0.6332316 0.7230144 0.2873839 0.765991 0.5750377 0.3053913 0.6497194 0.6961328 0.2746119 0.9583587 -0.07833957 0.274612 0.9583586 -0.07833957 0.274612 0.9583586 -0.07833957 0.2412579 0.9482307 -0.2065268 0.2499307 0.8866506 0.3890829 0.3123627 0.8495896 0.4250025 0.3078703 0.917233 0.2527837 0.3020915 0.9316474 0.2019254 0.3020914 0.9316474 0.2019254 0.3020915 0.9316475 0.2019254 0.2922558 0.94839 0.1230574 0.5728778 0.8181663 0.04914271 0.5728779 0.8181663 0.04914236 0.5728778 0.8181663 0.04914247 -0.04226231 0.3562526 0.9334335 -0.003040552 0.3928113 0.9196141 -0.1830503 0.01185029 0.9830322 -0.1830503 0.01185029 0.9830322 -0.1830503 0.01185029 0.9830322 -0.26556 -0.2658593 0.9267129 -0.276101 -0.4024536 0.8728111 -0.2761117 -0.4025182 0.8727781 -0.1831922 0.01138269 0.9830113 -0.1831458 0.0115928 0.9830175 -0.1871594 0.0743646 0.9795107 -0.07423931 0.2944917 0.9527661 -0.07422411 0.2945523 0.9527486 -0.07078802 0.2473198 0.9663447 -0.04182535 0.2831995 0.9581487 -0.04181391 0.2832608 0.958131 -0.322571 -0.7381104 0.5925716 -0.3031819 -0.5736932 0.7608922 -0.3092569 -0.7424402 0.5942581 -0.287576 -0.9196717 0.2674023 -0.3283622 -0.7362972 0.5916458 0.2145528 0.3683918 0.9045743 0.1279764 0.4055174 0.9050844 0.1537668 0.5514742 0.8198975 0.1963593 0.597089 0.7777711 0.2193792 0.7933081 0.5679218 0.2325179 0.8314173 0.5046591 0.2307677 0.9424386 0.2419829 0.2308168 0.959068 0.1640496 0.2383392 0.8908532 0.3867496 0.2346391 0.9683708 0.08486837 0.09112358 0.9724727 -0.2144606 0.1258338 0.9755769 0.1800435 0.1002712 0.9919224 0.07768952 0.06256949 0.9740361 -0.2175747 0.06256943 0.9740361 -0.2175747 0.06256943 0.9740361 -0.2175747 0.06256014 0.9740259 -0.2176232 0.1223181 0.9691606 0.2139303 0.1223216 0.9691514 0.2139701 0.1223557 0.9690846 0.2142525 0.1536736 0.66833 0.7278183 0.1536735 0.66833 0.7278184 0.1536731 0.6683301 0.7278184 0.1320822 0.8931108 0.4300087 0.1303457 0.8811945 0.4544299 0.1303456 0.8811945 0.4544299 0.1303457 0.8811944 0.4544298 0.1291137 0.9164193 0.3788212 0.1291138 0.9164192 0.3788211 0.1291138 0.9164192 0.3788211 0.1536749 0.6684246 0.7277312 0.1519426 0.663612 0.7324839 0.1501858 0.6697002 0.7272868 0.01374578 0.4232749 0.9058972 0.02718359 0.5128699 0.8580359 0.07549059 0.4083257 0.9097095 0.09795486 0.486829 0.8679876 0.09998118 0.5093833 0.854712 0.07967489 0.4938386 0.8658958 0.1501864 0.66976 0.7272315 -0.3240258 -0.8189066 0.4737081 -0.3138729 -0.9122346 0.2632715 -0.3368077 -0.6095831 0.7176135 -0.3299297 -0.5648688 0.756353 -0.2958511 -0.3136818 0.9022616 -0.2773055 -0.2617756 0.9244323 -0.2155206 0.02156287 0.9762612 -0.1724568 0.06928312 0.9825775 -0.1375865 0.2087197 0.968249 -0.08150678 0.2510734 0.9645304 -0.06860971 0.3054015 0.9497488 -0.01120197 0.3452062 0.9384601 -0.004058957 0.3799161 0.9250121 0.05076879 0.4178677 0.9070883 0.05945247 0.4697704 0.8807844 0.1083185 0.5060877 0.8556532 0.123072 0.6267578 0.7694336 0.156211 0.6619405 0.7330983 0.1669616 0.8539541 0.4928349 0.1757422 0.8808867 0.4394922 0.1653536 0.9744825 0.1517968 0.1653535 0.9744824 0.1517968 0.1653535 0.9744824 0.1517968 0.1645145 0.9822091 0.09055596 0.1215274 0.9413959 -0.3146504 0.1409931 0.9733814 0.1806924 -0.07875144 0.3275547 -0.9415445 -0.0787515 0.3275548 -0.9415445 -0.0787515 0.3275548 -0.9415445 -0.2855765 -0.9466249 0.1494908 -0.01252979 -0.4957425 -0.8683792 -0.03140515 -0.05157428 -0.9981753 -0.03140515 -0.05157428 -0.9981753 -0.03140515 -0.05157428 -0.9981753 0.1367248 0.841825 -0.5221467 0.0367245 0.5872478 -0.8085737 0.1760822 0.8811556 -0.4388166 0.196007 0.9073284 -0.3719362 0.196007 0.9073284 -0.3719362 0.1960069 0.9073284 -0.3719362 0.1809038 0.8817077 -0.4357357 0.2501481 0.9507448 -0.1830584 0.05584204 0.5987797 -0.7989646 0.05584204 0.5987797 -0.7989646 0.0558421 0.5987797 -0.7989646 0.0558874 0.5988951 -0.798875 -0.01995199 0.4764108 -0.8789964 0.08928573 0.7290757 -0.6785843 -0.03116023 -0.05149501 -0.9981871 -0.1004357 0.06164461 -0.9930321 -0.0720846 0.1548525 -0.9853044 -0.007449746 0.09857386 -0.9951019 -0.06686705 0.2566103 -0.9641991 -0.04953718 -0.1417822 -0.9886577 -0.03262954 -0.299023 -0.9536879 -0.01786571 -0.2445407 -0.9694744 -0.02654051 -0.2711118 -0.9621819 -0.04519522 -0.23646 -0.9705896 -0.05499136 -0.1604404 -0.9855125 -0.005859732 -0.3692363 -0.9293172 -0.01709699 -0.4850469 -0.874321 0.01905596 -0.454207 -0.8906925 0.0197708 -0.4534953 -0.8910394 0.01812207 -0.4529656 -0.8913439 -0.01251393 -0.4957104 -0.8683978 -0.06011301 -0.6515781 -0.756196 -0.06012654 -0.6515974 -0.7561783 -0.1919978 -0.8549458 -0.4818762 -0.4052618 -0.6623007 0.6301751 -0.365248 -0.9292117 0.05620908 -0.1919661 -0.8549339 -0.4819098 -0.1919661 -0.8549339 -0.4819099 -0.1919661 -0.8549339 -0.4819098 -0.2792539 -0.9273753 -0.2489829 -0.2792539 -0.9273752 -0.2489829 -0.2792539 -0.9273753 -0.2489829 -0.2838457 -0.9291617 -0.2368335 -0.2838457 -0.9291619 -0.2368335 -0.3193641 -0.9387552 -0.1294043 -0.08671498 -0.9934325 -0.07464885 -0.08671498 -0.9934325 -0.07464891 -0.08671498 -0.9934325 -0.07464885 -0.08790737 0.4111493 -0.9073195 -0.05163294 0.6430453 -0.7640856 -0.01607072 0.7669654 -0.6414872 -0.0879659 0.4108028 -0.9074707 -0.08794885 0.4108777 -0.9074385 -0.1008992 0.3667156 -0.9248454 -0.1031719 -0.04640126 -0.9935807 -0.1093268 0.02851122 -0.9935969 -0.1371977 -0.03382748 -0.9899659 -0.1371788 -0.03365206 -0.9899746 -0.1008568 -0.2744333 -0.9563024 -0.1263463 -0.1730706 -0.9767719 -0.1636055 -0.2484461 -0.9547293 -0.1031798 -0.0464583 -0.9935772 -0.01599657 0.7672452 -0.6411544 -0.01599657 0.7672453 -0.6411544 -0.01599657 0.7672452 -0.6411544 -0.1004372 0.3278027 -0.9393923 0.01202332 0.7656135 -0.6431887 0.1367563 0.8418193 -0.5221476 0.1259881 0.8036054 -0.5816748 0.09832602 0.7276004 -0.678918 0.08379209 0.6718168 -0.7359626 0.020424 0.4676283 -0.8836893 0.01135921 0.3968445 -0.9178156 -0.05633169 0.1498249 -0.9871065 -0.042001 0.06630736 -0.9969149 -0.07277262 -0.04657202 -0.9962607 -0.04138088 -0.1615293 -0.986 -0.2442864 -0.938535 -0.243878 -0.2442863 -0.9385349 -0.243878 -0.2623602 -0.9498941 -0.1699075 -0.3809854 -0.673097 0.6338696 -0.3578661 -0.9236731 0.1369674 -0.1006608 -0.8088598 -0.5793215 -0.1006607 -0.8088598 -0.5793214 -0.1006608 -0.8088598 -0.5793214 -0.1493456 -0.8165843 -0.5575715 -0.1386176 -0.8197278 -0.555726 -0.1549412 -0.8575628 -0.4904889 -0.1385703 -0.8622947 -0.4870793 -0.1087282 -0.8062843 -0.5814499 -0.1087282 -0.8062843 -0.5814499 -0.1087282 -0.8062843 -0.5814499 -0.2008544 -0.9454374 -0.2565261 -0.2008597 -0.9454406 -0.2565106 -0.2266339 -0.9601429 -0.1635933 -0.2266339 -0.9601429 -0.1635933 -0.226634 -0.9601429 -0.1635933 -0.2893 -0.9421901 0.1690663 -0.2893 -0.9421901 0.1690663 -0.2893 -0.9421901 0.1690663 -0.2878282 -0.9442462 0.159856 -0.2888321 -0.9422506 0.169529 -0.2888321 -0.9422506 0.169529 -0.2888513 -0.9422792 0.1693367 -0.05525732 -0.5288532 -0.8469127 -0.05524992 -0.5288398 -0.8469215 -0.02447009 -0.4824578 -0.8755775 -0.05474859 -0.6513234 -0.7568227 -0.05475819 -0.6513458 -0.7568026 -0.001087546 -0.6036911 -0.7972177 -0.04347091 -0.5908055 -0.8056422 -0.03628522 -0.6565086 -0.7534453 -0.05439168 -0.6507912 -0.757306 -0.1005698 -0.8086717 -0.5795997 0.1212466 0.8042733 -0.5817593 0.1153894 0.9121686 -0.393235 0.1153893 0.9121686 -0.393235 0.1153894 0.9121686 -0.393235 0.0446825 0.6773183 -0.7343319 0.03711849 0.6338909 -0.7725312 0.03711855 0.6338909 -0.7725313 0.03711855 0.6338909 -0.7725313 -0.0154711 0.4028715 -0.9151259 -0.01831161 0.348384 -0.9371731 -0.07258278 0.07648396 -0.9944255 -0.05633586 0.01004594 -0.9983614 -0.08450293 -0.1285646 -0.9880944 -0.05670458 -0.2004379 -0.9780641 -0.06940573 -0.2547034 -0.9645253 -0.03976649 -0.32625 -0.9444468 -0.005856871 -0.3692281 -0.9293204 -0.00997442 -0.3748424 -0.9270349 -0.007835268 -0.3756197 -0.9267408 -0.07619863 -0.4549354 -0.8872585 -0.1486935 -0.4928411 -0.8573201 -0.1486307 -0.4927906 -0.8573603 -0.1008533 -0.2744138 -0.9563084 -0.1291263 -0.343091 -0.9303844 -0.09423243 -0.3048723 -0.9477199 -0.08470463 -0.3969747 -0.9139127 -0.09337562 -0.4368711 -0.8946645 0.005635082 -0.2170852 -0.9761364 0.03485065 -0.2904682 -0.9562499 0.07193374 -0.3414697 -0.9371361 0.1397783 -0.3639876 -0.9208556 0.08423304 -0.3402229 -0.9365646 0.08432042 -0.3402513 -0.9365464 0.08432042 -0.3402512 -0.9365465 0.08432036 -0.3402513 -0.9365464 0.0719332 -0.3380216 -0.9383854 0.08475279 -0.3283264 -0.9407544 0.139512 -0.358197 -0.9231637 0.1175042 -0.3584102 -0.9261398 0.1175498 -0.3584161 -0.9261318 0.176106 -0.476833 -0.8611719 0.1408387 -0.5215933 -0.8414897 0.1802985 -0.5276696 -0.8300948 0.1413218 -0.5345917 -0.8332107 0.1255527 -0.5272124 -0.8404069 0.1409797 -0.5242542 -0.8398109 0.0794056 -0.514259 -0.8539512 -0.006786882 -0.5110042 -0.8595516 -0.03417927 -0.5353448 -0.8439419 0.07912969 -0.5661805 -0.8204743 0.07912963 -0.5661805 -0.8204743 0.07912963 -0.5661805 -0.8204744 -0.075791 -0.4782202 -0.8749636 -0.1446874 -0.4802842 -0.8650969 -0.07966274 -0.5212692 -0.8496659 -0.0341193 -0.505511 -0.8621453 -0.07722651 -0.4915987 -0.8673909 -0.006846487 -0.5110096 -0.8595477 0.07927429 -0.5662686 -0.8203996 -0.03383761 -0.6620185 -0.7487233 -0.03383731 -0.6620185 -0.7487233 -0.03383755 -0.6620184 -0.7487234 0.1251957 -0.5231347 -0.8430044 0.1168309 -0.3957819 -0.9108827 0.134272 -0.3967967 -0.9080328 0.1413292 -0.39791 -0.9064732 0.1343932 -0.3995674 -0.906799 0.1741324 -0.4545061 -0.8735572 0.1351357 -0.4483538 -0.883582 0.1351649 -0.4483722 -0.8835683 -0.001217126 -0.1791269 -0.9838253 -0.001217305 -0.1791264 -0.9838253 -0.001089513 -0.1784377 -0.9839507 -0.005724728 -0.1898869 -0.9817894 -0.005738556 -0.1899099 -0.9817848 0.01285398 -0.2183326 -0.9757899 0.005612432 -0.22728 -0.9738133 0.01778507 -0.23492 -0.9718521 -0.005732357 -0.1899061 -0.9817856 0.006450593 -0.1912826 -0.9815139 0.01292234 -0.1971848 -0.9802812 0.006547868 -0.1968672 -0.9804084 0.0129255 -0.197903 -0.9801365 0.007065653 -0.215096 -0.9765673 0.005582928 -0.2170723 -0.9761396 -0.1092231 -0.3871821 -0.915511 -0.1093057 -0.3871957 -0.9154953 -0.09668058 -0.3563407 -0.9293408 -0.1401836 -0.4145184 -0.8991791 -0.1184132 -0.4514831 -0.8843876 -0.07577961 -0.478224 -0.8749624 0.004608809 -0.2465366 -0.9691225 0.004687964 -0.246543 -0.9691206 0.01765614 -0.2490228 -0.9683367 0.01765596 -0.2490218 -0.9683369 0.004173517 -0.2832906 -0.9590251 0.07181948 -0.2914352 -0.9538908 0.03478336 -0.2904624 -0.9562541 0.03497546 -0.2904876 -0.9562394 -0.002699911 0.3926913 0.9196664 -7.48931e-4 0.173169 0.9848918 -0.02531969 0.4121266 0.9107748 -0.09848278 0.5089024 0.8551722 -0.06502181 0.515172 0.8546169 -0.06504923 0.5151779 0.8546113 -0.1087657 0.5601612 0.8212122 -0.1087648 0.5601605 0.8212128 -0.07111072 0.5686541 0.8194973 -0.01210254 0.5241688 0.8515285 0.008272349 0.5196328 0.8543497 0.008272349 0.5196328 0.8543497 0.008272349 0.5196329 0.8543497 0.008255243 0.5196187 0.8543584 -0.01433926 0.3054797 0.9520906 -0.01877731 0.3066065 0.9516511 -0.01436537 0.305733 0.9520089 -0.01935118 0.3096024 0.9506692 -1.70724e-4 0.3260717 0.9453451 -0.0232594 0.3305947 0.9434862 -0.001169204 0.3318846 0.9433193 -0.03758198 0.3775821 0.9252132 -0.01864129 0.3730821 0.9276112 -0.04683905 0.4146039 0.9087958 -0.04684066 0.4146094 0.9087932 0.001457214 0.1748762 0.9845895 0.001463711 0.1748755 0.9845896 -0.001814424 0.1699693 0.9854477 -0.02066582 0.2480787 0.9685195 -0.01396119 0.2458692 0.9692025 -0.006444752 0.2376627 0.9713265 -0.01411819 0.2391315 0.9708846 -6.33631e-4 0.1786216 0.9839177 -6.45917e-4 0.1786261 0.9839169 0.001433432 0.1784849 0.9839416 -0.01492625 0.2046447 0.9787226 -0.006761074 0.2151658 0.9765542 -0.006759345 0.215165 0.9765543 0.0322436 0.4165655 0.9085337 0.02205401 0.447697 0.8939133 0.04554283 0.4527645 0.8904663 0.004817187 0.4667815 0.8843595 0.04509216 0.4805937 0.8757833 0.008257925 0.5177865 0.85547 0.04463046 0.5060665 0.861339 0.008017539 0.5516273 0.8340522 -0.01528954 0.5506497 0.8345965 -0.01529824 0.5506566 0.8345918 -0.03424137 0.2598547 0.9650405 -0.03424519 0.2598563 0.9650399 -0.0205233 0.2729138 0.9618195 -0.03457158 0.27942 0.9595465 -0.02045845 0.2764584 0.9608081 -0.034693 0.2811654 0.9590321 -0.03469449 0.2811633 0.9590326 -0.2425435 -0.9539968 0.1762464 -0.2425435 -0.9539968 0.1762464 0.02386373 0.1192981 0.9925717 -0.09188199 -0.7056643 0.7025635 -0.10354 -0.968437 -0.2267363 -0.02209436 -0.3792868 0.9250155 -0.07584738 -0.8701332 0.4869449 -0.07584744 -0.8701332 0.4869449 -0.07584738 -0.8701332 0.4869449 0.01664584 0.1005596 0.9947918 0.01664584 0.1005596 0.9947918 0.01664566 0.1005596 0.9947919 0.1343799 -0.5404604 0.830569 0.1343809 -0.5404601 0.8305689 0.1343803 -0.5404603 0.830569 0.1345807 -0.5419263 0.8295807 0.1345811 -0.5419268 0.8295803 0.1345802 -0.5419258 0.829581 0.01800936 -0.424793 -0.9051114 0.01800984 -0.4247929 -0.9051114 0.01801007 -0.4247928 -0.9051114 0.01801174 -0.4247376 -0.9051373 0.01801174 -0.4247376 -0.9051373 0.01801174 -0.4247376 -0.9051373 0.0170986 0.2248578 0.9742416 0.0170983 0.2248585 0.9742414 0.01709866 0.2248594 0.9742412 0.06286883 -0.09711664 0.9932854 0.06286883 -0.09711664 0.9932854 0.06286883 -0.09711664 0.9932855 0.119422 -0.5397296 0.8333249 0.11942 -0.5397298 0.8333251 0.1194193 -0.53973 0.833325 0.119383 -0.5395758 0.8334301 0.1193836 -0.5395758 0.8334301 0.1193852 -0.5395755 0.8334299 0.06287693 -0.09718066 0.9932786 0.06287747 -0.09718054 0.9932786 0.06287711 -0.09718066 0.9932786 0.07562977 -0.1355696 0.9878771 0.0756303 -0.135569 0.9878771 0.07562929 -0.1355701 0.987877 0.1334319 -0.5393821 0.8314222 0.133413 -0.5393853 0.8314232 0.1334246 -0.5393828 0.831423 -0.009151816 0.361344 0.9323877 0.08471965 -0.9725545 0.2167032 0.08471965 -0.9725545 0.2167032 0.08471959 -0.9725545 0.2167032 0.06991815 -0.4592726 0.8855394 0.06991809 -0.4592727 0.8855395 0.06991809 -0.4592726 0.8855395 0.03399538 -0.04925799 0.9982074 0.03399538 -0.04925799 0.9982074 0.03399538 -0.04925799 0.9982074 0.05637633 -0.05285942 0.9970094 0.05637627 -0.05285942 0.9970093 0.05637633 -0.05285942 0.9970093 0.1157655 -0.5391803 0.834196 0.1157658 -0.53918 0.8341962 0.1157661 -0.53918 0.8341961 0.1453671 -0.987578 0.05965054 0.1290853 -0.9894734 0.06541913 0.02298653 0.02409541 0.9994454 0.02737075 -0.2882468 0.957165 0.02737069 -0.2882468 0.957165 0.02737069 -0.2882468 0.957165 0.01660645 -0.9398491 0.3411863 0.009428799 -0.365004 0.9309582 -0.02560949 -0.9357381 0.3517649 0.01410943 -0.2191021 0.9755999 0.01410949 -0.2191021 0.9755999 0.01410949 -0.2191021 0.9755999 0.01952505 -0.08612567 0.996093 0.02515387 -0.01221042 0.999609 -0.006725668 -0.7478048 -0.6638847 -0.006723344 -0.7478047 -0.6638849 -0.006717979 -0.7478047 -0.6638848 0.02295756 0.01107627 0.9996751 0.02073049 -0.0579366 0.9981051 0.02601301 -0.05894821 0.9979221 0.02601635 -0.05916935 0.9979089 0.02400064 -0.05882483 0.9979798 0.01443582 0.1267529 0.9918293 0.03313863 -0.237448 0.9708349 0.03313857 -0.237448 0.9708349 0.03313857 -0.237448 0.9708349 0.04206448 -0.5473851 0.8358231 0.04206454 -0.5473851 0.835823 0.04206454 -0.547385 0.8358231 -0.002914249 -0.7473383 -0.6644374 -0.002906203 -0.7473385 -0.6644371 -0.002911508 -0.7473379 -0.6644378 -0.005296289 -0.2751995 0.9613726 -0.005296349 -0.2751995 0.9613726 -0.005296349 -0.2751995 0.9613726 -0.009919643 -0.2746773 0.9614853 -0.009919643 -0.2746774 0.9614853 -0.009919703 -0.2746773 0.9614853 0.01477694 -0.005339384 0.9998766 -0.02379751 -0.4195648 0.9074135 -0.02379763 -0.4195647 0.9074134 -0.02379751 -0.4195647 0.9074136 -9.88446e-4 -0.149386 0.9887784 -9.88486e-4 -0.149386 0.9887785 -9.88457e-4 -0.1493861 0.9887785 -0.01130187 -0.2861624 0.9581145 -0.01130187 -0.2861624 0.9581145 -0.01130187 -0.2861625 0.9581145 -0.01880335 -0.3733752 0.9274899 -0.01880347 -0.3733752 0.9274899 -0.01880341 -0.3733752 0.9274899 -0.01584333 -0.3737326 0.9274012 -0.01584345 -0.3737325 0.9274012 -0.01584339 -0.3737326 0.9274013 -0.03389018 -0.5865138 0.8092299 -0.03611296 -0.5864033 0.8092138 -0.08726334 -0.9782478 0.1881924 -0.0872634 -0.9782479 0.1881924 -0.08403319 -0.9434812 0.3205959 -0.08403325 -0.9434812 0.3205959 -0.08403313 -0.9434812 0.3205959 -0.07627701 -0.9437398 0.3217718 -0.07627701 -0.9437398 0.3217718 -0.07627701 -0.9437398 0.3217718 -0.06558269 -0.8392219 0.5398199 -0.06558269 -0.839222 0.5398199 -0.06558263 -0.839222 0.5398198 -0.06334805 -0.8394352 0.5397552 -0.06334805 -0.8394352 0.5397552 -0.06334793 -0.8394352 0.5397552 -0.04507356 -0.6450703 0.7627927 -0.04507356 -0.6450703 0.7627928 -0.0450735 -0.6450703 0.7627928 -0.0417959 -0.5853547 0.8096994 -0.02520155 -0.4216382 0.9064139 -0.02520155 -0.4216382 0.9064139 -0.02520155 -0.4216382 0.9064139 -0.01001799 -0.2443048 0.9696468 -0.01001793 -0.2443048 0.9696468 -0.01001787 -0.2443048 0.9696468 -0.06569671 -0.8704119 0.4879214 -0.06569665 -0.8704119 0.4879213 -0.06569665 -0.8704119 0.4879213 -0.05074959 -0.7148315 0.6974529 -0.04843956 -0.7147855 0.6976642 -0.02904355 -0.4967511 0.867407 -0.02904361 -0.4967511 0.867407 -0.02904361 -0.4967511 0.867407 -0.0317068 -0.4969418 0.8672044 -0.04549467 -0.6454324 0.7624614 -0.02620172 -0.4193576 0.907443 -0.02620154 -0.4193576 0.907443 -0.02620166 -0.4193575 0.907443 -0.05089312 -0.6851926 0.7265818 -0.05089312 -0.6851926 0.7265818 -0.05089312 -0.6851926 0.7265818 -0.04279971 -0.5851263 0.8098121 0.01584267 0.01261657 0.9997949 0.004134595 -0.1502286 0.9886426 0.004134774 -0.1502286 0.9886426 0.004134654 -0.1502286 0.9886426 0.0086506 -0.08444494 0.9963907 0.00865066 -0.08444494 0.9963907 0.0086506 -0.08444494 0.9963907 -0.003844141 -0.2452539 0.9694513 -0.003844141 -0.2452539 0.9694513 -0.003844261 -0.2452539 0.9694513 -0.001649618 -0.2161634 0.9763559 -0.001649737 -0.2161634 0.9763559 -0.001649618 -0.2161634 0.9763559 -0.01470875 -0.3803151 0.92474 -0.01322793 -0.3612428 0.932378 -0.07848185 -0.9314593 0.3552805 -0.07848191 -0.9314593 0.3552804 -0.07848185 -0.9314593 0.3552804 -0.08499044 -0.9884459 0.1255044 -0.0849905 -0.9884459 0.1255045 -0.08499044 -0.9884459 0.1255045 -0.07365399 -0.9067754 0.4151309 -0.07365381 -0.9067754 0.415131 -0.07365375 -0.9067754 0.4151309 -0.0754677 -0.9066613 0.4150543 -0.07546776 -0.9066612 0.4150545 -0.07546764 -0.9066613 0.4150543 -0.05540806 -0.7430819 0.6669027 -0.05540806 -0.7430819 0.6669028 -0.05541217 -0.7430815 0.6669028 -0.0798155 -0.9704968 0.2275199 -0.0798152 -0.9704969 0.2275199 -0.07981556 -0.9704968 0.2275199 -0.06785041 -0.8554835 0.5133656 -0.06785047 -0.8554836 0.5133656 -0.06785053 -0.8554837 0.5133656 -0.05827307 -0.6546052 -0.7537217 -0.05827319 -0.654605 -0.7537218 -0.05827319 -0.6546049 -0.753722 -0.05768334 -0.8773861 0.476305 -0.05768328 -0.8773861 0.476305 -0.0576834 -0.877386 0.4763051 -0.0556249 -0.8560222 0.5139377 -0.0556249 -0.8560222 0.5139377 -0.0556249 -0.8560222 0.5139377 -0.05985981 -0.8986313 0.4346018 -0.05985951 -0.8986313 0.4346017 -0.05985939 -0.8986314 0.4346017 -0.04539191 -0.7430457 0.6676996 -0.04539191 -0.7430457 0.6676996 -0.04539185 -0.7430456 0.6676996 -0.08548223 -0.98457 0.1526924 -0.08548235 -0.9845699 0.1526924 -0.08548235 -0.9845699 0.1526925 -0.08831107 -0.9958849 0.02035802 -0.08831113 -0.995885 0.02035808 -0.08831113 -0.995885 0.02035814 -0.08804559 -0.9959283 0.01936519 -0.08809632 -0.9750885 -0.2035716 -0.08809638 -0.9750885 -0.2035716 -0.08979523 -0.995582 0.02744764 -0.08979535 -0.995582 0.02744752 -0.08979523 -0.995582 0.02744758 -0.06340271 -0.7199018 -0.691174 -0.09047049 -0.9922122 -0.08561557 -0.09034693 -0.9957163 -0.01966238 -0.09034687 -0.9957162 -0.01966232 -0.09034693 -0.9957162 -0.01966238 -0.08708494 -0.9686653 -0.2326022 -0.087085 -0.9686654 -0.2326022 -0.087085 -0.9686653 -0.2326022 -0.08808559 -0.975791 -0.2001822 -0.08808565 -0.975791 -0.2001822 -0.08807754 -0.9758273 -0.2000091 -0.08875006 -0.979569 -0.180466 -0.08875006 -0.979569 -0.180466 -0.08875012 -0.979569 -0.180466 -0.089374 -0.9805134 -0.1749451 -0.1038951 -0.9905577 -0.08945077 -0.1038951 -0.9905577 -0.08945077 -0.08839398 -0.9716554 -0.2192538 -0.08839404 -0.9716555 -0.2192539 -0.08839392 -0.9716555 -0.2192538 -0.08809912 -0.9717151 -0.2191082 -0.08809912 -0.971715 -0.2191083 -0.08809912 -0.971715 -0.2191083 -0.08955508 -0.9821112 -0.165643 -0.08955526 -0.9821112 -0.165643 -0.08955532 -0.9821112 -0.165643 -0.134204 -0.9511227 -0.2781276 -0.1342501 -0.9511162 -0.2781276 -0.1525942 -0.9805448 -0.1234787 -0.1876791 -0.9811239 0.04661154 -0.1876791 -0.9811239 0.04661148 -0.1876835 -0.9811326 0.0464093 -0.1876835 -0.9811326 0.04640924 -0.1876835 -0.9811326 0.04640924 -0.1035671 -0.9684335 -0.2267389 -0.1035623 -0.9684361 -0.2267299 -0.114459 -0.9896324 -0.08675819 -0.1379253 -0.9891018 0.05152058 -0.08809745 -0.9758556 -0.1998619 -0.08781915 -0.9928016 0.08144402 -0.08781826 -0.9928015 0.08144408 -0.0878182 -0.9928016 0.08144402 -0.08847707 -0.9908411 -0.1020086 -0.08983159 -0.9906932 -0.1022617 -0.08982235 -0.9910557 -0.09869402 -0.0892257 -0.9821633 -0.1655123 -0.08922564 -0.9821632 -0.1655123 -0.08922576 -0.9821633 -0.1655123 -0.08659189 -0.9883654 0.1250433 -0.08659189 -0.9883654 0.1250433 -0.08659189 -0.9883654 0.1250433 -0.08797931 -0.9959406 -0.01903241 -0.08797925 -0.9959406 -0.01903247 -0.08797931 -0.9959406 -0.01903247 -0.08709609 -0.9687169 -0.2323831 -0.08709615 -0.9687169 -0.2323831 -0.08708935 -0.9686936 -0.2324829 -0.08708935 -0.9686936 -0.2324829 -0.08708935 -0.9686936 -0.2324829 -0.07367587 -0.8317722 -0.5502064 -0.07367557 -0.8317722 -0.5502064 -0.07367581 -0.8317722 -0.5502063 -0.08870798 -0.9629873 -0.2545318 -0.08881503 -0.9588586 -0.2696333 -0.08881497 -0.9588586 -0.2696333 -0.08881497 -0.9588586 -0.2696333 -0.08258527 -0.8799567 -0.4678204 -0.08258479 -0.8799569 -0.4678204 -0.08258533 -0.8799568 -0.4678203 -0.08259499 -0.880047 -0.4676489 -0.08259499 -0.8800473 -0.4676482 -0.08259546 -0.8800472 -0.4676485 -0.1660624 -0.9539772 -0.2497014 -0.2158302 -0.9759911 -0.02930134 -0.2158302 -0.9759912 -0.02930134 -0.2158342 -0.9759903 -0.02930206 -0.165989 -0.9859213 -0.02017456 -0.1802168 -0.9812819 0.06788152 -0.1304939 -0.9881116 0.0812838 -0.1341989 -0.984296 0.1146827 -0.1024802 -0.9868778 0.1247798 0.01679086 -0.1252539 0.9919827 0.01679086 -0.1252539 0.9919826 0.01679086 -0.1252539 0.9919826 0.01576471 -0.1247394 0.9920643 0.009984254 -0.196927 0.9803673 -0.0885905 -0.6514457 0.7535054 -0.0885905 -0.6514457 0.7535054 -0.0885905 -0.6514457 0.7535054 -0.05563324 -0.6514268 0.7566692 -4.84543e-4 -0.1407172 0.9900498 -4.8451e-4 -0.1407172 0.9900498 -4.84518e-4 -0.1407172 0.9900497 -0.01332241 -0.3411338 0.9399204 -0.005747497 -0.3417081 0.9397886 0.03359025 0.5092303 0.8599746 0.03359031 0.5092303 0.8599746 0.03359031 0.5092303 0.8599746 0.03361046 0.5095084 0.8598091 0.01430279 -0.160313 0.9869626 0.01429843 -0.1603116 0.9869629 -0.02102285 -0.3827961 0.9235938 -0.02102297 -0.3827961 0.9235938 -0.02102297 -0.3827961 0.9235938 -0.02583962 -0.4983726 0.8665779 -0.07511657 -0.4964258 0.8648231 -0.07511657 -0.4964258 0.8648231 -0.09281671 -0.7761745 0.6236492 -0.1053786 -0.05103671 0.9931217 -0.1200071 -0.1804966 0.9762271 -0.2419922 -0.9541315 0.1762753 -0.2419922 -0.9541315 0.1762753 -0.1958782 -0.9464268 0.2567259 -0.2177463 -0.2913848 0.9314942 -0.2177498 -0.2913801 0.9314949 -0.1054322 -0.05102938 0.9931163 -0.1217266 -0.1804117 0.9760299 -0.1524148 -0.705893 0.691726 -0.1524148 -0.705893 0.691726 -0.1528679 -0.8235557 0.5462486 -0.1528679 -0.8235557 0.5462486 -0.1528678 -0.8235557 0.5462486 -0.1003965 -0.8234622 0.5584181 -0.1003965 -0.8234621 0.558418 -0.1003965 -0.8234621 0.558418 -0.09966146 -0.8056161 0.5839952 -0.06910288 -0.8056036 0.5884111 -0.0618236 -0.6829382 0.7278553 -0.06182348 -0.6829382 0.7278553 -0.06182348 -0.6829382 0.7278553 -0.04479724 -0.6830175 0.729027 -0.04479724 -0.6830176 0.729027 -0.0447973 -0.6830175 0.729027 -0.03250414 -0.5122762 0.8582056 -0.03250414 -0.5122762 0.8582054 -0.03250414 -0.5122762 0.8582054 -0.0212441 -0.5125905 0.8583703 -0.0212441 -0.5125905 0.8583703 -0.02124404 -0.5125906 0.8583704 0.04329055 0.0810405 0.9957703 0.0621674 -0.09706187 0.9933349 0.06216746 -0.09706187 0.9933349 0.0621674 -0.09706187 0.9933349 0.04167908 0.04773253 0.9979903 0.04167902 0.04773247 0.9979902 0.04167902 0.04773253 0.9979902 0.0453844 0.02278864 0.9987096 0.04787743 0.04659032 0.9977661 0.04787743 0.04659032 0.9977661 0.04787743 0.04659032 0.9977661 0.04788798 0.04669153 0.9977608 0.02386444 0.1192971 0.9925718 0.02448266 0.05114996 0.9983909 0.03417056 -0.05094295 0.9981169 0.02346116 -0.04924857 0.9985111 0.05257958 -0.9724729 0.2270068 0.05257958 -0.9724728 0.2270068 0.05257958 -0.9724729 0.2270068 0.03616487 -0.2896688 0.9564436 0.03616493 -0.2896688 0.9564436 0.03616493 -0.2896687 0.9564436 0.04788559 -0.5843467 0.8100902 0.04788541 -0.5843467 0.8100901 0.04788541 -0.5843466 0.8100901 0.02481359 -0.5822985 0.8125963 0.02481365 -0.5822986 0.8125963 0.02481365 -0.5822985 0.8125963 0.02487796 -0.03316938 0.9991402 0.02487796 -0.03316938 0.9991402 -0.175538 -0.9517809 -0.2515943 -0.1755267 -0.9517717 -0.2516368 -0.1755266 -0.9517717 -0.2516368 -0.1755267 -0.9517717 -0.2516369 -0.1885588 -0.9667585 -0.1726953 -0.2056517 -0.9727954 -0.1066613 -0.1342751 -0.9511202 -0.278102 -0.06108486 -0.7002324 -0.7112969 -0.07822322 -0.9955669 -0.05222725 -0.07822328 -0.9955669 -0.05222725 -0.07822322 -0.9955669 -0.05222725 0.481991 -0.8520171 0.2043324 0.4819908 -0.8520172 0.204332 0.4819918 -0.8520169 0.204331 -0.07498276 -0.9833157 0.1657345 -0.07498252 -0.9833158 0.1657344 -0.07498246 -0.9833157 0.1657345 -0.004192888 -0.5065402 0.8622063 -0.07004141 -0.8674925 0.4924947 -0.07004135 -0.8674924 0.4924947 -0.07004147 -0.8674924 0.4924947 -0.0625652 -0.7780239 0.6251116 -0.06256514 -0.7780239 0.6251116 -0.05968856 -0.7780755 0.6253285 -0.0596885 -0.7780755 0.6253286 -0.05968856 -0.7780755 0.6253286 -0.05116021 -0.6732171 0.7376731 -0.05116027 -0.6732171 0.7376731 -0.05116027 -0.6732171 0.7376731 -0.04789543 -0.6733154 0.7378025 -0.04789543 -0.6733154 0.7378025 -0.04789549 -0.6733154 0.7378025 -0.03969138 -0.5689443 0.8214176 -0.03969115 -0.5689443 0.8214176 -0.0396912 -0.5689443 0.8214176 -0.03043973 -0.5699308 0.8211287 -0.03043973 -0.5699309 0.8211287 -0.03043967 -0.5699308 0.8211287 -0.02633905 -0.5198345 0.8538609 -0.02633863 -0.5198345 0.8538609 -0.02633893 -0.5198343 0.853861 0.001894056 -0.5238933 0.8517818 0.001893937 -0.5238931 0.851782 0.001893997 -0.5238932 0.851782 -0.02186733 -0.9067937 0.421007 -0.02186733 -0.9067939 0.4210067 -0.02186709 -0.9067936 0.4210073 0.02620619 0.07838946 0.9965783 0.004749059 -0.3614999 0.9323601 0.02647697 0.1032858 0.9942994 0.02647703 0.1032858 0.9942994 0.02647697 0.1032858 0.9942994 -0.2420013 -0.9541245 0.1763002 -0.2453081 -0.9484843 0.2005036 -0.1911532 -0.9590645 0.2089397 -0.1911545 -0.9590643 0.2089394 -0.1911546 -0.9590643 0.2089394 -0.2058088 -0.9188224 0.3367615 -0.1488246 -0.9247571 0.3502507 -0.1503523 -0.9144949 0.375624 -0.1503523 -0.9144948 0.375624 -0.1503523 -0.9144948 0.375624 -0.1048165 -0.9155135 0.3883924 -0.1048165 -0.9155135 0.3883924 -0.1048165 -0.9155135 0.3883924 -0.1047307 -0.9007953 0.4214254 -0.1047307 -0.9007954 0.4214255 -0.1047307 -0.9007954 0.4214255 -0.08051252 -0.9010446 0.4261882 -0.08051246 -0.9010446 0.4261882 -0.08051252 -0.9010446 0.4261882 -0.08444887 -0.9734144 0.2129152 -0.08444887 -0.9734144 0.2129152 -0.08444887 -0.9734144 0.2129152 -0.04709082 -0.6670846 0.7434921 -0.04025316 -0.6672139 0.7437778 -0.008042097 -0.3258439 0.9453894 -0.008042156 -0.3258439 0.9453894 -0.008042097 -0.325844 0.9453895 -0.004526197 -0.3262543 0.9452713 -0.004526197 -0.3262543 0.9452713 -0.004526197 -0.3262543 0.9452713 0.0172249 -0.06443136 0.9977735 0.01340973 -0.06413543 0.9978512 0.01340973 -0.06413543 0.9978512 0.01340973 -0.06413543 0.9978512 0.02889031 0.1595445 0.9867679 0.02889031 0.1595445 0.9867679 0.02889025 0.1595445 0.9867679 0.02629423 0.1435602 0.9892923 0.01686853 0.07485276 0.997052 0.01683527 0.07485616 0.9970523 0.01671671 0.08992874 0.995808 0.02371722 0.05197328 0.9983669 0.02489978 0.05178308 0.9983479 0.02326846 0.08289772 0.9962864 0.02318209 0.08291256 0.9962872 0.0239225 0.08366197 0.996207 0.02845931 0.1431417 0.989293 0.02574676 0.08868575 0.9957269 0.02310991 0.08927094 0.9957392 0.002719879 -0.1644863 0.9863757 0.005880475 -0.1649504 0.9862844 -0.02104222 -0.4699469 0.882444 -0.0230903 -0.4697971 0.8824725 -0.05321425 -0.7739766 0.6309742 -0.05321431 -0.7739766 0.6309742 -0.05321425 -0.7739766 0.6309742 -0.06532311 -0.7737935 0.6300607 -0.06532305 -0.7737936 0.6300607 -0.06532311 -0.7737936 0.6300607 -0.08316409 -0.9477177 0.3080826 -0.08316415 -0.9477177 0.3080826 -0.08316415 -0.9477177 0.3080826 -0.1092008 -0.9467466 0.3028964 -0.1092008 -0.9467466 0.3028964 -0.1092008 -0.9467466 0.3028964 -0.1056496 -0.9772236 0.1840437 -0.1056496 -0.9772236 0.1840437 -0.1056496 -0.9772236 0.1840437 -0.1013662 -0.9924302 0.0693345 -0.08959364 -0.9933495 0.07231736 -0.08890944 -0.9852702 0.1460749 -0.08890932 -0.9852702 0.1460749 -0.08890938 -0.9852702 0.1460749 -0.08381927 -0.9855754 0.147022 -0.08381938 -0.9855754 0.1470219 -0.08381927 -0.9855754 0.1470219 -0.07826322 -0.9366577 0.3413902 -0.07626372 -0.9368507 0.341313 -0.07626372 -0.9368508 0.341313 -0.07626378 -0.9368508 0.341313 -0.06276065 -0.8026458 0.593145 -0.06276059 -0.8026458 0.5931449 -0.06276065 -0.8026459 0.5931449 -0.06426393 -0.8024935 0.5931902 -0.06426388 -0.8024935 0.5931901 -0.06426388 -0.8024935 0.5931901 -0.07785934 -0.9315302 0.3552315 -0.07785946 -0.9315302 0.3552315 -0.0778594 -0.9315302 0.3552315 -0.07238769 -0.8673875 0.4923404 -0.07238769 -0.8673875 0.4923404 -0.07238757 -0.8673875 0.4923404 -0.08564335 -0.9845598 0.1526678 -0.08564329 -0.9845598 0.1526678 -0.08564329 -0.9845597 0.1526678 -0.08601129 -0.9877906 0.1298919 -0.08601146 -0.9877905 0.1298919 -0.08601123 -0.9877906 0.1298919 -0.08303028 -0.9645591 0.2504631 -0.08302986 -0.9645589 0.2504642 -0.08303016 -0.9645587 0.250465 -0.07961821 -0.9647552 0.2508153 -0.07961785 -0.9647553 0.2508153 -0.07961827 -0.9647552 0.2508153 -0.0833199 -0.9932211 0.08105522 -0.08332061 -0.993221 0.08105492 -0.08332049 -0.9932209 0.08105552 -0.05943584 -0.6550776 -0.7532202 -0.05943602 -0.6550776 -0.7532203 -0.05943578 -0.6550775 -0.7532204 -0.05946218 -0.6554582 -0.7528871 -0.05946224 -0.6554582 -0.752887 -0.05946463 -0.6554579 -0.752887 -0.05903661 -0.6556428 -0.7527598 -0.05903661 -0.6556428 -0.7527598 -0.05903661 -0.6556428 -0.7527598 -0.09905916 0.3029605 0.9478408 0.02040868 0.1572964 0.9873405 -0.09768241 0.3025469 0.9481158 0.0389499 0.2586693 0.9651804 0.02194893 0.1350058 0.9906017 0.02286517 0.1318278 0.9910089 0.03499209 0.1299663 0.9909008 0.02286392 0.131821 0.9910099 0.02469158 0.1345392 0.9906007 0.01709008 0.1744879 0.9845111 0.01947581 0.1704596 0.9851722 0.01251459 0.1963333 0.9804574 0.02156984 0.1945394 0.9806576 0.01153737 0.2363229 0.9716061 0.02925455 0.2323914 0.9721824 0.007791936 0.1480198 0.9889537 0.01724886 0.1708644 0.9851436 0.01330971 0.1362273 0.9905882 0.02227556 0.1480494 0.9887292 0.03777128 0.1905444 0.9809517 0.03776067 0.1905472 0.9809516 0.03363984 0.1606882 0.9864318 0.02786493 0.1845863 0.9824213 0.02785104 0.1845892 0.9824211 -0.2074489 -0.9751597 0.07764381 -0.183227 -0.3433826 0.9211494 -0.1955577 -0.4783522 0.856117 -0.2452012 -0.4127024 0.8772418 -0.1732295 0.008278667 0.9848467 -0.1732295 0.008278667 0.9848468 -0.1732295 0.008278667 0.9848468 -0.2023319 -0.1775414 0.9630893 -0.1481582 -0.1931972 0.9699093 -0.1383857 -0.02268278 0.9901186 -0.07901257 -0.03433048 0.9962823 -0.07767009 0.07083576 0.9944595 -0.009719491 0.06077021 0.9981045 -0.01238363 0.1323822 0.9911214 0.04214376 0.1223569 0.9915911 0.03748667 0.1760624 0.9836651 0.05503654 0.1724995 0.9834709 -0.1518108 -0.9179624 0.3664675 -0.1518328 -0.9179623 0.3664588 -0.1380251 -0.582107 0.8013118 -0.1527451 -0.5815075 0.7990733 -0.1527451 -0.5815075 0.7990733 -0.1527451 -0.5815075 0.7990733 -0.04218637 -0.1844765 0.9819312 -0.05606603 -0.5651119 0.823107 -0.05607783 -0.5651032 0.8231122 -0.1727526 -0.2929679 0.9403862 -0.1190208 -0.3009291 0.9461902 -0.09960299 -0.1421834 0.9848163 -0.03927558 -0.1476482 0.9882599 -0.02354568 -0.0125994 0.9996435 0.01809418 -0.01869899 0.9996615 0.03027945 0.04290956 0.9986201 0.05593025 0.2550022 0.9653216 0.05254632 0.2626211 0.9634672 0.04570806 0.2641195 0.9634063 0.04490876 0.2662362 0.9628612 0.002510845 0.2753679 0.9613357 0.003710865 0.2712157 0.9625114 -0.0483033 0.2816877 0.9582896 -0.04260331 0.2520007 0.9667888 -0.08513706 0.2622655 0.9612329 -0.07549905 0.1458503 0.9864217 -0.1053476 0.1551396 0.9822595 -0.1396034 0.09911787 0.9852343 -0.1732536 0.008142709 0.9848437 -0.1732999 0.007931351 0.9848372 0.02001911 0.3045372 0.9522901 2.83572e-4 0.3234249 0.9462538 0.03052759 0.3168485 0.9479848 -0.008182406 0.3723276 0.9280653 0.02022969 0.3673151 0.9298766 -0.03026771 0.4406426 0.8971723 -0.01661056 0.4378915 0.8988745 -0.03500819 0.4678101 0.8831354 0.008376359 0.5009629 0.8654283 -0.01597744 0.4819271 0.8760656 -0.0612455 0.4820218 0.8740161 -0.06127256 0.4820272 0.8740111 -0.04267191 0.4965538 0.8669565 -0.06594073 0.5231171 0.8497062 0.00837922 0.5009297 0.8654475 0.00837922 0.5009298 0.8654475 0.00837922 0.5009297 0.8654475 -0.01426386 0.2733619 0.9618055 -0.02349817 0.408263 0.912562 -0.00187993 0.4010493 0.9160546 -0.02827239 0.43016 0.9023099 0.00870794 0.4434794 0.8962423 0.008701145 0.4434814 0.8962414 0.001462936 0.1749814 0.9845708 0.008345305 0.173872 0.9847329 0.01008665 0.1467596 0.9891208 0.01270443 0.1471924 0.9890264 -0.2539333 -0.7577487 0.6011113 -0.2174279 -0.9730794 0.07643175 -0.2678804 -0.75428 0.5994179 -0.2513031 -0.4638289 0.8495349 -0.2588806 -0.7564369 0.6006531 -0.2452159 -0.4127847 0.8771991 0.02226585 0.1480507 0.9887291 0.01953393 0.1641069 0.9862492 0.02192789 0.1636276 0.9862785 0.02068448 0.1642155 0.9862077 0.0305559 0.2101088 0.9772005 0.02848786 0.2105723 0.9771632 0.03749775 0.245916 0.9685655 -0.09768003 0.3025595 0.9481121 -0.09794992 0.3053295 0.9471958 -0.04511779 0.2876573 0.9566701 -0.0712186 0.3594246 0.9304525 -0.024109 0.3446843 0.938409 -0.04246437 0.4236496 0.9048303 -0.04085135 0.4232376 0.9050973 -0.03475582 0.407006 0.912764 -0.01380962 0.4023932 0.9153628 0.003297924 0.3662478 0.9305116 0.02084696 0.3623135 0.9318232 0.04218888 0.3243684 0.9449896 0.02918642 0.3272598 0.9444836 0.05078864 0.2924019 0.9549459 0.02052676 0.2989221 0.9540568 0.03850412 0.2706577 0.9619054 0.001977801 0.2784211 0.9604571 0.00141561 0.1801482 0.9836385 0.001420259 0.1801479 0.9836386 0.006788074 0.1832492 0.9830431 -0.007033288 0.1957624 0.9806262 0.01252532 0.1922808 0.9812601 -0.006645798 0.2231773 0.9747553 -0.006651878 0.2231788 0.9747549 -0.02053517 0.271034 0.9623507 -0.02049255 0.2710198 0.9623557 0.002231299 0.2687881 0.9631968 -0.01326453 0.2906553 0.956736 -0.0132724 0.2906571 0.9567353 -0.02081841 0.219825 0.9753172 0.003698408 0.2319638 0.9727175 0.01190966 0.25244 0.9675394 0.01909589 0.2508578 0.9678356 0.01910603 0.2531966 0.9672262 0.04416942 0.247797 0.9678046 0.04342287 0.2058877 0.9776118 0.05102628 0.2042897 0.9775797 0.0443952 0.048563 0.997833 0.02883064 0.05131256 0.9982664 0.03460967 -0.1177133 -0.9924444 0.06162631 0.7607113 -0.6461582 0.1097027 0.9207424 -0.3744314 0.06736397 0.388153 -0.9191298 -0.01122528 0.3790211 -0.92532 0.07992649 0.1623191 -0.983496 0.08380353 0.1469883 -0.9855818 0.08380627 0.1470953 -0.9855656 0.006481647 0.1768586 -0.984215 0.04020965 0.1938943 -0.980198 0.07186532 0.1928951 -0.9785842 0.001499056 0.2715635 -0.9624193 0.03994965 0.3773531 -0.9252074 -0.008174657 0.2603957 -0.9654674 0.001506626 0.2715633 -0.9624195 -0.00319314 0.3674831 -0.9300248 -0.009062588 0.3814139 -0.92436 -0.006012082 0.3930352 -0.9195038 -0.006061851 0.3930302 -0.9195057 -0.006067335 0.3930274 -0.9195069 -0.006016075 0.3933 -0.9193905 -0.01118093 0.3790273 -0.9253181 -0.03376823 0.3438099 -0.9384319 -0.00357151 0.3373342 -0.9413783 -0.08420544 0.3419522 -0.9359371 -0.08421182 0.3419732 -0.9359288 -0.04436147 0.3189026 -0.9467488 -0.03373789 0.3438114 -0.9384325 -0.03370821 0.343824 -0.938429 -0.117837 0.3398062 -0.9330842 -0.1319364 0.3051051 -0.9431351 -0.1319434 0.3050899 -0.943139 -0.1178035 0.3397937 -0.9330931 -0.1177647 0.3397933 -0.9330981 -0.1361795 0.4176747 -0.8983334 -0.1361939 0.4176771 -0.8983302 -0.1336024 0.4128435 -0.90095 -0.1355566 0.4056091 -0.903939 -0.134463 0.4059482 -0.9039501 0.006182849 0.4982872 -0.86699 -0.02326935 0.3951703 -0.9183132 7.01575e-4 0.394624 -0.9188425 -0.07782042 0.3863601 -0.9190593 -0.07782036 0.3863601 -0.9190593 -0.07782042 0.3863601 -0.9190592 -0.07777839 0.3864076 -0.9190428 -0.1045517 0.3861892 -0.9164753 -0.07893288 0.4826083 -0.8722723 -0.07892501 0.4826409 -0.872255 0.04767996 0.3890922 -0.9199641 0.07443338 0.4633589 -0.8830392 0.07449364 0.4634115 -0.8830065 0.07449358 0.4634115 -0.8830065 0.07449358 0.4634116 -0.8830065 0.1349484 0.4987837 -0.8561564 0.06739866 0.3881771 -0.9191169 0.09952342 0.424705 -0.899845 0.1117122 0.4040597 -0.9078856 0.1243955 0.4032219 -0.906608 0.1153955 0.4298086 -0.8955157 0.1129812 0.4299361 -0.8957623 0.1150761 0.4281989 -0.8963277 0.1343145 0.4989838 -0.8561396 0.1343108 0.4989333 -0.8561696 0.1249166 0.6274418 -0.7685784 0.1249006 0.6274097 -0.7686071 0.1365419 0.7980616 -0.586902 0.08562022 0.813043 -0.5758737 0.08562016 0.8130429 -0.5758737 0.0856201 0.813043 -0.5758737 0.1339822 0.8965237 -0.4222488 0.1311862 0.8968802 -0.4223698 0.1455476 0.8990675 -0.4129086 0.1438388 0.9160406 -0.3744064 0.1095278 0.9207614 -0.3744361 0.08691465 0.9451606 -0.314829 0.08688718 0.9451585 -0.3148431 0.08695358 0.9451376 -0.3148875 0.06284672 0.8899193 -0.4517678 0.0676366 0.9180817 -0.3905783 0.06251573 0.9177519 -0.392203 0.06393033 0.8867357 -0.4578348 0.06293445 0.8898386 -0.4519143 0.03218597 0.8705783 -0.4909761 0.01250219 0.8711205 -0.4909102 0.0331521 0.768165 -0.6393932 0.06155425 0.7607089 -0.6461679 0.06159538 0.7603952 -0.6465332 0.06078118 0.8849156 -0.4617686 0.08147591 0.9262476 -0.3680043 0.08147567 0.9262475 -0.3680043 0.08147567 0.9262476 -0.3680043 0.06293106 0.8899123 -0.4517696 0.06517368 0.6654267 -0.7436127 0.0506305 0.4942166 -0.8678632 0.02665537 0.2041411 -0.9785785 0.02664154 0.2041706 -0.9785727 0.0137887 0.367443 -0.9299439 0.04724669 0.4898725 -0.8705129 0.05063939 0.494215 -0.8678636 0.02584522 -0.05655634 -0.9980649 0.02586555 -0.05660659 -0.9980615 0.02682876 0.1824302 -0.9828528 0.03044652 0.1985621 -0.9796153 0.03045397 0.198563 -0.9796149 0.02525371 -0.002298712 -0.9996785 0.0227335 -0.05257427 -0.9983583 0.02276605 -0.05257439 -0.9983575 0.06681901 -0.07218956 -0.9951503 0.05783659 -0.1401961 -0.9884331 0.04439771 -0.1401695 -0.9891316 0.05069339 -0.08241575 -0.9953079 0.05069166 -0.08242553 -0.9953073 0.03972667 0.1729031 -0.9841374 0.06332409 0.1837905 -0.9809237 0.07163929 0.1835217 -0.9804018 0.1223375 0.2306569 -0.965314 0.03744637 0.2340763 -0.9714968 0.05994963 0.2753882 -0.9594621 -0.008135914 0.2774423 -0.9607079 -0.001524865 0.300856 -0.9536684 -0.009975969 0.3010518 -0.9535557 -0.008470892 0.3064143 -0.9518606 -0.03559958 0.3230816 -0.9457014 -0.04461634 0.3072617 -0.9505786 -0.008519113 0.3065978 -0.9518011 -0.008081018 0.3668313 -0.9302524 -0.003208041 0.3674765 -0.9300273 -0.1153733 0.5254494 -0.8429662 -0.08607113 0.6050489 -0.7915225 -0.09395581 0.6048041 -0.7908126 -0.06919789 0.639459 -0.7657049 -0.01694887 0.6396697 -0.7684631 -0.004015684 0.6572505 -0.7536616 0.05159413 0.6550918 -0.7537857 0.0557006 0.6605729 -0.7486928 0.1007433 0.6572322 -0.7469248 -0.1318817 0.4594494 -0.8783585 -0.1163961 0.5042969 -0.8556498 -0.1023592 0.504677 -0.8572186 -0.0974006 0.512367 -0.8532253 -0.0223881 0.512605 -0.8583326 -0.0189681 0.5178852 -0.8552398 0.04932594 0.5155543 -0.855436 0.0501089 0.5167506 -0.8546684 0.1023407 0.5134359 -0.8520035 0.09719914 0.5057437 -0.8571906 0.1308271 0.5031293 -0.8542513 0.1088033 0.9189237 -0.3791319 0.1116526 0.889258 -0.4435695 0.0690611 0.8931729 -0.444379 0.02584397 0.8588982 -0.5114938 0.03212171 0.8586677 -0.5115253 -0.02118563 0.8080518 -0.5887305 0.009825348 0.8078188 -0.589349 -0.04449391 0.6850771 -0.7271105 0.1077867 0.9170939 -0.3838238 0.105082 0.9209949 -0.3751347 0.109502 0.8600749 -0.4982776 0.1213713 0.8587375 -0.4978343 0.1228771 0.776072 -0.6185576 0.1338989 0.7747948 -0.6178708 0.121745 0.8025922 -0.5839726 0.1200369 0.6234992 -0.7725542 0.1191072 0.6235862 -0.7726279 0.1222226 0.7746458 -0.6204721 0.07232302 0.7792862 -0.622481 0.07464259 0.7899566 -0.6086025 0.07087427 0.9067451 -0.4156802 0.107797 0.9170927 -0.383824 -0.1345126 0.4059424 -0.9039453 -0.1171113 0.3900533 -0.9133145 -0.1131896 0.4599685 -0.8806914 -0.1042803 0.3632567 -0.9258349 -0.07205933 0.5265777 -0.8470675 -0.06677782 0.6017042 -0.7959228 -0.08629614 0.6011474 -0.7944652 -0.04307353 0.7092199 -0.7036703 -0.06563913 0.7087552 -0.7023943 -0.02357536 0.7590774 -0.6505734 -0.001887917 0.758898 -0.6512069 0.02526372 0.7888453 -0.6140726 0.05574941 0.7873367 -0.6139975 0.09403502 0.8257916 -0.5560805 0.09446406 0.6490021 -0.7548993 0.1359025 0.645025 -0.7519796 0.1284896 0.4997568 -0.8565825 0.1346389 0.4992728 -0.8559201 0.1349408 0.4986879 -0.8562133 0.05504524 0.7243662 -0.6872144 0.05581951 0.7672467 -0.6389185 0.002264618 0.6219011 -0.7830926 0.005328536 0.6851595 -0.7283737 -0.04113948 0.5575266 -0.8291391 -0.04945272 0.3961889 -0.9168364 -0.06583946 0.3960967 -0.9158453 -0.06727886 0.36346 -0.9291774 -0.09090071 0.3233856 -0.9418911 -0.09076094 0.3268655 -0.9407026 -0.08418881 0.341972 -0.9359314 0.0381453 0.1024015 -0.9940115 0.03815156 0.1024016 -0.9940114 0.1070514 0.07630598 -0.9913211 0.07017129 0.01924657 -0.9973493 0.04994964 0.01953142 -0.9985607 0.04972267 0.0187233 -0.9985876 6.13755e-4 0.01933771 -0.9998129 0.01261913 0.1051137 -0.9943802 0.003419399 0.1052425 -0.9944408 0.004771828 0.2227822 -0.9748567 -0.01102739 0.2228537 -0.9747896 0.01197546 0.3142784 -0.9492554 -0.01606911 0.4598783 -0.8878366 0.03463643 -0.1177123 -0.9924436 0.03458398 -0.1176425 -0.9924537 0.009222507 -0.07787674 -0.9969204 0.02571475 0.01614302 -0.999539 0.01361811 0.01623761 -0.9997754 0.01443284 0.05981677 -0.9981051 0.02682954 0.1824355 -0.9828517 0.01923936 0.1725578 -0.9848115 0.01923996 0.1725729 -0.9848089 0.05072939 0.1726367 -0.9836785 0.05072939 0.1726367 -0.9836785 0.05049574 0.1673083 -0.9846107 0.05049574 0.1673083 -0.9846107 0.05049574 0.1673083 -0.9846107 0.06297558 0.167003 -0.9839431 0.0687474 0.1812658 -0.9810283 0.1212914 0.1793603 -0.9762778 0.1094356 0.1570259 -0.9815126 0.05791133 0.1586543 -0.9856345 0.05294322 0.1405038 -0.9886637 -0.003641128 0.1416816 -0.9899055 0.003003716 0.189324 -0.9819101 -0.009258925 0.1895418 -0.981829 -0.004338622 0.2600101 -0.9655961 -0.0369299 0.2603363 -0.9648115 -0.008672535 0.3153889 -0.9489229 -0.04855132 0.3155992 -0.9476497 -0.01760029 0.4242745 -0.9053626 -0.01263785 0.4242528 -0.9054557 -0.01101469 0.4598901 -0.8879076 0.03853017 0.6212589 -0.7826575 0.03520697 0.5314865 -0.8463349 0.0651763 0.6654253 -0.7436137 -0.1713104 0.3413732 -0.9241846 0.1806719 -0.4270934 -0.8859734 0.1806719 -0.4270935 -0.8859734 0.1806719 -0.4270935 -0.8859735 -0.1551895 0.2786287 -0.9477776 -0.174335 0.2815852 -0.9435662 -0.1035135 0.2769078 -0.9553048 -0.05153942 0.2313607 -0.9715019 -0.004853308 0.1643214 -0.986395 -0.004854261 0.1643268 -0.9863941 -0.005250275 0.1589188 -0.9872777 -0.07434195 0.2515938 -0.9649735 -0.04446822 0.2348374 -0.9710171 -0.0445649 0.2230412 -0.9737899 -0.05269688 0.1917756 -0.9800231 -0.03102612 0.2044332 -0.9783887 -0.02447748 0.2033048 -0.9788095 -0.01314127 0.1656328 -0.9861 -0.01130682 0.1755715 -0.9844018 -0.01191502 0.1756694 -0.9843772 -0.01769226 0.1745521 -0.984489 -0.03199118 0.189238 -0.9814101 -0.03198599 0.1892372 -0.9814103 -0.107163 0.2802324 -0.9539319 -0.1065115 0.3084809 -0.9452486 -0.1104841 0.3092815 -0.9445307 -0.1369679 0.2383124 -0.9614817 -0.1503134 0.2944126 -0.9437834 -0.1336621 0.2910552 -0.9473233 -0.133588 0.2905831 -0.9474787 -0.1026114 0.2852918 -0.9529321 -0.1019564 0.2774934 -0.9553022 0.2109673 -0.5385836 -0.8157331 0.2254725 -0.4534479 -0.8622918 0.2254756 -0.4534481 -0.8622909 0.2203679 -0.5565097 -0.8010836 0.2137065 -0.5570037 -0.8025437 0.2117964 -0.6586954 -0.7219852 0.2194415 -0.6195496 -0.7536603 0.2194256 -0.6195553 -0.7536603 0.2125307 -0.5271732 -0.8227509 0.2125334 -0.5271719 -0.8227512 0.1794046 -0.4304882 -0.8845869 0.186586 -0.4297243 -0.883472 0.1443079 -0.4134308 -0.8990274 0.1806733 -0.4271054 -0.8859673 0.195041 -0.3633448 -0.9110102 0.2258764 -0.3687376 -0.901672 0.242214 -0.280129 -0.9289027 0.2113098 -0.2742679 -0.9381499 0.2218499 -0.177215 -0.9588417 0.1536714 -0.1635195 -0.9744981 0.1539102 -0.0686506 -0.9856972 0.04929435 -0.04899871 -0.9975817 0.0386666 0.02521455 -0.998934 -0.05808544 0.04010176 -0.9975059 -0.06843101 0.08743768 -0.9938169 -0.1135354 0.09403586 -0.9890739 -0.1350676 0.1796054 -0.9744223 -0.1586686 0.183377 -0.9701532 -0.1702718 0.2456581 -0.954285 -0.1709226 0.2457593 -0.9541425 -0.09916913 0.03670144 -0.9943935 -0.08184683 0.0341224 -0.9960607 -0.01471292 -0.1267986 -0.9918195 0.01974946 -0.1296817 -0.991359 0.05818969 -0.2097932 -0.9760127 0.1098701 -0.2125012 -0.9709644 0.1467052 -0.3170903 -0.9369799 0.1855981 -0.3190726 -0.9293794 0.2025831 -0.4301242 -0.8797463 0.222113 -0.430903 -0.8746363 0.222819 -0.5303807 -0.8179536 0.2197952 -0.530322 -0.8188093 0.2118203 -0.6125196 -0.7615459 -0.1472194 0.2064709 -0.967314 -0.1304627 0.1291342 -0.9830076 -0.1196125 0.1265941 -0.9847167 -0.05957186 -0.08701133 -0.9944247 0.01594769 -0.16109 -0.9868109 -0.00198251 -0.1593055 -0.9872274 -0.00198251 -0.1593055 -0.9872273 -0.00198251 -0.1593055 -0.9872273 0.2722568 -0.7592743 -0.5910828 0.2722539 -0.7592744 -0.5910841 0.2254257 4.11041e-4 -0.9742603 0.2254316 4.88811e-4 -0.9742589 0.2253879 3.49732e-4 -0.9742691 0.2137039 -0.02948129 -0.9764536 0.2112678 -0.02861934 -0.9770092 0.2392479 0.04386538 -0.9699671 0.1702117 0.06822568 -0.9830428 0.194302 0.1338542 -0.9717664 0.08127123 0.1704776 -0.9820043 0.0980392 0.2204363 -0.9704619 -0.05434721 0.2606469 -0.9639033 -0.04772293 0.2842637 -0.9575577 -0.1615967 0.3060417 -0.9382031 -0.1603427 0.3102964 -0.93702 -0.1906718 0.3150261 -0.9297327 -0.1902577 0.3220669 -0.9274024 -0.2013593 0.3237165 -0.9244793 -0.2014221 0.3233286 -0.9246014 -0.1864914 0.3211688 -0.9284782 -0.1879715 0.3159283 -0.9299764 -0.1450926 0.3094167 -0.9397923 -0.1560822 0.2834278 -0.9462067 -0.1407815 0.3859338 -0.9117214 -0.140816 0.3859382 -0.9117141 -0.1996253 0.4143967 -0.8879332 -0.1733733 0.446214 -0.8779721 -0.2058557 0.4505267 -0.8687055 -0.1783072 0.5029901 -0.8456994 -0.2002919 0.5060253 -0.8389407 -0.1799795 0.5240376 -0.8324614 0.1232776 0.4174794 -0.9002853 0.1407583 0.422128 -0.8955418 0.1782457 0.4069563 -0.8958879 -0.12753 0.5496521 -0.825602 -0.1275088 0.5496497 -0.8256069 -0.1106445 0.5312986 -0.8399283 0.03408074 0.4954526 -0.8679662 0.03408074 0.4954528 -0.8679661 0.03408068 0.4954525 -0.8679662 0.02472108 0.498112 -0.8667603 0.03411525 0.5066651 -0.8614678 0.03409606 0.5066713 -0.8614649 0.1276437 0.2635101 -0.9561744 -0.03313189 0.2279617 -0.9731062 -0.03369218 0.2097542 -0.9771735 -0.01793205 0.2180762 -0.9757671 0.001460552 0.1631019 -0.9866082 0.001461923 0.1631013 -0.9866083 -0.01775884 0.1728883 -0.9847814 -0.01299762 0.1740829 -0.9846452 -0.02556043 0.1761285 -0.9840353 -0.01294302 0.1919169 -0.9813259 -0.01294296 0.1919174 -0.9813258 0.09415304 -0.768481 -0.6329078 0.06248283 -0.918259 -0.3910197 0.1220507 -0.7676207 -0.6291757 0.1220506 -0.7676208 -0.6291757 0.1220507 -0.7676208 -0.6291757 0.1585528 -0.6116412 -0.7750846 0.1129465 -0.7680007 -0.6304112 0.1129464 -0.7680007 -0.6304111 0.1129464 -0.7680007 -0.6304111 0.187778 -0.4285582 -0.8837858 -0.1070228 0.2802008 -0.9539569 -0.07478916 0.2672839 -0.9607111 -0.07551997 0.2715953 -0.9594441 -0.06791657 0.2503941 -0.9657589 -0.05637836 0.2686733 -0.9615801 0.1478176 0.3749045 -0.9152031 0.1862624 0.2387406 -0.9530526 0.1862628 0.2387492 -0.9530504 0.1386204 0.0332607 -0.9897869 0.2016356 0.1956392 -0.9597231 0.1756446 0.2064677 -0.9625591 0.2114573 0.2603301 -0.9420797 0.1262907 0.2940843 -0.9473991 0.1552264 0.3351171 -0.9293015 0.03427416 0.3766899 -0.9257052 0.05128192 0.3999707 -0.9150922 -0.09617662 0.438903 -0.8933724 -0.09664952 0.4382473 -0.8936432 -0.1897492 0.4551426 -0.8699658 -0.2019067 0.4394067 -0.875303 -0.2040188 0.4397065 -0.8746625 -0.21451 0.4075936 -0.8876107 -0.1983466 0.4053755 -0.8923729 -0.2123948 0.372726 -0.9033071 -0.1741325 0.3673693 -0.9136289 -0.1896452 0.3387581 -0.9215626 -0.1306239 0.3297775 -0.9349782 -0.1449666 0.3082389 -0.9401987 -0.07769775 0.2965744 -0.9518439 -0.01752293 0.2629514 -0.96465 -0.07170706 0.2693701 -0.9603635 -0.07699757 0.2704104 -0.9596612 -0.07175129 0.2768284 -0.9582369 -0.1282105 0.2868859 -0.9493465 -0.07191854 0.359447 -0.9303901 -0.1384292 0.3364413 -0.9314745 -0.01777261 0.2361282 -0.9715595 -0.03739434 0.2399764 -0.9700583 -0.05639302 0.2693355 -0.961394 -0.0928198 0.2764567 -0.9565334 -0.09373277 0.2928485 -0.9515535 -0.1367564 0.3002479 -0.9440069 -0.1347609 0.2856441 -0.9488134 -0.1535642 0.2886639 -0.9450351 -0.1500093 0.2718009 -0.9505901 -0.1446877 0.2706498 -0.9517427 0.02750164 -0.9737613 -0.2259042 0.02750158 -0.9737613 -0.2259042 0.02750158 -0.9737613 -0.2259042 -0.08059513 -0.9264091 0.3677917 -0.08059513 -0.9264091 0.3677917 0.1902853 -0.5952537 -0.7806822 0.1902853 -0.5952537 -0.7806822 0.1902853 -0.5952537 -0.7806822 -0.05945682 -0.9779002 0.2004402 0.3633653 -0.9315018 -0.01643109 0.3633653 -0.9315019 -0.01643109 0.3633652 -0.9315019 -0.01643109 0.3605931 -0.9325889 -0.01582926 0.3605931 -0.9325889 -0.01582926 0.3605931 -0.9325889 -0.01582926 0.2361711 -0.8622217 0.4481039 0.2361711 -0.8622217 0.4481038 0.2361713 -0.8622217 0.4481039 0.1228577 -0.543929 -0.8300887 0.1228573 -0.5439289 -0.8300889 0.1228576 -0.5439291 -0.8300887 -0.07360744 0.07090073 -0.9947639 -0.0736075 0.07090073 -0.9947639 -0.07360738 0.07090073 -0.9947639 -0.00474137 0.2377084 -0.971325 -0.00474137 0.2377084 -0.971325 -0.00474137 0.2377084 -0.971325 0.002162218 0.289505 -0.9571741 0.0021649 0.2895046 -0.9571742 0.002157568 0.2895055 -0.957174 0.01800483 0.4068792 -0.9133046 0.01800519 0.4068791 -0.9133046 0.01800489 0.4068791 -0.9133046 0.07214313 0.7738102 -0.6292959 0.07214331 0.7738105 -0.6292953 0.07214337 0.773811 -0.6292948 0.01795381 0.4060732 -0.9136642 0.0179243 0.4060775 -0.9136629 0.01790827 0.4060794 -0.9136624 0.002206802 0.2898002 -0.9570847 0.002179205 0.2895019 -0.9571751 0.002178192 0.289502 -0.957175 0.002176582 0.2895023 -0.9571749 -0.01155817 0.4576481 -0.8890584 -0.01155817 0.4576481 -0.8890584 -0.01155817 0.4576481 -0.8890583 -0.01154291 0.4578512 -0.888954 -0.01154285 0.4578512 -0.888954 -0.01154291 0.4578512 -0.8889539 -0.007001101 0.5137457 -0.857914 -0.007001042 0.5137457 -0.857914 -0.007000923 0.5137457 -0.857914 -0.006846308 0.5137845 -0.857892 -0.006846427 0.5137845 -0.857892 -0.006846547 0.5137845 -0.857892 -0.04507195 -0.09110116 -0.9948212 -0.04507195 -0.09110116 -0.9948212 -0.01248729 0.4549852 -0.8904114 -0.005960285 0.5256859 -0.8506579 0.006425201 0.5239123 -0.8517481 0.006425201 0.5239122 -0.8517481 0.006425142 0.5239123 -0.851748 -0.002977848 0.4372229 -0.8993483 -0.002977907 0.4372228 -0.8993483 -0.002977848 0.4372229 -0.8993483 0.022529 0.4325597 -0.9013239 0.022529 0.4325597 -0.9013237 0.022529 0.4325597 -0.9013237 -0.004725933 0.2375108 -0.9713734 -0.06296074 0.1737325 -0.9827783 -0.04011684 0.4805609 -0.8760433 -0.04011237 0.4805455 -0.8760521 -0.1010624 0.271436 -0.9571357 -0.09165722 0.1907692 -0.9773464 0.1642091 -0.5620516 -0.8106377 0.164209 -0.5620516 -0.8106377 0.164209 -0.5620516 -0.8106376 0.1521445 -0.5632783 -0.812139 0.1521445 -0.5632783 -0.8121389 0.1521444 -0.5632783 -0.812139 0.04802912 -0.3032093 -0.9517129 0.04802906 -0.3032093 -0.9517129 0.04802906 -0.3032093 -0.9517129 0.03501576 -0.3024805 -0.9525122 0.0350157 -0.3024805 -0.9525123 0.03501576 -0.3024805 -0.9525122 -0.03479909 -0.0878328 -0.9955272 -0.03479909 -0.0878328 -0.9955272 -0.03479915 -0.08783286 -0.9955272 -0.02870452 -0.1088057 -0.9936486 -0.02870446 -0.1088056 -0.9936486 -0.02870458 -0.1088057 -0.9936486 0.08560293 -0.4222627 -0.9024226 0.08560293 -0.4222627 -0.9024226 0.08560305 -0.4222627 -0.9024225 0.09588849 -0.4221665 -0.9014326 0.09588849 -0.4221666 -0.9014328 0.09588843 -0.4221666 -0.9014326 0.01558399 -0.2384374 -0.9710328 0.06987094 -0.4055463 -0.9114002 0.06987106 -0.4055462 -0.9114002 0.06987112 -0.4055461 -0.9114002 0.08144253 -0.4058164 -0.9103187 0.08144247 -0.4058164 -0.9103187 0.08144217 -0.4058166 -0.9103187 0.1393703 -0.5661416 -0.8124405 0.1393703 -0.5661415 -0.8124406 0.1393703 -0.5661416 -0.8124406 0.1547204 -0.5647025 -0.8106619 0.1547203 -0.5647025 -0.8106619 0.1547203 -0.5647026 -0.810662 0.2015539 -0.6774291 -0.7074362 0.201554 -0.6774291 -0.7074362 0.2015538 -0.6774293 -0.707436 0.2152953 -0.6748449 -0.7058557 0.2152954 -0.6748449 -0.7058557 0.2152957 -0.6748447 -0.7058558 0.2445654 -0.7394047 -0.6272706 0.2445654 -0.7394047 -0.6272706 0.2490274 -0.7382847 -0.6268342 0.2490274 -0.7382847 -0.6268342 0.2490274 -0.7382848 -0.6268341 -0.06352305 -0.009910166 -0.9979312 -0.06346911 -0.009949386 -0.9979342 -0.06346917 -0.009949386 -0.9979342 -0.06346923 -0.009949386 -0.9979342 0.2336398 -0.8415673 0.4870083 0.2336397 -0.8415675 0.4870082 0.2336398 -0.8415674 0.487008 0.235139 -0.8544344 0.4633051 0.2351388 -0.8544344 0.4633051 0.2351384 -0.8544346 0.4633051 0.1706216 -0.8405238 -0.5142062 0.1867042 -0.7197661 -0.6686391 0.1867039 -0.7197662 -0.6686392 0.1867039 -0.7197661 -0.6686392 0.2028676 -0.7166789 -0.6672452 0.2028676 -0.7166788 -0.6672453 0.2028676 -0.7166787 -0.6672453 0.27585 -0.8832455 -0.3791892 0.2758494 -0.8832454 -0.3791896 0.27585 -0.8832454 -0.3791891 0.2968148 -0.87607 -0.3800032 0.2968453 -0.8760591 -0.3800045 0.2968455 -0.8760591 -0.3800044 0.3387901 -0.9400757 -0.03845822 0.3387902 -0.9400757 -0.03845822 0.3387902 -0.9400757 -0.03845828 0.2229315 -0.8088778 -0.5440758 0.2229316 -0.8088779 -0.5440756 0.2229315 -0.8088777 -0.5440758 0.2405328 -0.8045819 -0.5429475 0.3047498 -0.9344655 -0.1841247 0.3047499 -0.9344655 -0.1841247 0.3047497 -0.9344655 -0.1841247 0.326473 -0.9264196 -0.1875158 0.3264731 -0.9264196 -0.1875159 0.3264729 -0.9264196 -0.1875159 0.3445646 -0.9315709 0.1159786 0.3445646 -0.9315709 0.1159786 0.3445646 -0.931571 0.1159786 0.2361187 -0.8620753 0.4484132 0.2361189 -0.8620753 0.4484131 0.2361189 -0.8620753 0.4484131 0.2361128 -0.8619555 0.4486462 0.2361111 -0.8619431 0.4486712 0.2361117 -0.8619527 0.4486522 0.2365592 -0.8635832 0.4452682 0.2365602 -0.8635646 0.4453039 0.2365634 -0.8635695 0.4452925 0.1326748 -0.9788605 -0.1556583 0.112367 -0.9308482 0.3477001 0.2625135 -0.9030021 -0.3401087 0.2625014 -0.9030055 -0.3401088 0.2618913 -0.88324 0.3889731 0.366598 -0.9092195 -0.1972965 0.3761784 -0.9046298 -0.2003368 -0.0661925 -0.9770723 0.2023569 -0.03069287 -0.9979461 0.0562278 0.02895998 -0.9985716 0.04490208 0.04948413 -0.998484 -0.02410721 0.04948407 -0.998484 -0.02410721 0.04948413 -0.998484 -0.02410721 0.09880894 -0.9945529 -0.0331878 0.09880894 -0.9945529 -0.0331878 0.09880894 -0.9945529 -0.0331878 0.114632 -0.9889817 -0.09367322 0.114632 -0.9889817 -0.09367322 0.1146319 -0.9889817 -0.09367322 0.190445 -0.9757169 -0.1082004 0.1998336 -0.966303 -0.1622506 0.3127808 -0.931187 -0.1872404 0.3141556 -0.9218173 -0.2270668 0.3716615 -0.8963409 -0.2417452 0.3709672 -0.8939689 -0.2514021 0.344124 -0.9064434 -0.2448248 0.3475352 -0.9126272 -0.2152464 0.3475351 -0.9126272 -0.2152464 0.3475351 -0.9126272 -0.2152464 0.342365 -0.9147911 -0.2143445 0.342365 -0.9147911 -0.2143444 0.342365 -0.9147911 -0.2143445 0.3303917 -0.8925229 -0.3069926 0.3303916 -0.8925228 -0.3069925 0.3303917 -0.8925228 -0.3069925 0.3254564 -0.8945378 -0.3063991 0.3254564 -0.8945378 -0.3063991 0.3254563 -0.8945379 -0.3063991 0.3094565 -0.8639869 -0.3971945 0.3094565 -0.8639869 -0.3971945 0.2924097 -0.8700817 -0.3968055 0.292407 -0.8700826 -0.3968054 0.292407 -0.8700826 -0.3968054 0.3721238 -0.9267869 0.05089223 0.3721239 -0.9267869 0.05089229 0.3649724 -0.9283076 0.07099425 0.3664139 -0.9277839 0.07041227 0.3628907 -0.9102551 0.1993643 0.3628963 -0.9102518 0.1993689 0.2494878 -0.8283218 -0.5016362 0.2494878 -0.8283216 -0.5016365 0.2494878 -0.8283219 -0.5016361 0.2692695 -0.8224734 -0.5010303 0.2692693 -0.8224734 -0.5010306 0.2692693 -0.8224734 -0.5010305 0.3222289 -0.922123 -0.2141444 0.3222287 -0.922123 -0.2141443 0.3222288 -0.922123 -0.2141444 0.3388437 -0.9155954 -0.216495 0.3388436 -0.9155954 -0.216495 0.3388436 -0.9155955 -0.2164949 0.3560705 -0.9334524 -0.04336547 0.3560704 -0.9334524 -0.04336547 0.3560704 -0.9334524 -0.04336553 0.3621503 -0.9289814 0.07642579 0.3624191 -0.9255467 0.1096166 0.362419 -0.9255468 0.1096166 0.362419 -0.9255468 0.1096166 0.3607166 -0.9323186 0.0258032 0.1719111 -0.3517281 0.9201815 -0.09560096 0.0584135 -0.9937044 -0.09560865 0.0584132 -0.9937036 0.05865377 -0.32845 -0.9426985 -0.1123678 0.1595759 -0.9807697 -0.08636802 0.07821494 -0.9931883 -0.1228721 0.2693055 -0.9551843 -0.1178703 0.1599582 -0.9800613 -0.09817558 0.23726 -0.9664727 -0.1097257 0.2392318 -0.9647427 -0.1005521 0.1922463 -0.9761818 -0.01169711 -0.1797378 -0.983645 -0.01169717 -0.1797378 -0.983645 -0.01169711 -0.1797378 -0.983645 -0.01172381 -0.1796207 -0.9836661 -0.0117107 -0.179686 -0.9836544 -0.01171082 -0.179686 -0.9836543 -0.01171016 -0.1796861 -0.9836544 -0.01170039 -0.179736 -0.9836453 -0.01170051 -0.1797363 -0.9836453 -0.01170015 -0.179736 -0.9836453 -0.03806257 -0.1682559 -0.9850082 -0.03806269 -0.1682559 -0.9850082 -0.03806293 -0.1682559 -0.9850082 -0.06348395 -0.01016771 -0.9979311 -0.06348383 -0.01016765 -0.9979311 -0.06348389 -0.01016765 -0.9979311 0.1788235 -0.5972167 -0.7818916 0.1788235 -0.5972167 -0.7818916 0.1788235 -0.5972167 -0.7818917 0.1137484 -0.436352 -0.8925572 0.1036987 -0.4370491 -0.8934398 0.1036987 -0.4370491 -0.8934399 0.1036987 -0.4370491 -0.8934399 0.02719885 -0.2375466 -0.9709954 0.01911211 -0.2368817 -0.9713506 -0.06791549 -0.009766995 -0.9976433 -0.09888774 0.09659296 -0.9903994 -0.09888774 0.09659302 -0.9903995 -0.09888774 0.09659302 -0.9903995 -0.09629595 0.09586298 -0.9907257 -0.09987062 0.111312 -0.9887545 -0.09987068 0.111312 -0.9887546 -0.09987068 0.111312 -0.9887546 -0.0954383 0.08165365 -0.9920808 -0.09543824 0.08165365 -0.9920808 -0.0954383 0.08165365 -0.9920808 0.04730683 -0.2381636 -0.9700723 0.0473662 -0.2381721 -0.9700673 -0.1404676 0.2227461 -0.9647036 -0.1030155 0.100422 -0.9895976 -0.1030036 0.1004219 -0.9895988 -0.1117084 0.1233221 -0.9860593 -0.1117084 0.1233221 -0.9860593 -0.1117085 0.1233221 -0.9860593 -0.03954476 -0.1152573 -0.9925483 -0.02343153 -0.1172864 -0.9928217 -0.006474196 -0.1640549 -0.9864301 0.1167789 -0.45232 -0.8841772 0.1167789 -0.45232 -0.8841772 0.1167789 -0.45232 -0.8841772 0.1260797 -0.4515429 -0.8832967 0.2148552 -0.6510793 -0.7279649 0.2148552 -0.6510793 -0.7279649 0.2148552 -0.6510793 -0.7279649 0.2855404 -0.8458417 -0.4505758 0.2274665 -0.7128558 -0.6633971 0.2854694 -0.8456415 -0.4509963 0.2854694 -0.8456416 -0.4509963 0.2854694 -0.8456416 -0.4509963 0.2532631 -0.6608026 -0.7065393 0.2462226 -0.6625038 -0.7074343 0.2462226 -0.6625037 -0.7074343 0.2462227 -0.6625038 -0.7074343 -0.001678824 -0.9747337 -0.2233642 0.1132369 -0.8082933 -0.5777885 0.1801693 -0.9423819 -0.2818784 0.180168 -0.9423824 -0.2818778 0.1962229 -0.8068309 -0.5572438 -0.01122862 -0.9869257 0.160785 -0.004600584 -0.9870368 0.1604285 -0.05157667 -0.9461098 0.3197126 -0.05157667 -0.9461098 0.3197127 -0.05157667 -0.9461098 0.3197127 -0.05157357 -0.9460597 0.3198614 -0.05157351 -0.9460597 0.3198615 -0.05157363 -0.9460597 0.3198615 -0.1355335 0.223919 -0.9651378 0.2568385 -0.6513254 -0.7140093 0.2568385 -0.6513254 -0.7140093 0.2525812 -0.6409596 -0.7248266 0.2963337 -0.7391662 -0.6048305 0.2625866 -0.7513068 -0.6054639 0.255532 -0.7360138 -0.6268869 0.2461408 -0.7387081 -0.6274752 0.1907407 -0.6085868 -0.7702209 0.1907407 -0.6085868 -0.7702209 0.1811611 -0.610178 -0.771274 0.1811611 -0.610178 -0.771274 0.09821921 -0.4043051 -0.9093351 0.09821915 -0.4043051 -0.9093351 0.09821915 -0.4043051 -0.9093351 0.08289885 -0.4042729 -0.9108739 0.08289885 -0.404273 -0.9108739 0.08289891 -0.4042729 -0.9108739 -0.002340674 -0.168776 -0.9856517 -0.002340674 -0.168776 -0.9856517 -0.002340674 -0.168776 -0.9856517 -0.01414036 -0.1676824 -0.9857397 -0.01414042 -0.1676824 -0.9857397 -0.01414042 -0.1676824 -0.9857397 -0.07421582 0.02794271 -0.9968507 -0.07421576 0.02794271 -0.9968507 -0.07421582 0.02794271 -0.9968507 -0.07366651 0.02784597 -0.9968941 -0.07366651 0.02784597 -0.9968942 -0.07366651 0.02784597 -0.9968942 -0.04096615 -0.08703446 -0.9953627 -0.04096609 -0.08703446 -0.9953627 -0.04096615 -0.08703452 -0.9953627 0.2512004 -0.8765061 0.4106525 0.2512004 -0.8765061 0.4106525 0.2512004 -0.8765061 0.4106525 -0.007659375 -0.2364213 -0.9716205 -0.006253302 0.2035928 -0.9790357 -0.006253063 0.2035928 -0.9790357 -0.006253004 0.2035928 -0.9790357 -0.00621438 0.2038798 -0.9789763 -0.009302437 0.1811479 -0.9834119 -0.03574597 0.1292662 -0.9909655 -0.04314458 0.2726402 -0.9611482 -0.0505855 0.1036735 -0.9933242 -0.01183891 0.4547056 -0.8905631 -0.0115683 0.4576739 -0.889045 -0.011572 0.4577042 -0.8890292 -0.03573137 0.1292624 -0.9909665 -0.03640413 0.122732 -0.9917719 -0.03613716 0.1226905 -0.9917869 -0.02119749 0.2078199 -0.9779374 -0.01417571 0.1568759 -0.9875167 -0.01297503 0.1566895 -0.9875627 -0.0112366 0.1814334 -0.9833391 0.1326355 -0.978916 -0.1553431 0.1326355 -0.978916 -0.1553431 0.1099269 -0.9913476 -0.07173651 0.1157853 -0.9905704 -0.07324028 0.1157852 -0.9905704 -0.07324028 0.1157852 -0.9905704 -0.07324028 -0.03447616 -0.9528851 0.301366 0.06367564 -0.9624159 -0.26401 0.06367564 -0.9624159 -0.26401 0.06367564 -0.9624158 -0.26401 0.04029136 -0.9660092 -0.2553485 0.04029136 -0.9660093 -0.2553485 0.0402913 -0.9660093 -0.2553485 -0.04261326 -0.9794166 0.1973003 -0.06349235 -0.01005578 -0.9979317 -0.06349253 -0.01005578 -0.9979317 -0.06349229 -0.01005572 -0.9979317 -0.06351709 -0.009781479 -0.9979329 -0.06351709 -0.009781479 -0.9979328 -0.06351709 -0.009781479 -0.9979328 -0.10601 0.3364179 -0.935727 -0.10601 0.3364179 -0.935727 -0.10601 0.3364179 -0.935727 -0.1035954 0.3360329 -0.9361356 -0.07772213 0.20835 -0.9749614 -0.07688093 0.4179895 -0.905193 -0.07687997 0.4179821 -0.9051964 0.02997231 -0.9736676 -0.2259936 0.02997249 -0.9736676 -0.2259936 0.02997255 -0.9736676 -0.2259935 0.01507389 -0.9862911 -0.1643257 0.0800057 -0.9819734 -0.171253 0.10194 -0.9634385 -0.2477794 0.10194 -0.9634385 -0.2477794 0.10194 -0.9634384 -0.2477794 0.140891 -0.95777 -0.250652 0.1589611 -0.9316114 -0.3268514 0.2119071 -0.9197145 -0.3304857 0.2216239 -0.8854972 -0.4083842 0.3000787 -0.8597735 -0.4132099 0.2959122 -0.8225072 -0.4857139 0.2959121 -0.8225072 -0.485714 0.2959122 -0.8225072 -0.485714 0.3305475 -0.8079259 -0.4878464 0.3305475 -0.8079259 -0.4878464 0.3347231 -0.8181678 -0.4675062 0.3027831 -0.8318999 -0.465043 0.3107678 -0.8479334 -0.4294559 0.3052309 -0.8502988 -0.4287496 0.3052309 -0.8502988 -0.4287496 0.305231 -0.8502988 -0.4287496 0.287046 -0.8126225 -0.5071976 0.2870463 -0.8126224 -0.5071976 0.2817072 -0.8144593 -0.5072446 0.2817072 -0.8144593 -0.5072447 0.2817073 -0.8144593 -0.5072447 0.265421 -0.7805528 -0.5659409 0.2654209 -0.7805528 -0.5659409 0.2503036 -0.7848266 -0.5669174 0.2503037 -0.7848266 -0.5669174 0.2211041 -0.7189099 -0.6590005 0.221104 -0.71891 -0.6590004 0.221104 -0.71891 -0.6590004 0.2027877 -0.7224537 -0.6610128 0.2027878 -0.7224535 -0.6610128 0.2027878 -0.7224536 -0.6610128 0.1468043 -0.5759561 -0.804191 0.1468043 -0.5759561 -0.8041909 0.1468043 -0.5759562 -0.8041909 0.1319363 -0.5769689 -0.8060395 0.1319362 -0.5769689 -0.8060395 0.1319363 -0.5769689 -0.8060396 0.06890749 -0.3922349 -0.9172806 0.06890767 -0.392235 -0.9172804 0.06890755 -0.3922352 -0.9172805 0.0344358 -0.3911417 -0.9196861 0.03443592 -0.3911415 -0.9196861 0.0344361 -0.3911415 -0.9196861 0.07848978 -0.547316 -0.8332374 0.07848954 -0.5473159 -0.8332376 0.07848972 -0.5473162 -0.8332374 0.1138169 -0.6662876 -0.7369577 0.1138167 -0.6662877 -0.7369577 0.1138167 -0.6662878 -0.7369576 0.1656937 -0.6595461 -0.7331743 0.1656935 -0.659546 -0.7331745 0.1656934 -0.659546 -0.7331745 0.2306607 -0.8254866 -0.5151385 0.2306607 -0.8254867 -0.5151385 0.2306607 -0.8254867 -0.5151384 0.2415828 -0.6097282 0.7548969 0.2415828 -0.6097282 0.7548969 0.2415829 -0.6097282 0.754897 0.2978211 -0.82989 0.4717895 0.297821 -0.82989 0.4717897 0.297821 -0.8298899 0.4717898 0.1438809 -0.2720953 0.9514528 0.2398717 -0.7830645 -0.5738219 0.2398717 -0.7830645 -0.5738219 0.2398717 -0.7830646 -0.5738219 0.1719288 -0.3517175 0.9201822 -0.05319792 0.1735898 -0.9833802 -0.05320066 0.1735905 -0.9833799 -0.06241816 0.2589415 -0.9638742 -0.07314795 0.2121284 -0.9745004 -0.07791835 0.2128819 -0.9739662 -0.07495993 0.2734878 -0.9589503 -0.09192663 0.269769 -0.9585271 -0.1049996 0.2629177 -0.9590878 -0.100973 0.2622311 -0.959708 -0.09538674 0.1820703 -0.978648 -0.09537124 0.1820715 -0.9786493 -0.1106892 -0.6840627 0.7209758 0.03417181 -0.2953374 0.9547817 -0.001730144 -0.2160905 0.9763719 0.002908229 -0.2169286 0.9761832 -0.1173617 -0.9901365 0.07652598 -0.1173617 -0.9901364 0.07652604 -0.1173617 -0.9901364 0.07652604 -0.05664545 -0.5023983 0.8627789 -0.003666877 -0.2157623 0.9764391 0.006261885 -0.1830707 0.9830799 0.05189013 -0.2715557 0.9610229 0.01387906 -0.2493727 0.9683082 0.03477454 -0.253243 0.9667775 5.5939e-4 -0.1821534 0.98327 0.004707694 -0.1876907 0.982217 4.56425e-4 -0.1870133 0.9823573 0.01589322 -0.202932 0.9790639 1.62419e-4 -0.2003675 0.9797208 0.02369749 -0.2054466 0.9783815 0.01463729 -0.2171659 0.9760251 0.01463782 -0.2171658 0.976025 0.006917655 -0.6310376 0.7757214 0.02598059 -0.6360118 0.7712419 -0.05688184 -0.5899458 0.8054369 -0.0429477 -0.581967 0.8120777 0.02822917 -0.6537032 0.7562243 0.02825695 -0.6537104 0.7562172 0.1076179 -0.6259363 0.7724133 0.1235609 -0.6338334 0.7635365 0.1819782 -0.6426423 0.7442412 0.1138071 -0.5852688 0.8028128 0.1138009 -0.585268 0.8028143 0.1367815 -0.5316737 0.8358312 0.07257562 -0.5154127 0.8538634 0.1253945 -0.524588 0.8420712 0.05218172 -0.4358054 0.8985271 0.09353691 -0.443354 0.8914528 0.06730532 -0.8168405 -0.5729237 0.06729525 -0.8168029 -0.5729786 0.06730473 -0.8168438 -0.572919 0.06698572 -0.8170276 -0.5726943 0.06698256 -0.8170055 -0.5727263 0.06698173 -0.8170151 -0.5727128 0.1204847 -0.5118181 0.8506032 0.1204848 -0.5118181 0.8506032 0.1204845 -0.5118181 0.8506032 0.1204271 -0.5117294 0.8506648 0.1204197 -0.5114928 0.8508081 0.1204197 -0.5114928 0.850808 0.1204197 -0.5114928 0.8508081 0.2183881 -0.947391 -0.2340019 0.2183882 -0.947391 -0.2340019 0.2183879 -0.9473912 -0.2340018 0.1344701 -0.6646112 0.7349896 0.1127784 -0.9543117 -0.2767134 0.1127784 -0.9543117 -0.2767134 0.1127783 -0.9543117 -0.2767134 -0.01623946 -0.3476641 -0.9374786 -0.01623928 -0.3476641 -0.9374786 -0.01623928 -0.3476641 -0.9374786 0.17192 -0.8555112 -0.4884099 0.1339032 -0.7081098 -0.6932895 0.1339032 -0.7081098 -0.6932895 0.1338161 -0.707896 -0.6935248 0.2240408 -0.9215769 -0.3170201 0.240668 -0.9007116 0.3616595 0.2406681 -0.9007116 0.3616596 0.2406679 -0.9007116 0.3616596 0.1830093 -0.6617904 0.7270084 0.2161703 -0.6629503 0.7167757 0.3108931 -0.8362571 0.4516853 0.3308187 -0.9376934 -0.1062557 0.330828 -0.9376909 -0.1062484 0.3700633 -0.8996048 0.2318715 0.2294982 -0.7073166 0.6686059 0.2746328 -0.7064837 0.6522712 0.2934811 -0.7838983 0.5471494 0.3352701 -0.7794979 0.5291286 0.3376691 -0.8437463 0.4172191 0.3519925 -0.8671123 0.3524453 0.3432264 -0.8689147 0.3566271 0.3614814 -0.9036287 0.229753 0.3615015 -0.9036228 0.2297447 0.354536 -0.8868262 0.296384 0.3545669 -0.88682 0.296366 0.2986603 -0.9481043 0.1090882 0.1584269 -0.8701959 0.4665407 0.1584331 -0.8701966 0.4665371 -0.01169341 -0.8751195 0.4837657 -0.02456134 -0.8628063 0.5049379 -0.02458882 -0.8628014 0.5049446 -0.06078016 -0.8779857 0.4748124 -0.1249046 -0.8187764 0.5603609 -0.1249101 -0.8187747 0.560362 -0.1433225 -0.877971 0.4567556 -0.1108978 -0.6840761 0.7209311 -0.1108977 -0.6840761 0.7209311 -0.1108977 -0.6840761 0.7209311 -0.1108898 -0.6840116 0.7209935 -0.08422237 -0.8454825 0.5273198 -0.0841729 -0.8454884 0.5273181 -0.08417314 -0.8454884 0.5273179 -0.084064 -0.8446633 0.5286558 -0.0840947 -0.8446536 0.5286666 -0.08416181 -0.8446558 0.5286523 -0.08419322 -0.8454302 0.527408 -0.08418875 -0.8454306 0.5274084 -0.08419871 -0.8454298 0.5274079 -0.05569422 -0.6720322 0.7384247 -0.05569428 -0.6720322 0.7384247 -0.05569416 -0.6720322 0.7384247 -0.04665511 -0.6140016 0.7879248 -0.04665499 -0.6140016 0.7879247 -0.04665476 -0.6140017 0.7879247 -0.04665476 -0.6140777 0.7878654 -0.04665708 -0.6140774 0.7878655 -0.04665583 -0.6140776 0.7878655 -0.01825582 -0.410014 0.9118965 -0.0182752 -0.4101424 0.9118385 -0.01825982 -0.4100427 0.9118835 -0.01825982 -0.4100427 0.9118835 -0.01825976 -0.4100427 0.9118835 -0.0737847 -0.7784363 -0.6233723 -0.07378476 -0.7784363 -0.6233723 -0.07378464 -0.7784363 -0.6233723 -0.07372754 -0.7742563 -0.6285631 -0.07372748 -0.7742563 -0.6285631 -0.07373905 -0.7700289 -0.6337336 -0.07089775 -0.7704717 -0.6335195 -0.07089775 -0.7704717 -0.6335195 -0.07089775 -0.7704717 -0.6335195 0.001491248 -0.576027 0.8174293 0.002936422 -0.216705 0.9762327 -0.06431871 -0.6998 0.7114374 -0.02576667 -0.7055196 0.7082219 -0.073798 -0.7785765 -0.6231956 -0.07379806 -0.7785765 -0.6231956 -0.07379812 -0.7785765 -0.6231956 -0.07379406 -0.7783499 -0.623479 -0.07379406 -0.7783499 -0.623479 -0.07379406 -0.7783498 -0.623479 0.03911995 -0.2415646 0.969596 -0.07078021 -0.7629029 -0.6426269 -0.07078003 -0.762903 -0.6426268 -0.07077991 -0.762903 -0.642627 -0.07362908 -0.7624772 -0.6428121 -0.07362908 -0.7624771 -0.6428121 -0.0736292 -0.7624772 -0.6428121 -0.07369279 -0.7698497 -0.6339566 -0.07369309 -0.7698497 -0.6339566 -0.07369315 -0.7698498 -0.6339565 -0.06877696 -0.7701048 -0.6341989 -0.068798 -0.7701037 -0.6341981 -0.068798 -0.7701039 -0.634198 0.05797743 0.1167955 0.9914623 -0.06091415 -0.4776907 -0.8764138 -0.06091421 -0.4776907 -0.8764138 -0.06091415 -0.4776907 -0.8764138 0.06266933 -0.2325384 0.9705662 0.06266933 -0.2325384 0.970566 -0.04408687 -0.40991 -0.91106 -0.04405319 -0.4103204 -0.9108769 -0.04405325 -0.4103204 -0.9108768 -0.04405307 -0.4103204 -0.9108768 0.08262789 -0.3247427 0.9421862 0.08262789 -0.3247427 0.9421862 0.08262801 -0.3247427 0.9421862 -0.01835316 -0.3355501 -0.9418436 -0.0183531 -0.3355501 -0.9418436 -0.0183531 -0.3355501 -0.9418436 -0.01836049 -0.3354751 -0.9418702 -0.01836049 -0.3354751 -0.9418702 -0.01836055 -0.3354751 -0.9418702 -0.06149613 -0.3789531 -0.9233703 -0.05997627 -0.4772948 -0.8766941 -0.06006205 -0.4672282 -0.8820944 -0.05199706 -0.4673832 -0.8825243 -0.05479562 -0.3954 -0.916873 -0.05479574 -0.3954001 -0.9168731 -0.05479598 -0.3954001 -0.9168731 -0.0389232 -0.3947714 -0.9179546 -0.03892099 -0.3947713 -0.9179548 -0.03892093 -0.3947713 -0.9179548 -0.04528236 -0.3205245 -0.9461573 -0.04528242 -0.3205245 -0.9461573 -0.04528242 -0.3205245 -0.9461573 -0.01778048 -0.3163664 -0.9484704 -0.01778042 -0.3163663 -0.9484705 -0.01778042 -0.3163663 -0.9484705 0.1504756 -0.8586649 0.4899508 0.1504754 -0.8586649 0.4899507 0.1504756 -0.8586649 0.4899508 0.7921063 -0.6093639 0.03526037 0.7921071 -0.6093629 0.03526079 0.7921066 -0.6093636 0.03526043 0.2420824 -0.9632256 0.1165875 0.2420824 -0.9632256 0.1165875 0.2420825 -0.9632256 0.1165875 -0.003358006 -0.6265749 0.7793539 -0.003358244 -0.6265749 0.7793539 -0.003358125 -0.6265749 0.7793539 0.02057027 -0.6295896 0.7766555 0.02056998 -0.6295896 0.7766555 0.02057027 -0.6295896 0.7766555 0.0159353 -0.6837358 0.7295557 0.01593554 -0.6837359 0.7295557 0.01593548 -0.6837359 0.7295557 0.05061829 -0.6872183 0.7246854 0.05061835 -0.6872183 0.7246854 0.05061823 -0.6872183 0.7246854 0.04911971 -0.7115792 0.7008869 0.08881634 -0.714548 0.6939257 0.08834791 -0.73607 0.6711152 0.1443476 -0.7384935 0.6586284 0.1496844 -0.8914942 0.4275894 0.1496844 -0.8914942 0.4275894 0.2249338 -0.8917332 0.3927046 0.114335 -0.6973965 -0.7075067 0.1389468 -0.6865552 -0.7136776 0.266318 -0.8947077 0.3585708 0.266318 -0.8947077 0.3585708 0.266318 -0.8947077 0.3585708 0.2569326 -0.8945709 0.3656893 0.2569326 -0.8945708 0.3656893 0.2569326 -0.8945708 0.3656893 0.2404048 -0.8966906 0.3716876 0.03336584 -0.4411673 0.8968045 0.03336584 -0.4411673 0.8968045 0.03336584 -0.4411672 0.8968045 0.01267272 -0.4378066 0.8989799 0.01630115 -0.3975818 0.9174221 -1.49649e-4 -0.3951048 0.918636 -0.01820492 -0.5733316 0.8191213 -0.03013277 -0.6757916 0.7364766 -0.03013271 -0.6757916 0.7364766 -0.03013271 -0.6757916 0.7364766 0.03523826 0.008649468 0.9993416 0.03524655 0.008752822 0.9993404 0.03524649 0.008752822 0.9993404 0.03524649 0.008752822 0.9993404 -0.06757116 -0.4973039 -0.8649411 -0.06757116 -0.4973039 -0.8649411 -0.06757116 -0.4973039 -0.8649411 0.1725346 -0.6165711 0.7681615 0.1433737 -0.6143887 0.7758677 0.1495634 -0.9207062 0.3604593 0.1495635 -0.9207062 0.3604593 0.1495635 -0.9207062 0.3604593 0.1156382 -0.5501535 0.8270182 0.08823019 -0.546483 0.8328097 0.08823019 -0.5464829 0.8328096 0.08823019 -0.5464829 0.8328097 0.08724445 -0.5218513 0.8485633 0.05730348 -0.5178624 0.8535426 0.05743855 -0.4930096 0.8681259 0.02978038 -0.4893421 0.8715834 0.02978038 -0.489342 0.8715834 -0.001724779 -0.2160492 0.976381 -0.005994558 -0.2759388 0.9611565 0.01351344 -0.2789933 0.960198 0.01349627 -0.2909275 0.95665 0.02240294 -0.2923164 0.9560593 0.02151644 -0.3227189 0.9462503 0.03754669 -0.3252989 0.9448657 0.03720736 -0.3649832 0.9302703 0.0582109 -0.3684408 0.927827 0.05985593 -0.3912656 0.9183292 0.08212631 -0.3948863 0.9150521 0.08505761 -0.4199317 0.9035612 0.1020836 -0.4226974 0.9005032 0.1075913 -0.4446941 0.889197 0.1154375 -0.4458491 0.8876334 0.1267502 -0.482398 0.8667334 0.1393095 -0.4840281 0.8638923 0.156628 -0.5297769 0.8335492 0.173664 -0.5315623 0.829025 0.1965205 -0.5814955 0.7894573 0.2190982 -0.5830557 0.7823312 0.2628376 -0.6815696 0.6829198 0.2689881 -0.6815905 0.6804997 0.3117632 -0.7647069 0.5639389 0.2951385 -0.7657286 0.5714483 0.3306571 -0.8298273 0.4495025 0.3294004 -0.8299813 0.4501405 0.3515692 -0.8526239 0.386564 0.241374 -0.8645555 0.4407747 0.2545926 -0.8770992 0.4072834 0.08565467 -0.8764422 0.4738274 0.1534284 -0.9374688 0.3124293 -0.01931691 -0.8738236 0.4858593 -0.04296749 -0.5819597 0.8120817 -0.08593726 -0.5141671 0.8533739 -0.04417014 -0.5294415 0.8471958 -0.0566188 -0.518522 0.8531879 -0.0393784 -0.508605 0.860099 0.03710287 -0.3756458 0.9260204 0.03129571 -0.3733007 0.9271824 0.0683664 -0.3800604 0.9224317 0.0263406 -0.3470504 0.9374766 0.05403316 -0.3299109 0.9424644 0.02197229 -0.3237506 0.9458873 0.05583328 -0.3283611 0.9429007 0.03698921 -0.3134444 0.9488859 0.0628587 -0.3182631 0.9459162 0.03569072 -0.2952623 0.9547495 0.03569436 -0.2952612 0.9547496 -0.125846 -0.4757152 0.8705504 -0.07176375 -0.5956082 0.8000631 -0.1157569 -0.5798554 0.8064541 -0.07402652 -0.6379435 0.7665171 -0.07217258 -0.6385405 0.7661966 -0.04431974 -0.6709415 0.7401847 0.01625865 -0.6868593 0.7266086 0.01922482 -0.689728 0.7238134 0.1581291 -0.7145818 0.6814455 0.124315 -0.6880984 0.7148891 0.2433188 -0.7010262 0.670342 0.1868183 -0.6598936 0.7277632 0.2209825 -0.6631865 0.7150878 0.1499793 -0.5784467 0.801814 0.1935272 -0.583745 0.788536 0.1150631 -0.4922533 0.8628135 0.1547241 -0.4980157 0.8532531 0.08412683 -0.4124472 0.9070888 0.1137696 -0.4172867 0.9016253 0.06794673 -0.3783726 0.9231563 0.09436309 -0.3829247 0.9189474 0.05794596 -0.3502386 0.9348665 0.08358681 -0.3548395 0.9311832 0.05587148 -0.3286461 0.9427992 0.08196288 -0.3334649 0.939193 0.06255537 -0.3141776 0.9473012 0.07079708 -0.3157574 0.946195 0.04931712 -0.2773751 0.9594951 0.03421914 -0.2745207 0.9609722 -0.1108968 -0.683967 0.7210347 -0.1107504 -0.6843323 0.7207106 -0.1255054 -0.6792224 0.723122 -0.08766204 -0.7289688 0.6789109 -0.06470948 -0.735662 0.6742509 -0.04141151 -0.7610148 0.6474115 0.04489696 -0.7796056 0.6246595 0.04465246 -0.7793868 0.6249501 0.211237 -0.7973442 0.5653507 0.1801216 -0.7751654 0.6055368 0.3085795 -0.7773656 0.548162 0.2583424 -0.7433959 0.6169456 0.2873767 -0.7435322 0.6038001 0.2206854 -0.6623007 0.7159999 0.2627561 -0.6643344 0.6997279 0.1884936 -0.5697629 0.7999003 0.2155382 -0.5722373 0.7912572 0.1472881 -0.4757465 0.867163 0.1594934 -0.4773202 0.8641338 0.1178091 -0.432322 0.8939904 0.1292939 -0.4340193 0.8915774 0.09697169 -0.3955132 0.9133267 0.1085798 -0.3973895 0.9112038 0.0853793 -0.3671194 0.9262472 0.09747415 -0.3691924 0.9242272 0.08329969 -0.3490712 0.9333866 0.08078688 -0.3486157 0.9337777 0.0709809 -0.322631 0.9438596 0.0589807 -0.3205053 0.9454088 0.05154967 -0.2985156 0.9530116 0.03901481 -0.296317 0.9542924 0.0344125 -0.2617022 0.9645349 0.02463501 -0.2600679 0.9652761 0.02196687 -0.2355597 0.9716116 0.01701641 -0.2347719 0.9719015 0.0145055 -0.2246809 0.9743245 -0.002821326 -0.2219322 0.975058 -0.003666818 -0.2157624 0.9764391 -0.004624307 -0.09174537 0.9957718 -0.005987882 -0.09568738 0.9953935 -0.005284011 -0.09365302 0.9955909 0.005286693 0.1787823 -0.9838744 0.04986697 0.3994221 -0.9154099 0.04989647 0.39942 -0.9154093 0.04985147 0.3994267 -0.9154088 0.0268808 0.1273256 -0.9914967 -0.03248703 6.55821e-4 -0.999472 0.01003062 0.1003127 -0.9949055 0.02612787 0.1103007 -0.9935548 0.00910449 0.1061191 -0.9943118 0.03189057 0.102804 -0.9941904 0.01671695 0.08944314 -0.9958516 0.08190536 0.5085646 -0.8571193 0.08190542 0.5085646 -0.8571195 0.08190536 0.5085646 -0.8571193 0.01229256 0.1305481 -0.9913659 -0.002645671 0.1087539 -0.9940652 0.0117706 0.1123704 -0.9935967 0.006044983 0.1064904 -0.9942954 0.01478183 0.09815847 -0.9950611 0.01905745 0.1034985 -0.9944471 0.01244318 0.1007738 -0.9948316 0.01143074 0.09438151 -0.9954706 0.02715688 0.1058688 -0.9940092 0.02682489 0.1272045 -0.9915137 -0.02088439 0.03726214 -0.9990873 0.09912449 0.3460654 -0.9329594 0.07194298 0.3232656 -0.9435697 0.1277941 0.4765815 -0.8697924 0.1806364 0.6442119 -0.7432104 0.1806365 0.6442118 -0.7432104 0.1806364 0.6442119 -0.7432104 -0.04232579 -0.00383836 -0.9990966 0.01291447 0.08203613 -0.9965457 0.02100217 0.08675414 -0.9960085 0.007522642 0.1623207 -0.9867094 8.75621e-4 0.1508416 -0.9885575 -0.01977813 0.06051921 -0.9979711 0.04470127 0.4018673 -0.9146063 0.04470121 0.4018673 -0.9146062 0.04470086 0.4018671 -0.9146063 0.1199498 0.7664712 -0.6309787 0.1199499 0.7664716 -0.6309781 0.1199498 0.7664707 -0.6309794 0.009687066 0.2013146 -0.9794787 0.00964421 0.201083 -0.9795268 0.009644031 0.201083 -0.9795268 0.009643852 0.201083 -0.9795268 0.01671326 0.2342265 -0.9720385 0.01671326 0.2342265 -0.9720384 0.01671326 0.2342265 -0.9720384 0.02757197 0.2856897 -0.9579255 0.02756929 0.2856903 -0.9579254 0.02756392 0.2856911 -0.9579253 -0.01076823 0.1025048 -0.9946743 0.02593547 0.2857049 -0.9579666 0.02594316 0.2857034 -0.9579669 0.02593493 0.285705 -0.9579666 0.02603781 0.2864991 -0.9577267 0.02603864 0.2864989 -0.9577267 0.02603811 0.286499 -0.9577267 0.02362513 0.2602422 -0.9652544 0.02362513 0.2602422 -0.9652544 0.02362507 0.2602422 -0.9652544 0.02201229 0.2597741 -0.9654185 0.01675134 0.2343799 -0.9720007 0.005290448 0.178801 -0.9838711 0.005364298 0.1791431 -0.9838084 0.005473613 0.1791378 -0.9838088 0.04191827 0.3455507 -0.9374634 0.07950085 0.5072866 -0.8581026 0.07950085 0.5072866 -0.8581026 0.07950097 0.5072866 -0.8581026 -0.02064412 0.03799498 -0.9990648 0.01163673 0.1592715 -0.9871662 0.001376271 0.1579009 -0.987454 0.001918256 0.1604745 -0.9870382 0.002489805 0.1604536 -0.9870403 0.003122687 0.163019 -0.9866181 -0.03819155 0.008407294 -0.9992352 0.05100929 0.08268505 -0.9952695 0.005407154 0.05334633 -0.9985615 0.03617233 0.09404712 -0.9949105 0.02070873 0.08526587 -0.9961431 0.03222024 0.09704273 -0.9947586 0.03439903 0.09845238 -0.9945471 -3.2981e-4 0.1193649 -0.9928505 0.009239077 0.1217591 -0.9925168 0.006764233 0.1089571 -0.9940235 0.02080672 0.1147373 -0.993178 0.006964385 0.07859331 -0.9968824 -0.02789115 0.02400213 -0.9993228 0.02036064 0.1547505 -0.9877438 0.008439004 0.132876 -0.9910968 0.03600347 0.1269433 -0.9912564 0.03600448 0.1269446 -0.9912562 0.1124238 0.5823649 -0.8051162 0.1124238 0.5823649 -0.8051161 0.001350045 0.1388819 -0.9903081 -6.12908e-4 0.1386176 -0.9903458 -0.002536296 0.1285612 -0.9916983 0.008267402 0.1505686 -0.988565 0.008532166 0.152788 -0.9882223 0.007523238 0.1623259 -0.9867085 -0.02606546 -0.1654124 0.98588 -0.1373536 -0.7479872 0.6493453 -0.1373537 -0.7479871 0.6493453 -0.1373536 -0.7479871 0.6493453 -0.2389517 0.6354678 0.7342226 -0.2389516 0.6354678 0.7342226 -0.03906935 -0.1185393 0.9921805 -0.03716957 -0.1294536 0.9908887 -0.01283001 -0.03375703 0.9993478 -0.03133267 -0.1276532 0.9913239 -0.3919743 -0.7812484 0.4858056 -0.3919745 -0.7812483 0.4858056 -0.2689746 -0.8845542 0.3810731 -0.1713874 0.5408967 0.8234423 -0.1713885 0.5408966 0.8234422 -0.1713891 0.5408965 0.8234422 -0.171543 0.540204 0.8238645 -0.1715314 0.5402073 0.8238648 -0.1715099 0.5402113 0.8238667 -0.1713626 0.5406626 0.8236011 -0.1713627 0.5406623 0.8236014 -0.1713625 0.5406625 0.8236013 -0.008293151 -0.1281849 0.9917157 -0.008288085 -0.1281484 0.9917204 -0.008288085 -0.1281484 0.9917204 -0.008288145 -0.1281484 0.9917204 -0.1810132 -0.9109079 0.3707842 0.02088302 -0.03725016 0.9990878 -0.3041996 -0.7243687 0.6186701 -0.3041995 -0.7243688 0.6186701 -0.3041995 -0.7243688 0.6186701 -0.1116389 -0.2851302 0.9519651 -0.07848411 -0.2170239 0.9730062 -0.2255373 -0.5990107 0.7683224 -0.02014172 -0.1543855 0.9878054 -0.02420616 -0.1553902 0.9875566 -0.03861182 -0.2044515 0.9781149 -0.03698968 -0.2006078 0.978973 -0.2436759 -0.8005834 0.547438 -0.2436759 -0.8005834 0.547438 -0.2436759 -0.8005833 0.547438 -0.191994 -0.6765917 0.7108882 -0.191994 -0.6765917 0.7108882 -0.191994 -0.6765917 0.7108882 -0.08608216 -0.1181188 0.9892613 -0.08246296 -0.120593 0.9892711 -0.02043682 -0.09661108 0.9951124 -0.05662477 -0.1523672 0.9867005 -0.04757136 -0.1178311 0.9918935 -0.2389328 0.6353566 0.734325 -0.2389328 0.6353566 0.734325 -0.2389329 0.6353566 0.734325 -0.1696181 0.2572835 0.9513334 -0.1696181 0.2572835 0.9513333 -0.1696181 0.2572835 0.9513333 -0.1102521 0.01956963 0.9937109 -0.111348 0.02470886 0.9934743 -0.08776605 -0.0641157 0.9940757 -0.1666685 0.1629291 0.9724587 -0.1666684 0.1629291 0.9724586 -0.1666684 0.1629291 0.9724587 -0.1248097 0.02216809 0.9919331 -0.2774944 0.4951179 0.8233196 -0.2774944 0.4951179 0.8233196 -0.2774944 0.495118 0.8233196 -0.2774921 0.4950939 0.8233348 -0.2774922 0.495094 0.8233349 -0.2774921 0.495094 0.8233348 -0.08811151 -0.05861735 0.9943845 -0.09017187 -0.05899155 0.9941776 -0.09093123 -0.05404949 0.9943894 -0.08561903 -0.05273503 0.9949314 -0.08649659 -0.04984575 0.9950045 -0.05872195 -0.09079647 0.9941368 -0.05872249 -0.09079176 0.9941371 -0.05872672 -0.09075194 0.9941405 -0.2795848 0.2867881 0.9162887 -0.2795848 0.2867881 0.9162887 -0.2795848 0.2867881 0.9162887 -0.2792156 0.2867188 0.916423 -0.2792155 0.2867188 0.916423 -0.2792155 0.2867188 0.916423 -0.1627391 0.1005466 0.9815328 -0.1459982 0.05397951 0.9878111 -0.1459982 0.05397951 0.9878111 -0.1459982 0.05397951 0.9878111 -0.1695654 0.1628404 0.9719726 -0.0703293 -0.1069849 0.9917702 -0.07670027 -0.1019794 0.9918252 -0.0700584 -0.1007699 0.9924401 -0.0761404 -0.09640717 0.9924255 -0.06193363 -0.09291958 0.9937456 -0.06625854 -0.09026038 0.9937117 -0.0575844 -0.08748692 0.9944999 -0.1031097 -0.09902524 0.9897285 -0.06358307 -0.1356934 0.9887085 -0.07658928 -0.1209751 0.9896966 -0.08998423 -0.1252513 0.9880359 -0.1208677 -0.1148673 0.9860002 -0.1247892 -0.1152588 0.9854659 -0.7394715 0.6553486 0.1539486 -0.7394716 0.6553485 0.1539486 -0.7394715 0.6553487 0.1539485 -0.9323589 0.3615204 0.003164827 -0.932359 0.3615201 0.003163635 -0.9323588 0.3615206 0.003167569 -0.419916 0.273241 0.8654537 -0.4199159 0.2732409 0.8654537 -0.4199159 0.2732413 0.8654537 -0.1406571 -0.07389503 0.9872969 -0.09115791 -0.09984093 0.9908189 -0.0900309 -0.0998457 0.9909215 -0.06549727 -0.115364 0.9911617 -0.05908745 -0.1136521 0.9917621 -0.04977267 -0.1287032 0.9904334 -0.036713 -0.1249583 0.9914826 -0.9325955 0.3609115 0.002926528 -0.9325958 0.3609108 0.002922356 -0.9325957 0.3609111 0.002924919 -0.4516239 0.03861749 0.8913724 -0.4516239 0.03861737 0.8913724 -0.4516239 0.03861743 0.8913724 -0.27903 0.1316284 0.9512183 -0.2790301 0.1316284 0.9512183 -0.2790299 0.1316284 0.9512183 -0.3371589 0.1857773 0.922936 -0.3371588 0.1857774 0.9229359 -0.3371586 0.1857773 0.9229361 -0.02465093 -0.1540836 0.9877503 -0.02953153 -0.1497495 0.9882829 -0.04566866 -0.1563004 0.9866532 -0.04423594 -0.1704429 0.9843742 -0.05479991 -0.1513146 0.9869656 -0.04970657 -0.1253532 0.9908662 -0.07672566 -0.1346722 0.9879153 -0.08850145 -0.1244391 0.9882724 -0.1107652 -0.1323468 0.9849951 -0.1463574 -0.1269994 0.9810457 -0.1361823 -0.1025149 0.9853655 -0.1583788 -0.1079598 0.9814586 -0.08837723 -0.05709546 0.9944494 -0.5425693 -0.1031438 0.8336547 -0.3281941 -0.1397818 0.9342107 -0.3283531 -0.1397714 0.9341564 -0.2539901 -0.1242412 0.959194 -0.25399 -0.1242413 0.9591941 -0.2539899 -0.1242412 0.9591941 -0.2392485 -0.1133319 0.9643215 -0.2392486 -0.1133319 0.9643215 -0.2392485 -0.113332 0.9643216 -0.1822323 -0.1323363 0.9743093 -0.1253947 -0.1281236 0.9837991 -0.1253946 -0.1281235 0.983799 -0.1253947 -0.1281236 0.9837991 0.2647596 -0.03731673 0.9635922 0.2647597 -0.03731667 0.9635922 0.2647594 -0.03731656 0.9635923 -0.5231624 -0.1635112 0.8364002 -0.5231624 -0.1635112 0.8364002 -0.5231624 -0.1635114 0.8364002 -0.4148595 -0.1494417 0.8975293 -0.4148595 -0.1494417 0.8975293 -0.4148595 -0.1494417 0.8975293 -0.6919398 -0.1791532 0.6993737 -0.6919376 -0.1791543 0.6993756 -0.6919389 -0.1791529 0.6993747 -0.3101282 -0.01897305 0.9505055 -0.3030143 -0.01704645 0.9528337 -0.2470982 -0.08421093 0.9653244 -0.3450868 -0.08569514 0.9346505 -0.3450868 -0.08569514 0.9346505 -0.3450868 -0.08569514 0.9346505 -0.4186942 -0.1128343 0.9010903 -0.05858296 -0.09424102 0.9938243 -0.05858081 -0.09424334 0.9938242 -0.05858135 -0.09424263 0.9938243 -0.05888074 -0.09058445 0.9941467 -0.05888074 -0.09058439 0.9941467 -0.05888074 -0.09058439 0.9941467 -0.1043558 -0.04666674 0.9934446 -0.5945327 0.6988003 0.397755 -0.5945328 0.6988003 0.397755 -0.5945327 0.6988003 0.397755 -0.08714401 -0.05004566 0.9949379 -0.08739113 -0.0496065 0.9949383 -0.05943 -0.08659607 0.9944694 -0.09067761 0.1015198 0.9906924 -0.09067797 0.1015198 0.9906924 -0.09067738 0.1015199 0.9906924 -0.171319 0.5398334 0.8241539 -0.1713361 0.53983 0.8241527 -0.1713258 0.5398308 0.8241544 -0.1714606 0.5408337 0.8234685 -0.1714607 0.5408337 0.8234685 -0.1714602 0.5408339 0.8234684 -0.07087111 0.01354473 0.9973936 -0.05968534 -0.04464685 0.9972183 -0.0596854 -0.04464685 0.9972183 -0.05968534 -0.04464685 0.9972183 -0.05963885 -0.04486906 0.9972111 -0.05963885 -0.04486906 0.9972111 -0.05963873 -0.04486906 0.9972112 -0.08882725 0.1009662 0.9909166 -0.08882725 0.1009662 0.9909166 -0.08882725 0.1009662 0.9909166 -0.04007059 -0.1289592 0.99084 -0.04003608 -0.1291275 0.9908195 -0.05354249 -0.0733667 0.9958668 -0.05245959 -0.07941168 0.9954606 -0.05878949 -0.04490506 0.99726 -0.2044302 0.7651631 0.6105194 -0.2044302 0.765163 0.6105194 -0.2044301 0.7651631 0.6105194 -0.2011944 0.7648205 0.6120218 -0.2011944 0.7648205 0.6120218 -0.2011945 0.7648204 0.6120218 -0.09063696 0.1012837 0.9907202 -0.09063702 0.1012837 0.9907202 -0.05129593 -0.1045431 0.9931967 -0.05160009 -0.1180135 0.9916704 -0.06498211 -0.06116324 0.9960103 -0.06284749 -0.07298302 0.9953511 -0.0856713 0.02282726 0.996062 -0.08371376 0.01401197 0.9963914 -0.04394114 -0.1490527 0.9878525 -0.04394114 -0.1490527 0.9878525 -0.04394114 -0.1490527 0.9878525 -0.0906285 0.04803913 0.9947255 -0.0906285 0.04803913 0.9947255 -0.09062844 0.04803913 0.9947255 -0.0442115 -0.107857 0.9931829 -0.03801208 -0.1079536 0.993429 -0.05324572 -0.112827 0.992187 -0.04044204 -0.1138098 0.9926792 -0.06432342 -0.1196746 0.9907273 -0.04562085 -0.1220728 0.9914721 -0.06605368 -0.1258035 0.9898538 -0.04547929 -0.129341 0.9905568 -0.04627853 -0.1294444 0.9905062 -0.03137433 -0.1441801 0.989054 -0.03710073 -0.1439445 0.9888901 -0.02652919 -0.1562837 0.9873559 -0.1770094 -0.9811461 0.07758855 -0.1770094 -0.9811462 0.07758766 -0.1770093 -0.9811462 0.07758808 0.01094019 -0.1017214 0.9947528 -0.1489443 -0.8358808 0.5283172 -0.1489543 -0.8358771 0.5283203 -0.1489392 -0.8358809 0.5283185 -0.1487107 -0.8350225 0.5297383 -0.1488206 -0.835004 0.5297366 -0.1487472 -0.8350123 0.5297441 -0.003123641 -0.1666734 0.9860072 -0.1540852 -0.8342781 0.529375 -0.1540858 -0.8342782 0.5293746 -0.1540855 -0.8342779 0.5293752 -0.09926551 -0.6054612 0.7896602 -0.0992673 -0.6054612 0.7896599 -0.09926456 -0.6054616 0.78966 -0.09931379 -0.6057673 0.7894193 -0.09931397 -0.6057673 0.7894193 -0.09931403 -0.6057672 0.7894193 -0.1321887 -0.7481555 0.6502225 -0.1321887 -0.7481556 0.6502226 -0.1321886 -0.7481556 0.6502225 -0.05278027 -0.4044069 0.9130549 -0.05278027 -0.404407 0.913055 -0.05278027 -0.4044069 0.9130549 -0.05280804 -0.4045741 0.9129793 -0.05280441 -0.404536 0.9129964 -0.01397472 -0.2139921 0.9767355 -0.03363966 -0.3149168 0.948523 -0.01003956 -0.2147535 0.9766167 -0.01436364 -0.2327809 0.9724231 -0.01172 -0.2144412 0.9766667 -0.01174461 -0.2145607 0.9766401 -0.01959693 -0.232577 0.9723805 -0.01429623 -0.2142706 0.9766698 -0.03584903 -0.3148101 0.9484775 -0.03243869 -0.3005827 0.953204 -0.1562235 -0.8268233 0.540331 -0.1562234 -0.8268232 0.540331 -0.1562234 -0.8268233 0.540331 -0.180989 -0.910925 0.3707541 -0.2196235 -0.8746386 0.4321724 -0.04227441 -0.301762 0.9524456 -0.0170843 -0.199216 0.9798068 -0.02309769 -0.2154142 0.9762496 -0.01299035 -0.1696141 0.9854249 -0.007281541 -0.1688573 0.9856137 -0.01711815 -0.1887483 0.9818764 -0.005291461 -0.189197 0.9819249 -0.01933079 -0.2132218 0.9768127 -0.01933097 -0.2132236 0.9768122 -0.0143817 -0.1797387 0.9836093 -0.01438075 -0.1797302 0.9836108 -0.9067104 -0.3613267 0.21753 -0.9067066 -0.3613251 0.217549 -0.9067135 -0.3613217 0.2175257 -0.9066862 -0.3609907 0.2181878 -0.9066856 -0.3609912 0.2181894 -0.9066867 -0.3609921 0.2181836 -0.4842131 -0.2077397 0.8499307 -0.4842131 -0.2077396 0.8499305 -0.4842131 -0.2077397 0.8499307 -0.6692635 -0.2755963 0.690024 -0.6692621 -0.275596 0.6900255 -0.6692607 -0.2755959 0.6900269 -0.4186517 -0.1128106 0.901113 -0.5082045 -0.09435939 0.8560517 -0.1549202 -0.1284981 0.9795346 -0.1544589 -0.1282118 0.979645 -0.1294894 -0.1282933 0.9832463 -0.06419432 -0.08615368 0.9942116 -0.04530674 -0.09662246 0.9942894 -3.81893e-4 -0.03776663 0.9992865 -0.6764752 0.1610574 0.7186389 -0.6764755 0.1610576 0.7186385 -0.6764748 0.1610574 0.7186393 -0.2686796 -0.04004752 0.9623968 -0.1796479 0.0025177 0.9837278 -0.1068685 -0.05830818 0.9925621 -0.1076329 -0.05790907 0.9925028 -0.06946647 -0.09041178 0.9934789 -0.06888467 -0.09046959 0.9935141 -0.04982042 -0.1093969 0.9927489 -0.04586446 -0.1085326 0.9930343 -0.03830218 -0.125962 0.9912955 -0.0334267 -0.1239659 0.9917234 -0.02542835 -0.1238548 0.9919745 -0.03787261 -0.1278383 0.9910718 -0.0209465 -0.1285272 0.9914848 -0.0442059 -0.1342685 0.9899585 -0.01781046 -0.1366187 0.9904637 -0.04402095 -0.1482314 0.9879725 -0.01176404 -0.1440208 0.9895048 -0.03012305 -0.1630927 0.9861508 -0.02430272 -0.1633287 0.9862723 -0.0266605 -0.1686965 0.9853075 -0.2346904 -0.9683625 0.08482116 0.02228361 -0.2709938 0.9623232 0.4023566 0.7917286 0.4596468 -0.04640394 0.9987581 -0.0181427 -0.04640394 0.998758 -0.0181427 -0.04640394 0.998758 -0.0181427 0.3948875 0.8391523 0.374015 0.3968701 0.8172803 0.4177882 0.3968703 0.8172804 0.4177883 0.3968702 0.8172803 0.4177882 0.398181 0.586955 0.7049366 0.3872413 0.820236 0.4210191 0.1726014 -0.05427658 0.9834952 0.2055276 -0.01807844 0.9784844 0.1888441 -0.07989585 0.9787516 0.2348827 0.03354734 0.9714447 0.3012431 0.1838359 0.9356586 0.3270843 0.3022866 0.8953428 0.3776214 0.4861379 0.7880814 0.387202 0.8214564 0.4186695 0.3872016 0.8214567 0.4186693 0.3872011 0.8214536 0.4186758 0.01837062 -0.2876629 0.9575555 0.04619508 -0.2788587 0.9592204 0.0941587 -0.230789 0.9684373 0.1030322 -0.1968371 0.9750075 0.06520795 -0.2128613 0.9749041 0.1392285 -0.1668257 0.9761069 0.008536577 -0.3163982 0.9485881 -0.05339819 -0.3586373 0.9319484 -0.05539244 -0.3367705 0.9399561 -0.1219241 -0.4453334 0.8870247 -0.05772364 -0.3516238 0.9343602 -0.05772483 -0.3516292 0.934358 -0.1645712 -0.3964293 0.9031944 -0.1645644 -0.3963912 0.9032124 -0.2425038 -0.5135185 0.8230983 -0.2586475 -0.4854744 0.8351145 -0.2791732 -0.6362168 0.7192292 -0.2791731 -0.6362168 0.7192292 -0.279173 -0.6362168 0.7192292 -0.2904257 -0.7647355 0.5751804 -0.3074749 -0.6522234 0.6928665 -0.2746476 -0.9583618 -0.07817524 -0.2746476 -0.9583619 -0.07817524 -0.2746476 -0.9583618 -0.07817524 -0.2414054 -0.9483518 -0.2057968 -0.2499574 -0.8865041 0.3893995 -0.2499574 -0.886504 0.3893994 -0.2499575 -0.8865041 0.3893995 -0.3122109 -0.8365409 0.4502487 -0.3122109 -0.8365408 0.4502487 -0.312211 -0.8365408 0.4502487 -0.3078552 -0.9172385 0.2527824 -0.3023403 -0.9309929 0.2045544 -0.3023404 -0.9309929 0.2045544 -0.3023404 -0.9309929 0.2045544 -0.2923673 -0.9482247 0.1240618 -0.2923672 -0.9482248 0.1240618 -0.2923673 -0.9482247 0.1240618 -0.5751708 -0.8165612 0.04905551 0.04227048 -0.3562539 0.9334326 0.003027915 -0.3928351 0.919604 0.1831474 -0.01151269 0.9830181 0.1831475 -0.01151269 0.9830181 0.1831474 -0.01151269 0.9830181 0.265559 0.2658596 0.9267131 0.2761079 0.402576 0.8727527 0.2761015 0.4025194 0.8727807 0.1830535 -0.01184195 0.9830316 0.1830536 -0.01184195 0.9830317 0.1830535 -0.01184195 0.9830316 0.1831462 -0.01159149 0.9830173 0.1871599 -0.0743612 0.979511 0.07424598 -0.294465 0.9527738 0.07421934 -0.2945737 0.9527424 0.07078325 -0.2473257 0.9663435 0.04182547 -0.2831997 0.9581486 0.04182016 -0.2832278 0.9581405 0.3225687 0.7381444 0.5925304 0.3031972 0.5738841 0.7607423 0.3092505 0.7421149 0.5946676 0.3092505 0.7421149 0.5946676 0.2875994 0.9196675 0.2673916 0.3283781 0.7362867 0.5916501 -0.2080665 -0.3708431 0.9050878 -0.1279 -0.4051534 0.9052581 -0.1537501 -0.5514562 0.8199129 -0.1963759 -0.5971071 0.7777529 -0.2194039 -0.7933799 0.567812 -0.2325177 -0.8314165 0.5046606 -0.2307674 -0.9424387 0.2419829 -0.2308207 -0.9589945 0.1644735 -0.2383209 -0.890591 0.387364 -0.2346361 -0.9683756 0.0848211 -0.09112215 -0.9724708 -0.2144703 -0.1258333 -0.9755763 0.1800473 -0.1002601 -0.9919271 0.0776441 -0.1002602 -0.9919271 0.0776441 -0.1002601 -0.9919271 0.0776441 -0.06255763 -0.9740129 -0.2176824 -0.06255763 -0.9740128 -0.2176824 -0.06255763 -0.9740129 -0.2176824 -0.06259024 -0.9740618 -0.217454 -0.06259024 -0.9740618 -0.217454 -0.06259024 -0.9740618 -0.217454 -0.122325 -0.9691278 0.214075 -0.122325 -0.9691278 0.214075 -0.122325 -0.9691277 0.214075 -0.1223292 -0.9691112 0.2141479 -0.1223292 -0.9691111 0.2141478 -0.1223292 -0.9691112 0.2141478 -0.1223434 -0.9690721 0.2143161 -0.1536644 -0.6684384 0.7277208 -0.1536643 -0.6684384 0.7277208 -0.1536642 -0.6684384 0.7277208 -0.1320698 -0.8931046 0.4300255 -0.130352 -0.8814092 0.4540112 -0.1291051 -0.916516 0.3785902 -0.1536559 -0.6684312 0.727729 -0.1519256 -0.663624 0.7324765 -0.1501675 -0.6697165 0.7272754 -0.01373165 -0.4232497 0.905909 -0.02717232 -0.5128819 0.8580291 -0.07548838 -0.4083179 0.9097132 -0.09795498 -0.4868299 0.867987 -0.0999819 -0.5093912 0.8547073 -0.07966858 -0.493841 0.865895 -0.150168 -0.669739 0.7272546 0.3240261 0.8189002 0.473719 0.3138729 0.9122333 0.2632761 0.3368166 0.6096963 0.7175131 0.3299513 0.5650532 0.7562056 0.2958521 0.3136861 0.9022598 0.2773053 0.261775 0.9244327 0.2155208 -0.02156269 0.9762612 0.172459 -0.06928044 0.9825773 0.1375932 -0.2087146 0.9682492 0.08149915 -0.251079 0.9645296 0.06860047 -0.305408 0.9497473 0.01120227 -0.3452059 0.9384601 0.004060328 -0.3799101 0.9250146 -0.0507664 -0.4178612 0.9070914 -0.05944967 -0.4697622 0.8807891 -0.1083313 -0.5060903 0.85565 -0.1230897 -0.6267761 0.7694158 -0.1562151 -0.6619451 0.7330932 -0.1669659 -0.8539527 0.4928361 -0.1757426 -0.8808736 0.4395185 -0.1653664 -0.9744636 0.1519036 -0.1645222 -0.9822001 0.09063941 -0.1645222 -0.9822001 0.09063941 -0.1645221 -0.9822001 0.09063941 -0.1215392 -0.9414231 -0.3145648 -0.1215392 -0.941423 -0.3145648 -0.1215392 -0.9414231 -0.3145648 -0.1409762 -0.9733836 0.1806933 0.07871168 -0.327732 -0.9414862 0.2856526 0.9465302 0.149944 0.01785475 -0.444597 -0.8955528 -0.1367516 -0.8418214 -0.5221452 0.016083 0.5052909 -0.8627992 0.03235119 0.3001971 -0.9533284 0.01942104 0.2481077 -0.9685378 0.01942098 0.2481077 -0.9685378 0.01942104 0.2481077 -0.9685378 0.0269193 0.2709735 -0.9622104 0.04336726 0.2403949 -0.969706 0.05493122 0.171885 -0.9835844 0.006245493 0.3697843 -0.9290967 0.01589924 0.4854797 -0.8741034 -0.01794087 0.4556905 -0.8899575 -0.01950639 0.4541275 -0.8907232 -0.01586198 0.4529529 -0.8913934 0.0160669 0.5052604 -0.8628175 0.07116347 0.672613 -0.7365648 0.0711261 0.672558 -0.7366185 0.1945204 0.8576542 -0.476016 0.1945204 0.8576542 -0.476016 0.1945204 0.8576541 -0.4760161 0.4052773 0.662292 0.6301743 0.3651816 0.9292588 0.05586272 0.3651815 0.9292588 0.05586272 0.3651815 0.9292588 0.05586272 0.1943714 0.8574926 -0.4763677 0.2792685 0.9273867 -0.248924 0.2838947 0.9291813 -0.2366979 0.2838947 0.9291813 -0.2366979 0.2838947 0.9291813 -0.2366979 0.3194793 0.9387612 -0.1290751 0.08517485 0.9935736 -0.07454365 0.08517485 0.9935736 -0.07454359 0.08517485 0.9935737 -0.07454371 -0.2231876 -0.9324271 -0.2841956 -0.2231877 -0.9324271 -0.2841956 -0.2231877 -0.9324271 -0.2841956 -0.1288795 -0.7720491 -0.6223587 -0.1288796 -0.7720491 -0.6223587 -0.1288796 -0.772049 -0.6223587 -0.2012331 -0.9120183 -0.3573905 -0.08854168 -0.7291954 -0.6785533 -0.1103249 -0.7647727 -0.6347843 0.007093906 -0.4736315 -0.8806946 0.01035767 -0.4496159 -0.8931619 -0.1102741 -0.7646756 -0.6349101 -0.09904938 0.07379156 -0.9923427 -0.09904932 0.07379174 -0.9923427 -0.09904932 0.07379186 -0.9923427 0.116944 -0.009575963 -0.9930924 0.07262837 -0.1550337 -0.9852359 -0.03738367 -0.05828154 -0.9976 0.05987679 -0.1951436 -0.9789453 0.08789956 -0.4111391 -0.9073248 0.05158138 -0.6432447 -0.7639213 0.01605409 -0.767056 -0.6413794 0.01605415 -0.767056 -0.6413794 0.08795297 -0.4108203 -0.907464 0.08796167 -0.4108046 -0.9074704 0.08796024 -0.4108043 -0.9074705 0.08796167 -0.4108046 -0.9074704 0.1008992 -0.3667174 -0.9248447 0.1031715 0.04640114 -0.9935807 0.1093264 -0.02851051 -0.993597 0.1371972 0.03382682 -0.989966 0.1372541 0.03413432 -0.9899476 0.137254 0.03413432 -0.9899476 0.1372541 0.03413432 -0.9899476 0.1008554 0.2744264 -0.9563046 0.1263444 0.1730678 -0.9767726 0.1636193 0.2484737 -0.9547196 0.1031773 0.04644185 -0.9935783 0.01601445 -0.7671768 -0.6412357 0.01601445 -0.7671769 -0.6412357 0.01601439 -0.7671769 -0.6412357 0.1004645 -0.3276656 -0.9394373 -0.01202505 -0.7656198 -0.643181 -0.1367436 -0.8418207 -0.5221486 -0.1258874 -0.8032914 -0.5821299 -0.09834194 -0.7275965 -0.6789199 -0.08386164 -0.6720245 -0.7357651 -0.02040427 -0.4675612 -0.8837252 -0.01135045 -0.3968471 -0.9178147 0.05633318 -0.1498333 -0.9871052 0.04200094 -0.06630671 -0.9969149 0.06436246 0.0154187 -0.9978075 0.0637598 0.1364294 -0.9885959 0.0232039 0.08568686 -0.9960519 0.05491024 0.1718134 -0.9835981 0.244256 0.9385198 -0.2439664 0.2622456 0.9498559 -0.1702977 0.3809726 0.6727718 0.6342224 0.3809726 0.6727718 0.6342225 0.3578627 0.9236917 0.1368505 0.3578627 0.9236917 0.1368505 0.3578627 0.9236918 0.1368505 0.1007418 0.8089499 -0.5791815 0.1492171 0.8166237 -0.5575484 0.1386364 0.8197218 -0.5557304 0.1549892 0.8576205 -0.4903728 0.138622 0.8623519 -0.4869634 0.1088473 0.8065154 -0.581107 0.1088473 0.8065154 -0.581107 0.1088473 0.8065153 -0.581107 0.2008532 0.9454377 -0.2565258 0.2008536 0.9454327 -0.2565445 0.2008536 0.9454327 -0.2565445 0.2008536 0.9454327 -0.2565445 0.226621 0.9601304 -0.1636849 0.2893679 0.94209 0.169507 0.2878523 0.9442015 0.1600772 0.288833 0.9423192 0.169145 0.2888315 0.9423246 0.1691178 0.05530285 0.528993 -0.8468223 0.05532842 0.5290362 -0.8467937 0.02439486 0.4824993 -0.8755566 0.0548492 0.6515465 -0.7566233 0.05483359 0.6515087 -0.7566569 0.002644419 0.6032652 -0.7975363 0.04346823 0.5908316 -0.8056232 0.03628826 0.6564825 -0.7534679 0.05435127 0.6507789 -0.7573195 0.100683 0.8088518 -0.5793288 -0.1212232 -0.8039473 -0.5822147 -0.1153994 -0.9122065 -0.393144 -0.04473632 -0.6775341 -0.7341296 -0.03709095 -0.6337202 -0.7726726 0.01547098 -0.4028714 -0.9151259 0.01831138 -0.3483845 -0.937173 0.07258301 -0.07648313 -0.9944255 0.05633598 -0.01004576 -0.9983614 0.08450317 0.1285603 -0.9880949 0.05670505 0.2004342 -0.9780648 0.06940823 0.2547064 -0.9645244 0.03976821 0.3262594 -0.9444434 0.006279528 0.3698734 -0.929061 0.009910106 0.3748543 -0.9270309 0.007834911 0.3756083 -0.9267455 0.0761919 0.4549183 -0.8872678 0.1489239 0.4929434 -0.8572214 0.1490017 0.4930073 -0.8571711 0.100853 0.2744138 -0.9563085 0.1291346 0.3431129 -0.9303751 0.09423148 0.3048824 -0.9477168 0.08470469 0.3969753 -0.9139123 0.0933898 0.4369369 -0.894631 -0.005673587 0.2170948 -0.9761341 -0.03523617 0.291068 -0.9560533 -0.07192832 0.341515 -0.93712 -0.1397786 0.3640264 -0.9208403 -0.08428817 0.3402567 -0.9365473 -0.08427149 0.340301 -0.9365327 -0.07192772 0.3380489 -0.938376 -0.08478647 0.3283255 -0.9407516 -0.1395151 0.3582848 -0.9231293 -0.1175784 0.3584545 -0.9261133 -0.1175022 0.358443 -0.9261274 -0.1761193 0.4769231 -0.8611193 -0.1408463 0.5215878 -0.8414919 -0.1802578 0.5276584 -0.8301107 -0.1412972 0.5345662 -0.8332312 -0.1255897 0.5272132 -0.8404009 0.006875455 0.5110211 -0.8595408 0.0341683 0.5352445 -0.8440058 0.07579612 0.478219 -0.8749638 0.1447291 0.48028 -0.8650923 0.07971745 0.5212691 -0.849661 0.03409296 0.5054921 -0.8621575 0.07711005 0.4915937 -0.8674041 0.07711005 0.4915936 -0.8674042 0.07711005 0.4915935 -0.8674041 0.006877243 0.5110222 -0.85954 -0.1409282 0.5242729 -0.8398079 -0.07910937 0.5141697 -0.8540323 -0.125207 0.523092 -0.8430292 -0.07918971 0.5667822 -0.8200531 0.0341776 0.579303 -0.8143956 0.0341776 0.5793031 -0.8143954 0.0341776 0.579303 -0.8143956 -0.07919907 0.5662707 -0.8204054 -0.07923871 0.5662948 -0.8203849 -0.07923871 0.5662949 -0.8203849 -0.07923871 0.5662949 -0.8203849 -0.1168745 0.3957616 -0.9108859 -0.1343573 0.3967998 -0.9080189 -0.1413341 0.397907 -0.9064739 -0.1344019 0.3995663 -0.9067983 -0.1741255 0.4544805 -0.8735719 -0.135145 0.4483371 -0.8835892 -0.1350901 0.4482979 -0.8836174 0.001227557 0.1791284 -0.983825 0.001228988 0.1791325 -0.9838242 0.001099884 0.1784365 -0.9839509 0.005800008 0.1900332 -0.9817606 0.005781531 0.1900027 -0.9817666 -0.01285195 0.2183387 -0.9757884 -0.0056324 0.2272505 -0.97382 -0.01778972 0.2342354 -0.9720172 0.005790889 0.1900097 -0.9817652 -0.006412267 0.1911973 -0.9815307 -0.01292449 0.1971507 -0.9802881 -0.006605863 0.1968401 -0.9804134 -0.01292341 0.1978632 -0.9801446 -0.007026314 0.215166 -0.9765523 -0.005607426 0.2170843 -0.9761368 0.1092233 0.3871828 -0.9155107 0.1093158 0.3871976 -0.9154934 0.09669739 0.3563606 -0.9293314 0.1401685 0.4144945 -0.8991925 0.1184095 0.4514394 -0.8844105 0.07583475 0.4782023 -0.8749696 -0.004667639 0.2464978 -0.9691321 -0.004688322 0.2464906 -0.9691339 -0.01765501 0.2489773 -0.9683484 -0.01765489 0.2489767 -0.9683486 -0.004233717 0.2830957 -0.9590824 -0.0718227 0.2929464 -0.9534274 -0.0352714 0.2910736 -0.9560503 -0.035205 0.2910623 -0.9560561 0.002697288 -0.3927179 0.919655 7.4914e-4 -0.1731748 0.9848908 0.02534157 -0.412117 0.9107785 0.09848964 -0.5089466 0.8551452 0.06501162 -0.5151591 0.8546255 0.06500744 -0.5151563 0.8546274 0.1087721 -0.5601897 0.821192 0.1087652 -0.5601885 0.8211936 0.07106798 -0.568701 0.8194686 0.012097 -0.524165 0.8515309 -0.0082888 -0.5195827 0.85438 -0.008248567 -0.5195956 0.8543726 0.01433712 -0.3054765 0.9520917 0.01877689 -0.3065931 0.9516555 0.01434272 -0.3057266 0.9520113 0.01935046 -0.3096162 0.9506648 1.56797e-4 -0.3260709 0.9453454 0.02327418 -0.3306013 0.9434836 0.001164138 -0.3318911 0.943317 0.03760278 -0.3776564 0.9251821 0.01867687 -0.3731287 0.9275917 0.04683256 -0.4145885 0.9088032 0.04683953 -0.4145792 0.908807 -0.001457333 -0.174879 0.9845889 -0.00146383 -0.1748777 0.9845892 0.001817345 -0.1699667 0.9854482 0.02067846 -0.2480959 0.9685148 0.01396262 -0.2458813 0.9691994 0.006435155 -0.2376552 0.9713283 0.01412099 -0.2391264 0.9708858 6.33936e-4 -0.1786248 0.9839171 6.24596e-4 -0.1786228 0.9839175 -0.001433074 -0.1784867 0.9839413 0.01492744 -0.2046488 0.9787217 0.006762444 -0.2151667 0.9765539 0.006764352 -0.2151675 0.9765537 -0.03224319 -0.416536 0.9085473 -0.02204036 -0.4476897 0.8939175 -0.04555487 -0.4527745 0.8904607 -0.004835009 -0.4667885 0.8843558 -0.04510241 -0.4806146 0.8757714 -0.008284687 -0.5177727 0.8554782 -0.04461741 -0.506067 0.8613395 -0.008041262 -0.5515664 0.8340922 0.01529794 -0.5505816 0.8346412 0.01525861 -0.5505697 0.8346497 0.03424763 -0.2598538 0.9650405 0.03425389 -0.2598546 0.96504 0.02051723 -0.2729378 0.9618129 0.03456765 -0.2794355 0.959542 0.02054983 -0.2764937 0.960796 0.03468847 -0.2811782 0.9590284 0.03469675 -0.2811742 0.9590294 -0.02386945 -0.119312 0.9925699 0.0918585 0.7053384 0.7028939 0.0918585 0.7053384 0.702894 0.106361 0.9787164 -0.175504 0.06053209 0.6851853 -0.7258492 0.06053209 0.6851852 -0.7258492 0.06053203 0.6851853 -0.7258493 0.07585865 0.8702402 0.4867521 0.07585853 0.8702403 0.486752 0.07585865 0.8702402 0.486752 -0.01952165 0.08624291 0.9960829 -0.02736836 0.2881452 0.9571955 -0.02736836 0.2881453 0.9571956 -0.02736836 0.2881453 0.9571956 -0.1340538 0.5378933 0.8322862 -0.1340537 0.5378935 0.8322862 -0.134054 0.5378936 0.8322861 -0.1344919 0.5418973 0.829614 -0.1344909 0.5418979 0.8296136 -0.1344906 0.5418978 0.8296139 -0.1344099 0.5402749 0.8306847 -0.1344102 0.5402747 0.8306848 -0.1344102 0.5402747 0.8306849 -0.01701384 0.41772 -0.9084166 -0.01701384 0.41772 -0.9084166 -0.01701366 0.41772 -0.9084166 -0.01699179 0.4175593 -0.9084908 -0.01699185 0.4175593 -0.9084908 -0.01699173 0.4175593 -0.9084909 -0.06285506 0.09695905 0.9933017 -0.06285512 0.09695905 0.9933017 -0.1193642 0.5395893 0.8334241 -0.1193643 0.5395893 0.833424 -0.119364 0.5395894 0.8334241 -0.1192928 0.53862 0.8340611 -0.1192995 0.538619 0.8340608 -0.1193152 0.5386574 0.8340337 -0.062891 0.09718966 0.993277 -0.06289142 0.0971896 0.9932769 -0.06289106 0.0971896 0.9932769 -0.03445404 -0.1184728 0.9923594 -0.03445291 -0.1184722 0.9923595 -0.03445351 -0.1184731 0.9923594 -0.1334282 0.5400661 0.8309787 -0.1333987 0.5400707 0.8309804 -0.1334165 0.5400686 0.8309789 0.009032964 -0.3607365 0.9326241 0.009032964 -0.3607365 0.9326241 0.009032964 -0.3607365 0.9326241 -0.08581697 0.9649136 0.2481476 -0.08581691 0.9649136 0.2481476 -0.08581691 0.9649136 0.2481476 -0.07146888 0.4786884 0.8750712 -0.03403776 0.04973161 0.9981825 -0.05642044 0.05318337 0.9969897 -0.1158994 0.5386642 0.8345108 -0.1472956 0.982677 0.1124721 -0.1472956 0.982677 0.1124721 -0.1472954 0.982677 0.1124721 -0.1311283 0.9842489 0.1185734 -0.1311282 0.9842489 0.1185734 -0.1311283 0.9842489 0.1185734 -0.0238887 -0.01445472 0.9996102 0.02632623 0.5195484 0.8540353 0.02632611 0.5195485 0.8540354 0.02632611 0.5195485 0.8540353 -0.001901209 0.5233619 0.8521085 -0.00190097 0.5233618 0.8521085 -0.001901209 0.5233618 0.8521085 -0.009427309 0.3648793 0.9310072 -0.009427547 0.3648792 0.9310072 -0.009427368 0.3648791 0.9310072 -0.01410442 0.2192521 0.9755664 0.02556842 0.935353 0.3527905 0.02556848 0.935353 0.3527905 0.02556842 0.9353531 0.3527905 -0.01662516 0.9394992 0.3421477 -0.01662516 0.9394991 0.3421476 -0.01662498 0.9394992 0.3421477 -0.02466857 0.0607559 0.9978479 -0.02295708 -0.01106578 0.9996752 -0.0207296 0.05793678 0.9981051 -0.02601188 0.05894839 0.9979222 -0.02601754 0.05917203 0.9979088 -0.024001 0.05881911 0.9979802 -0.01782965 0.9983353 -0.05485242 -0.01782983 0.9983353 -0.05485242 -0.01782971 0.9983354 -0.05485242 -0.01782989 0.9983549 -0.05449491 -0.01782983 0.9983549 -0.05449503 -0.01782977 0.9983549 -0.05449497 -0.0406509 0.4989843 0.8656572 -0.0406509 0.4989843 0.8656572 -0.04065078 0.4989843 0.8656572 0.005299627 0.2751997 0.9613725 0.005299568 0.2751997 0.9613725 0.005299568 0.2751997 0.9613725 0.009919643 0.2746961 0.96148 0.009919643 0.2746961 0.96148 0.009919703 0.2746961 0.96148 0.03612864 0.5866098 0.8090636 0.0361284 0.5866097 0.8090635 0.03612852 0.5866098 0.8090636 0.06569129 0.8703702 0.4879963 0.06569141 0.8703701 0.4879965 0.06569129 0.8703702 0.4879964 0.05074459 0.7147608 0.6975256 0.04844444 0.714854 0.6975938 0.02904939 0.4970772 0.86722 0.02904939 0.4970772 0.8672199 0.02903419 0.4970784 0.8672197 0.03169167 0.4968367 0.8672652 0.03169161 0.4968368 0.8672652 0.03169161 0.4968368 0.8672652 0.1659905 0.9859212 -0.02016854 0.1305035 0.9881117 0.08126544 0.1342108 0.9842931 0.1146933 0.1024802 0.9868753 0.1247997 0.08724761 0.9781404 0.1887571 0.08404761 0.9436283 0.320159 0.08404755 0.9436283 0.320159 0.08404755 0.9436283 0.3201589 0.07627671 0.9437335 0.3217903 0.07627671 0.9437335 0.3217903 0.07627671 0.9437336 0.3217903 0.06558954 0.8393098 0.5396824 0.06558901 0.8393098 0.5396825 0.0655893 0.8393097 0.5396826 0.06333059 0.8393071 0.5399565 0.06333065 0.8393071 0.5399562 0.063331 0.8393071 0.5399563 0.04511404 0.6455163 0.762413 0.04551464 0.6454848 0.7624157 0.02619343 0.4192455 0.907495 0.02619338 0.4192456 0.907495 0.02619349 0.4192456 0.907495 0.03044992 0.5701444 0.82098 0.03044968 0.5701444 0.82098 0.03044968 0.5701444 0.82098 0.01323759 0.361348 0.9323371 0.01323741 0.361348 0.9323371 0.01323735 0.361348 0.9323371 0.0147196 0.3803726 0.9247163 0.01471954 0.3803726 0.9247163 0.01471966 0.3803726 0.9247163 0.001655876 0.2162447 0.9763378 0.003847479 0.2453119 0.9694366 0.00384736 0.2453119 0.9694366 0.003847479 0.2453119 0.9694367 -0.008657515 0.08431345 0.9964017 -0.008657515 0.08431345 0.9964017 -0.008657515 0.08431345 0.9964017 -0.004138171 0.1502406 0.9886409 -0.004138171 0.1502406 0.9886408 -0.004138171 0.1502406 0.9886408 -0.01584231 -0.01260429 0.9997951 -0.01477634 0.00533533 0.9998767 0.07849299 0.9315937 0.3549255 0.07849299 0.9315937 0.3549255 0.07849299 0.9315937 0.3549255 0.08499032 0.9884564 0.1254221 0.08499014 0.9884564 0.1254221 0.08499032 0.9884563 0.1254222 0.07546639 0.9066424 0.4150957 0.07546657 0.9066422 0.415096 0.07546645 0.9066424 0.4150959 0.06255602 0.7779573 0.6251955 0.06255596 0.7779573 0.6251955 0.06255596 0.7779573 0.6251954 0.07005733 0.8676099 0.4922856 0.07005733 0.8676099 0.4922855 0.07005733 0.86761 0.4922854 0.05983829 0.6841152 -0.7269153 0.05983847 0.6841152 -0.7269152 0.05983859 0.6841152 -0.7269152 0.08546555 0.9845127 0.1530704 0.08546566 0.9845126 0.1530705 0.08546561 0.9845126 0.1530705 0.08832013 0.9958864 0.02024459 0.08832019 0.9958864 0.02024459 0.08832019 0.9958864 0.02024453 0.08803457 0.9959105 0.02030551 0.08803457 0.9959105 0.02030551 0.08803457 0.9959104 0.02030551 0.08758467 0.9490332 -0.3027623 0.08758485 0.9490331 -0.3027623 0.08758467 0.9490332 -0.3027623 0.08094727 0.8742477 -0.4786841 0.08094733 0.8742477 -0.4786841 0.09046334 0.9921943 -0.08583152 0.09046334 0.9921943 -0.08583152 0.09046334 0.9921943 -0.08583152 0.09034734 0.9957182 -0.01956659 0.09034729 0.9957181 -0.01956659 0.09034729 0.9957182 -0.01956659 0.0871222 0.9660259 -0.2433182 0.0871222 0.9660259 -0.2433182 0.08712214 0.9660259 -0.2433182 0.08827131 0.9778061 -0.1900095 0.08833611 0.9777402 -0.1903178 0.08866333 0.9793293 -0.1818051 0.0895127 0.9802476 -0.1763579 0.08951258 0.9802476 -0.1763579 0.08951288 0.9802477 -0.1763579 0.1021299 0.9907715 -0.08911353 0.1021299 0.9907715 -0.08911353 0.1021299 0.9907715 -0.08911353 0.08912962 0.9716424 -0.2190141 0.08809196 0.9716778 -0.2192763 0.08809196 0.9716778 -0.2192763 0.08809202 0.9716778 -0.2192763 0.08955103 0.9820991 -0.1657174 0.08955097 0.9820991 -0.1657174 0.08955091 0.9820991 -0.1657174 0.1622272 0.982918 -0.0869174 0.1802123 0.9812827 0.06788027 0.1484223 0.9776362 -0.1489915 0.162241 0.9829193 -0.08687609 0.1062672 0.9787323 -0.1754719 0.1062969 0.9787173 -0.1755378 0.110006 0.9858831 -0.126227 0.1169219 0.9890912 -0.08959835 0.08838587 0.9777923 -0.1900268 0.08779591 0.992861 0.08074128 0.08779597 0.9928609 0.0807414 0.08779627 0.9928609 0.0807414 0.0884307 0.990858 -0.1018854 0.08843064 0.990858 -0.1018854 0.0884307 0.990858 -0.1018854 0.08982032 0.9906577 -0.1026141 0.08982384 0.9910441 -0.09881001 0.08982384 0.9910441 -0.09881001 0.0898239 0.9910441 -0.09881001 0.08922469 0.9821523 -0.1655777 0.08922445 0.9821523 -0.1655777 0.08922451 0.9821523 -0.1655777 0.08658844 0.9883242 0.1253712 0.08658838 0.9883242 0.1253713 0.0865885 0.9883241 0.1253711 0.08797991 0.995937 -0.01921361 0.08797997 0.9959369 -0.01921361 0.08797997 0.995937 -0.01921361 0.08711504 0.965957 -0.2435943 0.08711516 0.9659569 -0.2435943 0.0871151 0.9659569 -0.2435943 0.0871157 0.9660307 -0.2433015 0.08711576 0.9660307 -0.2433015 0.08711576 0.9660307 -0.2433015 0.08108216 0.9045672 -0.4185499 0.08108204 0.9045672 -0.4185499 0.08108216 0.9045672 -0.4185499 0.08807706 0.9563512 -0.2786301 0.08807712 0.9563512 -0.2786301 0.088077 0.9563513 -0.2786301 0.08813202 0.9462445 -0.3112141 0.06983006 0.72136 -0.6890309 0.06983047 0.7213599 -0.689031 0.06982946 0.7213599 -0.6890311 0.06984084 0.7216353 -0.6887415 0.06984084 0.7216352 -0.6887416 0.06984072 0.7216352 -0.6887416 -0.01680511 0.1249546 0.9920201 -0.01576209 0.1247728 0.9920602 -0.009996891 0.1967598 0.9804008 0.08857554 0.6512047 0.7537154 0.05564403 0.6516566 0.7564704 0.05564403 0.6516566 0.7564704 0.05564403 0.6516566 0.7564704 4.91666e-4 0.1408193 0.9900352 4.91677e-4 0.1408193 0.9900352 4.91636e-4 0.1408193 0.9900352 0.01332247 0.3411314 0.9399212 0.005754351 0.3417265 0.9397819 -0.03358459 -0.5093299 0.8599158 -0.03359228 -0.5093297 0.8599156 -0.01430439 0.1602947 0.9869656 -0.01430439 0.1602947 0.9869656 -0.01430439 0.1602947 0.9869657 -0.01429212 0.1602936 0.986966 -0.01429218 0.1602936 0.9869659 -0.01429212 0.1602936 0.9869659 0.02105367 0.3831025 0.923466 0.02581918 0.4980862 0.866743 0.02581918 0.4980862 0.8667432 0.02581918 0.4980862 0.866743 0.07513147 0.4966441 0.8646965 0.07513141 0.4966441 0.8646965 0.07513147 0.4966441 0.8646965 0.09281784 0.7763687 0.6234071 0.1053364 0.0502569 0.993166 0.1200102 0.1805726 0.9762127 0.2419977 0.9541284 0.1762844 0.1958847 0.9463821 0.2568855 0.2177385 0.291381 0.9314972 0.2177519 0.2913805 0.9314943 0.105369 0.05058044 0.993146 0.105369 0.0505805 0.9931461 0.105369 0.0505805 0.9931461 0.1217366 0.1804876 0.9760146 0.1524053 0.705739 0.6918852 0.1524054 0.705739 0.6918852 0.1524054 0.705739 0.6918851 0.1528707 0.8235766 0.5462163 0.1528707 0.8235766 0.5462162 0.1003965 0.8234419 0.5584479 0.1003966 0.8234419 0.5584479 0.1003966 0.8234419 0.5584479 0.09965336 0.8056412 0.5839619 0.069103 0.8056031 0.5884118 0.06183958 0.6830317 0.7277661 0.04479598 0.6830866 0.7289624 0.03248023 0.512044 0.8583449 0.02123486 0.5124571 0.8584503 -0.04328036 -0.08095908 0.9957774 -0.06215184 0.09698343 0.9933435 -0.06215184 0.09698343 0.9933436 -0.06215184 0.09698343 0.9933436 -0.04166114 -0.0478844 0.9979838 -0.04166102 -0.04788434 0.9979838 -0.04166108 -0.0478844 0.9979838 -0.04536753 -0.02289783 0.9987079 -0.04787337 -0.0466246 0.9977647 -0.04787343 -0.0466246 0.9977647 -0.04787337 -0.0466246 0.9977647 -0.04786479 -0.04670608 0.9977613 -0.02386367 -0.1193135 0.9925698 -0.02448296 -0.0511462 0.998391 -0.03416758 0.05091476 0.9981185 -0.02346003 0.04921704 0.9985126 -0.05285608 0.9645901 0.2584034 -0.05285596 0.9645901 0.2584034 -0.05285596 0.9645901 0.2584034 -0.03615498 0.289633 0.9564546 -0.03615498 0.2896331 0.9564547 -0.01799702 -0.08484542 0.9962316 -0.01799702 -0.08484542 0.9962316 -0.01799702 -0.08484542 0.9962317 -0.0367152 0.313877 0.9487536 -0.0367152 0.313877 0.9487535 -0.0367152 0.313877 0.9487535 -0.01417732 -0.1296502 0.9914585 -0.01417732 -0.1296502 0.9914584 -0.01417726 -0.1296502 0.9914585 0.1858186 0.9633532 -0.1934476 0.1733193 0.9523016 -0.2511617 0.2425438 0.9540086 0.1761821 0.2425388 0.9540098 0.1761829 0.2425389 0.9540098 0.1761829 0.1659393 0.9538707 -0.2501897 0.2157738 0.975994 -0.02962315 0.1775356 0.9581856 -0.224414 0.1858034 0.9633448 -0.1935048 0.1411378 0.9665724 -0.2140515 0.1409735 0.9665091 -0.2144454 0.1409734 0.9665091 -0.2144454 0.1409735 0.9665091 -0.2144454 0.1410027 0.9665728 -0.2141386 0.0508902 0.6852567 0.7265214 0.05089032 0.6852567 0.7265215 0.05089014 0.6852567 0.7265215 0.04280543 0.5851262 0.8098118 0.04176723 0.5852572 0.8097714 0.05968803 0.7781286 0.6252626 0.05968803 0.7781286 0.6252626 0.05968809 0.7781286 0.6252626 0.05116593 0.6732525 0.7376403 0.05116587 0.6732525 0.7376403 0.05116599 0.6732525 0.7376403 0.07365244 0.906766 0.4151514 0.0736525 0.9067661 0.4151514 0.07365286 0.9067661 0.4151514 0.07983893 0.9705783 0.2271646 0.07983905 0.9705781 0.2271646 0.07983922 0.9705783 0.2271646 0.06782466 0.8553864 0.5135309 0.06782466 0.8553865 0.5135308 0.06782466 0.8553865 0.5135307 0.05549561 0.8555425 0.5147498 0.06408023 0.9406921 0.3331549 0.06408017 0.9406921 0.3331549 0.06408023 0.9406921 0.3331549 0.04179519 0.9460639 0.321273 0.04179525 0.9460639 0.3212731 0.04179519 0.9460639 0.321273 0.07116562 0.8863302 -0.4575527 0.07116556 0.8863301 -0.4575527 0.07116562 0.8863302 -0.4575527 0.07284969 0.8859872 -0.4579516 0.07284981 0.8859871 -0.4579519 0.07284975 0.8859872 -0.4579517 -0.01872348 0.07890534 0.9967064 -0.01872336 0.07890534 0.9967063 -0.0187233 0.07890534 0.9967063 0.03391653 0.5866949 0.8090976 0.03391647 0.5866948 0.8090976 0.03391659 0.5866948 0.8090976 0.01584404 0.3736875 0.9274194 0.01584404 0.3736874 0.9274194 0.01584416 0.3736874 0.9274194 0.01879119 0.3731977 0.9275615 0.01879119 0.3731977 0.9275616 0.01879113 0.3731978 0.9275616 0.01129084 0.2860693 0.9581425 0.01129084 0.2860693 0.9581424 0.01129078 0.2860693 0.9581424 9.80776e-4 0.1492426 0.9888002 9.80717e-4 0.1492426 0.9888002 9.80823e-4 0.1492426 0.9888002 0.02379745 0.4195882 0.9074026 0.02379739 0.4195883 0.9074026 0.02379721 0.4195882 0.9074026 0.01001667 0.2442852 0.9696518 0.01001673 0.2442852 0.9696518 0.01001685 0.2442851 0.9696518 0.02522367 0.4217503 0.9063611 0.02522361 0.4217503 0.9063611 0.02522361 0.4217503 0.9063612 0.02208334 0.3793689 0.924982 0.0220834 0.3793689 0.9249819 0.02208334 0.3793689 0.9249819 0.04788982 0.6733259 0.7377932 0.04788982 0.673326 0.7377932 0.04788982 0.6733259 0.7377932 0.03971236 0.5691485 0.8212753 0.03971242 0.5691485 0.8212753 0.0397123 0.5691484 0.8212754 0.05535519 0.7423848 0.667683 0.05535531 0.7423843 0.6676836 0.05535537 0.7423838 0.6676841 0.04538309 0.7431622 0.6675704 0.04540532 0.7431603 0.6675711 0.0454055 0.7431604 0.6675709 0.0662862 0.9582321 0.2782042 0.06628614 0.9582321 0.2782038 0.06628614 0.9582322 0.2782034 0.02781367 0.9659194 0.2573447 0.02781349 0.9659197 0.2573434 0.02781355 0.9659196 0.257344 -0.02220708 0.03825706 0.9990212 -0.02220708 0.03825706 0.9990212 -0.02220714 0.03825706 0.9990212 -0.02621608 -0.09370058 0.9952552 0.2420062 0.9541233 0.1763 0.2452631 0.9485822 0.2000944 0.1911551 0.959054 0.2089859 0.2058066 0.9188277 0.3367483 0.1488338 0.9247674 0.3502197 0.1503549 0.9144959 0.3756204 0.1503549 0.9144958 0.3756204 0.1503549 0.9144958 0.3756204 0.1048168 0.9155212 0.3883742 0.1048169 0.9155211 0.3883742 0.1048169 0.9155212 0.3883742 0.1047234 0.9007016 0.4216274 0.1047233 0.9007016 0.4216275 0.1047235 0.9007016 0.4216275 0.08050769 0.901006 0.4262708 0.08050787 0.9010059 0.4262708 0.08050775 0.901006 0.4262708 0.08444505 0.9733706 0.2131168 0.08444505 0.9733706 0.2131168 0.08444505 0.9733706 0.2131168 0.04709649 0.6671569 0.743427 0.04024219 0.6672702 0.7437279 0.008035182 0.3257175 0.9454331 0.004508852 0.3263883 0.9452251 0.004508852 0.3263883 0.9452251 0.004508852 0.3263883 0.9452251 -0.0172283 0.06437456 0.9977772 -0.01344561 0.06374979 0.9978753 -0.02888017 -0.1593143 0.9868054 -0.02628189 -0.1435361 0.9892961 -0.01686596 -0.07486122 0.9970514 -0.01683443 -0.07486641 0.9970515 -0.01671576 -0.08993947 0.995807 -0.02371859 -0.05197238 0.9983669 -0.02490001 -0.05178362 0.9983479 -0.02326899 -0.08288627 0.9962874 -0.0232436 -0.08289188 0.9962875 -0.02391588 -0.08357065 0.9962149 -0.02845788 -0.1431141 0.989297 -0.02574819 -0.08871585 0.9957242 -0.02311217 -0.08929997 0.9957366 -0.002719938 0.164489 0.9863752 -0.005876898 0.1649486 0.9862847 0.02107012 0.4701448 0.8823378 0.0230925 0.4699836 0.882373 0.05321639 0.7740141 0.6309281 0.05321639 0.7740141 0.630928 0.05321639 0.7740141 0.630928 0.06533843 0.773874 0.6299603 0.06533831 0.7738741 0.6299603 0.06533837 0.773874 0.6299602 0.0831477 0.9475937 0.3084684 0.08314764 0.9475938 0.3084684 0.08314764 0.9475936 0.3084684 0.1092026 0.9468619 0.3025352 0.1092026 0.9468619 0.3025352 0.1092026 0.9468619 0.3025352 0.1056444 0.9772068 0.1841363 0.1056444 0.9772068 0.1841363 0.1056444 0.9772068 0.1841363 0.1013689 0.9924331 0.06928902 0.08959352 0.9933495 0.07231724 0.08890879 0.9852588 0.146152 0.08890879 0.9852588 0.146152 0.08890867 0.9852588 0.146152 0.08382028 0.9855397 0.1472607 0.08382022 0.9855397 0.1472605 0.0838201 0.9855397 0.1472606 0.07828521 0.9368245 0.3409272 0.07828521 0.9368245 0.3409272 0.07828521 0.9368245 0.3409272 0.07626247 0.9368001 0.3414523 0.07626253 0.9368001 0.3414524 0.07626253 0.9368001 0.3414523 0.06275725 0.8026136 0.593189 0.06275725 0.8026136 0.593189 0.06275719 0.8026136 0.5931888 0.0642516 0.8024013 0.5933159 0.06425166 0.8024013 0.593316 0.06425166 0.8024014 0.593316 0.07786768 0.9315388 0.3552074 0.07786768 0.9315387 0.3552074 0.07786768 0.9315388 0.3552075 0.07238852 0.8673912 0.4923338 0.07238835 0.8673912 0.4923337 0.07238858 0.8673912 0.4923337 0.08564281 0.9845635 0.1526434 0.08564263 0.9845635 0.1526434 0.08564257 0.9845635 0.1526434 0.08601605 0.9878448 0.1294757 0.08601599 0.9878448 0.1294756 0.08601582 0.9878449 0.1294757 0.08302801 0.9645264 0.2505897 0.08302795 0.9645265 0.2505895 0.08302819 0.9645265 0.2505893 0.07962578 0.9648556 0.2504264 0.07962572 0.9648556 0.2504264 0.07962572 0.9648556 0.2504265 0.08331739 0.9931681 0.08170294 0.08331745 0.9931681 0.08170258 0.08331769 0.9931681 0.08170318 0.06169354 0.6836212 -0.7272249 0.0616936 0.6836215 -0.7272247 0.06171756 0.6836197 -0.7272243 0.08146053 0.9567239 -0.2793627 0.08146035 0.9567239 -0.2793627 0.08146047 0.9567239 -0.2793627 0.06054526 0.6853729 -0.725671 0.06054532 0.6853728 -0.725671 0.06054532 0.6853728 -0.725671 0.09907096 -0.3029357 0.9478476 -0.02040857 -0.1572959 0.9873406 0.0976879 -0.3025491 0.9481145 -0.0389496 -0.2586739 0.9651792 -0.02194994 -0.135006 0.9906017 -0.02286469 -0.1318323 0.9910084 -0.03496617 -0.1299726 0.9909009 -0.02286309 -0.1318223 0.9910098 -0.02468985 -0.1345389 0.9906008 -0.01711201 -0.1743638 0.9845327 -0.01947575 -0.1704593 0.9851723 -0.01251453 -0.1963333 0.9804574 -0.02156889 -0.1945396 0.9806575 -0.01153618 -0.2363227 0.9716061 -0.02925449 -0.2323911 0.9721824 -0.007791996 -0.1480179 0.9889541 -0.0172497 -0.1708641 0.9851436 -0.01330983 -0.136222 0.990589 -0.02227693 -0.1480437 0.98873 -0.03776168 -0.190527 0.9809554 -0.03776299 -0.1905277 0.9809553 -0.03363883 -0.1606482 0.9864383 -0.02785426 -0.1846038 0.9824182 -0.02784949 -0.1846039 0.9824184 0.2074732 0.9751305 0.07794564 0.1832395 0.3434722 0.9211136 0.1955643 0.478348 0.8561179 0.2452217 0.4128314 0.8771754 0.1732598 -0.0080747 0.9848431 0.1732598 -0.0080747 0.9848431 0.1732599 -0.0080747 0.9848431 0.2023261 0.1775079 0.9630967 0.1481581 0.1931724 0.9699143 0.1383848 0.02268642 0.9901187 0.07901298 0.03433597 0.9962822 0.0776695 -0.07083755 0.9944594 0.00971955 -0.06077021 0.9981045 0.01238411 -0.1323933 0.99112 -0.04214292 -0.1223697 0.9915894 -0.03748649 -0.1760613 0.9836652 -0.05503672 -0.1724987 0.983471 0.1518201 0.9179812 0.3664166 0.1518254 0.9179829 0.3664101 0.1380207 0.5821698 0.801267 0.1526917 0.5813297 0.7992128 0.04216247 0.1841734 0.9819891 0.05603963 0.5647546 0.8233541 0.05603563 0.5647608 0.8233501 0.1727323 0.2928019 0.9404417 0.1190035 0.3007826 0.9462389 0.09960907 0.1422306 0.9848089 0.03928011 0.1476975 0.9882524 0.02354562 0.01259964 0.9996435 -0.01810634 0.01870095 0.9996612 -0.03027254 -0.04278659 0.9986255 -0.05593043 -0.2550078 0.9653201 -0.05254578 -0.2626283 0.9634653 -0.04570537 -0.2641254 0.9634048 -0.04490876 -0.2662369 0.962861 -0.002510845 -0.2753681 0.9613356 -0.003713667 -0.2712056 0.9625144 0.04830425 -0.2816789 0.9582921 0.04260367 -0.2519896 0.9667917 0.08513617 -0.2622537 0.9612362 0.07549989 -0.1458588 0.9864203 0.1053432 -0.1551464 0.9822589 0.1396056 -0.09911334 0.9852344 0.1732541 -0.008141636 0.9848435 0.1732246 -0.008258044 0.9848477 0.1732246 -0.008258044 0.9848477 0.1732246 -0.008258044 0.9848478 -0.02001363 -0.3045621 0.9522823 -2.99286e-4 -0.3234148 0.9462573 -0.03052842 -0.3168421 0.9479869 0.00817424 -0.3723095 0.9280726 -0.02022588 -0.3673455 0.9298647 0.03029501 -0.4406548 0.8971653 0.0166065 -0.4378991 0.8988708 0.03504222 -0.4678775 0.8830984 -0.00836873 -0.5009903 0.8654124 0.01597517 -0.4819625 0.8760462 0.06124067 -0.4820289 0.8740125 0.06123405 -0.4820286 0.8740131 0.0426765 -0.4965209 0.8669751 0.06588405 -0.5230153 0.8497731 -0.008410573 -0.5009791 0.8654186 0.01426696 -0.2733281 0.9618151 0.02350646 -0.4082657 0.9125606 0.00186181 -0.4010425 0.9160577 0.02826142 -0.4301757 0.9023027 -0.008731544 -0.4434836 0.89624 -0.008719742 -0.4434874 0.8962382 -0.001462996 -0.1749801 0.984571 -0.008347153 -0.1738711 0.9847331 -0.01008808 -0.1467578 0.989121 -0.01270335 -0.147191 0.9890266 0.2539303 0.7577376 0.6011267 0.2174683 0.9730483 0.07671076 0.2678737 0.7539705 0.5998101 0.2678738 0.7539705 0.5998101 0.2513067 0.4638266 0.8495351 0.2588806 0.7564369 0.6006531 0.245213 0.4127752 0.8772042 -0.02226674 -0.1480458 0.9887298 -0.01953393 -0.1641072 0.9862491 -0.02198141 -0.163616 0.9862793 -0.02068418 -0.1642314 0.986205 -0.03055316 -0.2101092 0.9772005 -0.02848798 -0.2105733 0.9771629 -0.0374993 -0.2459223 0.9685639 0.09768229 -0.3025835 0.9481042 0.09794968 -0.3053295 0.9471958 0.04511213 -0.2876552 0.956671 0.07121121 -0.3594217 0.9304543 0.024109 -0.3446838 0.9384093 0.04246729 -0.423662 0.9048244 0.0408563 -0.4232505 0.9050911 0.03475564 -0.4070059 0.9127642 0.01380544 -0.402392 0.9153634 -0.003301739 -0.3662472 0.9305117 -0.02084702 -0.362313 0.9318234 -0.04218882 -0.3243686 0.9449895 -0.02918636 -0.327259 0.9444839 -0.05078864 -0.2924022 0.9549458 -0.0205236 -0.2989235 0.9540565 -0.03850436 -0.2706531 0.9619066 -0.001980781 -0.2784163 0.9604585 -0.001415789 -0.1801486 0.9836384 -0.001419901 -0.1801481 0.9836385 -0.006788074 -0.1832504 0.9830428 0.007034659 -0.1957637 0.980626 -0.0125252 -0.192282 0.9812599 0.006650686 -0.223186 0.9747533 0.006642043 -0.2231841 0.9747537 0.02052938 -0.2710213 0.9623544 0.02058464 -0.271037 0.9623489 -0.002233564 -0.268806 0.9631918 0.01326227 -0.2906619 0.956734 0.01324951 -0.2906591 0.956735 0.02083069 -0.2198197 0.9753181 -0.003697097 -0.2319634 0.9727176 -0.01190847 -0.2524403 0.9675392 -0.01909589 -0.2508578 0.9678356 -0.0191062 -0.2531962 0.9672263 -0.04417192 -0.2477965 0.9678047 -0.04342496 -0.2058867 0.977612 -0.0510261 -0.2042891 0.9775798 -0.04438978 -0.04844683 0.997839 -0.02882462 -0.05119705 0.9982726</float_array>
          <technique_common>
            <accessor source="#EPP1045_B-mesh-normals-array" count="6152" stride="3">
              <param name="X" type="float"/>
              <param name="Y" type="float"/>
              <param name="Z" type="float"/>
            </accessor>
          </technique_common>
        </source>
        <vertices id="EPP1045_B-mesh-vertices">
          <input semantic="POSITION" source="#EPP1045_B-mesh-positions"/>
        </vertices>
        <triangles count="4374">
          <input semantic="VERTEX" source="#EPP1045_B-mesh-vertices" offset="0"/>
          <input semantic="NORMAL" source="#EPP1045_B-mesh-normals" offset="1"/>
          <p>0 0 1 0 2 0 3 1 4 1 5 1 5 2 4 2 6 2 5 1 6 1 2 1 2 1 6 1 7 1 2 1 7 1 0 1 8 1 9 1 3 1 3 3 9 3 10 3 3 4 10 4 4 4 11 1 12 1 13 1 14 5 15 5 16 5 17 1 18 1 16 1 16 1 18 1 19 1 16 1 19 1 14 1 20 6 21 6 17 6 17 1 21 1 22 1 17 1 22 1 18 1 13 1 23 1 11 1 11 7 23 7 24 7 11 1 24 1 8 1 8 8 24 8 25 8 8 9 25 9 9 9 26 1 27 1 28 1 28 10 27 10 29 10 28 11 29 11 12 11 12 12 29 12 30 12 12 13 30 13 13 13 14 1 31 1 15 1 15 1 31 1 32 1 15 14 32 14 26 14 26 15 32 15 33 15 26 16 33 16 27 16 34 1 35 1 36 1 36 17 35 17 37 17 36 18 37 18 38 18 39 1 40 1 34 1 34 19 40 19 41 19 34 20 41 20 35 20 37 1 42 1 38 1 38 21 42 21 43 21 38 1 43 1 20 1 20 22 43 22 44 22 20 23 44 23 21 23 45 1 46 1 39 1 39 1 46 1 47 1 39 1 47 1 40 1 48 1 49 1 45 1 45 24 49 24 50 24 45 25 50 25 46 25 0 1 51 1 1 1 1 1 51 1 52 1 1 1 52 1 53 1 53 1 52 1 54 1 53 1 54 1 48 1 48 1 54 1 55 1 48 1 55 1 49 1 56 26 57 26 1 26 1 27 57 27 2 27 57 28 58 28 2 28 2 29 58 29 59 29 2 30 59 30 5 30 5 31 59 31 60 31 5 32 60 32 3 32 3 33 60 33 61 33 3 34 61 34 8 34 8 35 61 35 62 35 8 36 62 36 11 36 11 37 62 37 63 37 11 38 63 38 12 38 12 39 63 39 64 39 12 39 64 39 28 39 28 40 64 40 65 40 28 41 65 41 26 41 26 42 65 42 66 42 26 43 66 43 15 43 15 44 66 44 67 44 15 45 67 45 16 45 16 46 67 46 68 46 16 47 68 47 17 47 17 48 68 48 69 48 17 48 69 48 20 48 20 49 69 49 70 49 20 50 70 50 38 50 38 51 70 51 71 51 38 51 71 51 36 51 36 52 71 52 72 52 36 53 72 53 34 53 34 54 72 54 73 54 34 54 73 54 39 54 39 55 73 55 74 55 39 56 74 56 45 56 45 57 74 57 75 57 45 58 75 58 48 58 48 59 75 59 56 59 48 59 56 59 53 59 53 26 56 26 1 26 76 60 77 60 51 60 51 61 77 61 52 61 77 62 78 62 52 62 52 63 78 63 79 63 52 64 79 64 54 64 54 65 79 65 80 65 54 66 80 66 55 66 55 67 80 67 81 67 55 67 81 67 49 67 49 68 81 68 82 68 49 69 82 69 50 69 50 70 82 70 83 70 50 71 83 71 46 71 46 72 83 72 84 72 46 72 84 72 47 72 47 73 84 73 85 73 47 74 85 74 40 74 40 75 85 75 86 75 40 76 86 76 41 76 41 77 86 77 87 77 41 77 87 77 35 77 35 78 87 78 88 78 35 79 88 79 37 79 37 80 88 80 89 80 37 80 89 80 42 80 42 81 89 81 90 81 42 82 90 82 43 82 43 83 90 83 91 83 43 84 91 84 44 84 44 85 91 85 92 85 44 86 92 86 21 86 21 87 92 87 93 87 21 88 93 88 22 88 22 89 93 89 94 89 22 90 94 90 18 90 18 91 94 91 95 91 18 92 95 92 19 92 19 93 95 93 96 93 19 94 96 94 14 94 14 95 96 95 97 95 14 96 97 96 31 96 31 97 97 97 98 97 31 98 98 98 32 98 32 99 98 99 99 99 32 100 99 100 33 100 33 101 99 101 100 101 33 102 100 102 27 102 27 103 100 103 101 103 27 104 101 104 29 104 29 105 101 105 102 105 29 105 102 105 30 105 30 106 102 106 103 106 30 107 103 107 13 107 13 108 103 108 104 108 13 108 104 108 23 108 23 109 104 109 105 109 23 110 105 110 24 110 24 111 105 111 106 111 24 112 106 112 25 112 25 113 106 113 107 113 25 113 107 113 9 113 9 114 107 114 108 114 9 115 108 115 10 115 10 116 108 116 109 116 10 117 109 117 4 117 4 118 109 118 110 118 4 118 110 118 6 118 6 119 110 119 111 119 6 120 111 120 7 120 7 121 111 121 76 121 7 122 76 122 0 122 0 123 76 123 51 123 112 124 113 124 114 124 114 125 113 125 115 125 114 126 115 126 116 126 116 127 115 127 117 127 116 128 117 128 118 128 118 128 117 128 119 128 118 129 119 129 120 129 120 129 119 129 121 129 66 130 119 130 67 130 67 130 119 130 117 130 67 130 117 130 68 130 68 131 117 131 69 131 66 130 65 130 119 130 119 132 65 132 64 132 119 130 64 130 121 130 121 133 64 133 63 133 63 134 62 134 121 134 121 135 62 135 61 135 121 136 61 136 122 136 122 137 61 137 60 137 60 130 59 130 122 130 122 130 59 130 58 130 122 138 58 138 113 138 113 130 58 130 57 130 113 139 57 139 56 139 73 130 115 130 74 130 74 130 115 130 113 130 74 130 113 130 75 130 75 130 113 130 56 130 73 130 72 130 115 130 115 140 72 140 71 140 115 141 71 141 117 141 117 130 71 130 70 130 117 130 70 130 69 130 123 142 122 142 112 142 112 142 122 142 113 142 124 143 125 144 126 145 126 146 125 147 123 148 126 149 123 150 112 151 126 152 127 152 124 152 124 153 127 153 128 153 124 154 128 155 129 156 129 157 128 157 130 157 130 158 131 159 129 160 129 161 131 162 132 163 129 164 132 165 133 166 134 167 127 168 114 168 114 169 127 170 126 171 114 172 126 172 112 173 134 174 135 175 127 176 127 177 135 177 136 178 127 179 136 179 128 179 128 180 136 181 137 182 128 183 137 184 130 185 130 186 137 186 138 186 130 187 138 188 131 189 131 190 138 190 139 190 131 191 139 191 132 191 114 192 116 193 140 194 141 195 135 196 140 196 140 197 135 198 134 199 140 200 134 201 114 202 138 203 137 204 141 205 141 206 137 207 136 207 141 208 136 209 135 210 141 211 142 212 138 213 138 214 142 214 143 214 138 215 143 215 139 215 116 216 118 216 144 216 116 217 144 217 140 217 140 218 144 219 145 220 140 221 145 222 141 223 141 224 145 225 146 226 141 227 146 228 142 229 142 230 146 230 147 230 142 231 147 232 143 233 118 234 120 235 148 236 118 237 148 238 144 239 144 240 148 241 149 240 144 242 149 243 145 244 145 245 149 245 150 245 145 246 150 246 146 247 146 248 150 249 151 250 146 251 151 251 147 251 120 252 121 252 123 252 123 253 121 253 122 253 91 130 90 130 143 130 86 130 139 130 87 130 87 130 139 130 88 130 99 130 98 130 147 130 105 130 104 130 151 130 151 254 104 254 103 254 143 130 90 130 139 130 139 255 90 255 89 255 139 256 89 256 88 256 94 257 93 257 143 257 143 130 93 130 92 130 143 130 92 130 91 130 111 130 110 130 133 130 133 258 110 258 109 258 82 259 81 259 132 259 132 260 81 260 80 260 132 261 80 261 79 261 79 130 78 130 132 130 132 262 78 262 77 262 132 263 77 263 133 263 133 130 77 130 76 130 133 264 76 264 111 264 86 130 85 130 139 130 139 265 85 265 84 265 139 130 84 130 132 130 132 130 84 130 83 130 132 130 83 130 82 130 98 266 97 266 147 266 147 130 97 130 96 130 147 267 96 267 143 267 143 130 96 130 95 130 143 130 95 130 94 130 109 130 108 130 133 130 133 268 108 268 107 268 133 269 107 269 151 269 151 130 107 130 106 130 151 270 106 270 105 270 103 130 102 130 151 130 151 256 102 256 101 256 151 130 101 130 147 130 147 271 101 271 100 271 147 272 100 272 99 272 120 273 123 273 125 274 120 275 125 276 148 277 148 278 125 279 124 280 148 281 124 282 149 283 149 284 124 285 129 286 149 287 129 287 150 287 150 288 129 289 133 290 150 291 133 292 151 293 152 294 153 295 154 296 152 297 154 298 155 299 156 300 157 301 154 302 154 303 157 304 158 305 154 306 158 307 155 308 159 309 160 310 154 311 154 312 160 313 161 314 154 315 161 316 156 317 162 318 163 319 154 320 154 321 163 322 164 323 154 324 164 325 159 326 165 327 166 328 167 329 168 330 169 331 167 332 167 333 169 334 170 335 167 336 170 337 165 338 171 339 172 340 167 341 167 342 172 343 173 344 167 345 173 346 168 347 174 348 175 349 167 350 167 351 175 352 176 353 167 354 176 355 171 356 177 357 178 357 179 357 180 358 181 358 182 358 183 359 184 359 185 359 186 360 187 360 188 360 189 361 190 361 191 361 191 362 190 362 192 362 193 363 194 363 195 363 195 364 194 364 196 364 195 365 196 365 197 365 198 366 199 366 200 366 201 367 202 367 203 367 203 368 202 368 204 368 203 369 204 369 189 369 205 370 206 370 207 370 207 371 206 371 208 371 207 372 208 372 209 372 210 373 211 373 212 373 212 374 211 374 213 374 213 375 214 375 205 375 205 376 214 376 215 376 205 377 215 377 206 377 210 378 212 378 216 378 216 379 212 380 217 381 216 382 217 382 218 382 219 383 220 383 217 383 217 384 220 384 221 384 217 385 221 386 218 387 222 388 223 388 224 388 222 389 224 389 188 389 188 390 224 390 225 390 188 391 225 391 186 391 226 392 227 392 228 392 228 393 227 393 229 393 228 394 229 394 222 394 222 395 229 395 230 395 222 396 230 396 223 396 184 397 231 397 185 397 185 398 231 399 232 400 185 401 232 401 228 401 228 402 232 402 233 402 228 403 233 403 226 403 182 404 181 404 185 404 185 405 181 405 234 405 185 406 234 407 183 408 235 409 236 409 237 409 237 410 236 410 238 410 180 411 182 411 239 411 239 412 182 412 240 412 239 413 240 413 241 413 241 414 240 414 237 414 241 415 237 415 242 415 242 416 237 416 238 416 242 417 238 417 243 417 244 418 245 418 246 418 246 419 245 419 247 419 248 420 249 420 250 420 250 421 249 421 251 421 250 422 251 422 252 422 252 423 251 423 253 423 254 424 255 424 256 424 256 425 255 425 257 425 256 426 257 426 258 426 258 427 257 427 259 427 258 428 259 428 260 428 261 429 262 429 263 429 263 430 262 430 264 430 265 431 266 431 267 431 267 432 266 433 268 434 267 435 268 436 269 437 270 438 271 438 272 438 272 439 271 440 273 441 272 442 273 442 267 442 267 443 273 443 274 443 267 444 274 444 265 444 270 445 272 445 275 445 275 446 272 446 276 446 275 447 276 447 277 447 277 448 276 448 278 448 278 449 276 449 279 449 278 450 279 450 280 450 281 451 282 451 279 451 279 452 282 452 283 452 279 453 283 453 280 453 284 454 285 454 281 454 281 455 285 455 286 455 281 456 286 456 282 456 287 457 288 457 284 457 284 458 288 458 289 458 284 459 289 459 285 459 290 460 291 460 292 460 292 461 291 461 293 461 294 462 295 462 296 462 296 463 295 463 297 463 294 464 298 464 295 464 295 465 298 465 299 465 295 466 299 466 300 466 301 467 302 467 303 467 303 468 302 468 304 468 303 469 304 469 305 469 306 470 307 470 308 470 308 471 307 471 309 471 308 472 309 472 303 472 303 473 309 473 310 473 303 474 310 474 301 474 311 475 312 475 253 475 249 476 244 477 251 478 251 479 244 479 246 479 251 480 246 480 253 480 253 481 246 481 313 481 253 482 313 482 311 482 311 483 314 483 312 483 312 484 314 484 315 484 312 485 315 485 316 485 316 486 315 486 317 486 316 487 317 487 318 487 260 488 252 488 258 488 258 489 252 489 253 489 258 490 253 490 256 490 256 491 253 491 312 491 256 492 312 492 254 492 254 493 312 493 316 493 264 494 319 495 263 496 263 497 319 497 320 497 263 498 320 498 321 498 321 499 320 499 322 499 321 500 322 500 323 500 319 501 255 501 320 501 320 502 255 502 254 502 320 503 254 503 322 503 322 504 254 504 316 504 322 505 316 505 323 505 323 506 316 506 318 506 323 507 318 507 324 507 324 508 318 508 325 508 290 509 287 509 291 509 291 510 287 510 284 510 291 511 284 511 326 511 326 512 284 512 281 512 326 513 281 513 327 513 327 514 281 514 279 514 327 515 279 515 328 515 328 516 279 516 276 516 328 517 276 517 329 517 329 518 276 518 272 518 329 519 272 519 330 519 330 520 272 520 267 520 330 521 267 521 331 521 331 522 267 522 269 522 332 523 333 523 334 523 334 524 333 524 335 524 334 525 335 525 336 525 336 526 335 526 337 526 336 527 337 527 338 527 338 528 337 528 339 528 338 529 339 529 325 529 325 530 339 530 340 530 325 531 340 531 324 531 333 532 293 532 335 532 335 533 293 533 291 533 335 534 291 534 337 534 337 535 291 535 326 535 337 536 326 536 339 536 339 537 326 537 327 537 339 538 327 538 340 538 340 539 327 539 328 539 340 540 328 540 324 540 324 541 328 541 329 541 324 542 329 542 323 542 323 543 329 543 330 543 323 544 330 544 321 544 321 545 330 545 331 545 321 546 331 546 263 546 263 547 331 547 269 547 263 548 269 548 261 548 341 549 342 549 343 549 343 550 342 550 344 550 343 551 344 551 195 551 195 552 344 552 345 552 195 553 345 553 193 553 193 554 345 554 346 554 193 555 346 556 347 557 303 558 341 558 308 558 308 559 341 559 343 559 308 560 343 560 306 560 306 561 343 561 195 561 306 562 195 562 348 562 348 563 195 563 197 563 349 564 350 564 351 564 189 565 191 565 203 565 203 566 191 566 352 566 203 567 352 567 201 567 199 568 347 568 200 568 200 569 347 570 346 571 200 572 346 572 353 572 353 573 346 573 345 573 353 574 345 574 354 574 354 575 345 575 344 575 354 576 344 576 355 576 355 577 344 577 342 577 355 578 342 578 356 578 356 579 342 579 341 579 356 580 341 580 357 580 357 581 341 581 303 581 357 582 303 582 300 582 300 583 303 583 305 583 300 584 305 584 295 584 295 585 305 585 358 585 295 586 358 586 297 586 198 587 200 587 192 587 192 588 200 588 353 588 192 589 353 589 191 589 191 590 353 590 354 590 191 591 354 591 352 591 352 592 354 592 355 592 352 593 355 593 359 593 359 594 355 594 356 594 359 595 356 595 332 595 332 596 356 596 357 596 332 597 357 597 333 597 333 598 357 598 300 598 333 599 300 599 293 599 293 600 300 600 299 600 293 601 299 601 292 601 185 602 360 602 182 602 182 603 360 603 361 603 182 604 361 604 240 604 240 605 361 605 362 605 240 606 362 606 237 606 237 607 362 607 179 607 237 608 179 608 235 608 235 609 179 609 178 609 351 610 350 610 363 610 363 611 350 611 364 611 363 612 364 612 365 612 365 613 364 613 366 613 365 614 366 614 188 614 188 615 366 615 367 615 188 616 367 616 222 616 222 617 367 617 368 617 222 618 368 618 228 618 228 619 368 619 369 619 228 620 369 620 185 620 185 621 369 621 370 621 185 622 370 622 360 622 187 623 219 623 188 623 188 624 219 624 217 624 188 625 217 625 365 625 365 626 217 626 212 626 365 627 212 627 363 627 363 628 212 628 213 628 363 629 213 629 351 629 351 630 213 630 205 630 351 631 205 631 349 631 349 632 205 632 207 632 247 633 177 633 246 633 246 634 177 634 179 634 246 635 179 635 313 635 313 636 179 636 362 636 313 637 362 637 311 637 311 638 362 638 361 638 311 639 361 639 314 639 314 640 361 640 360 640 314 641 360 641 315 641 315 642 360 642 370 642 315 643 370 643 317 643 317 644 370 644 369 644 317 645 369 645 318 645 318 646 369 646 368 646 318 647 368 647 325 647 325 648 368 648 367 648 325 649 367 649 338 649 338 650 367 650 366 650 338 651 366 651 336 651 336 652 366 652 364 652 336 653 364 653 334 653 334 654 364 654 350 654 334 655 350 655 332 655 332 656 350 656 349 656 332 657 349 657 359 657 359 658 349 658 207 658 359 659 207 659 352 659 352 660 207 660 209 660 352 661 209 661 201 661 371 662 372 662 373 662 374 663 375 663 376 663 377 664 378 664 379 664 380 665 381 665 382 665 382 666 381 666 383 666 384 667 385 667 386 667 387 668 388 668 389 668 372 669 371 669 390 669 391 670 392 670 393 670 394 671 387 671 395 671 395 672 387 672 389 672 395 673 389 673 396 673 388 674 397 674 398 674 398 675 397 675 399 675 398 676 399 676 400 676 393 677 390 677 391 677 391 678 390 678 371 678 391 679 371 679 401 679 401 680 371 680 400 680 401 681 400 681 402 681 402 682 400 682 399 682 403 683 385 683 404 683 404 684 385 684 384 684 404 685 384 685 405 685 405 686 384 686 406 686 407 687 406 687 408 687 408 688 406 688 384 688 408 689 384 689 409 689 409 690 384 690 386 690 409 691 386 691 410 691 411 692 412 692 413 692 414 693 415 693 416 693 416 694 415 695 417 694 416 696 417 696 418 696 418 697 417 697 419 697 418 698 419 698 413 698 413 699 419 699 420 699 413 700 420 700 411 700 411 701 421 701 412 701 412 702 421 702 422 702 412 703 422 703 423 703 423 704 422 704 424 704 423 705 424 705 425 705 378 706 426 706 379 706 379 707 426 707 427 707 379 708 427 708 428 708 428 709 427 709 429 709 428 710 429 710 430 710 430 711 429 711 431 711 430 712 431 712 432 712 432 713 431 713 433 713 432 714 433 714 434 714 434 715 433 715 435 715 434 716 435 716 436 716 436 717 435 717 437 717 436 718 437 718 438 718 438 719 437 719 439 719 438 720 439 720 440 720 381 721 440 721 383 721 383 722 440 722 439 722 383 723 439 723 441 723 441 724 439 724 437 724 441 725 437 725 425 725 425 726 437 726 435 726 425 727 435 727 423 727 423 728 435 728 433 728 423 729 433 730 412 729 412 731 433 731 431 731 412 732 431 732 413 732 413 733 431 733 429 733 413 734 429 734 418 734 418 735 429 736 427 737 418 738 427 739 416 740 442 741 382 741 443 741 443 742 382 742 383 742 443 743 383 743 444 743 444 744 383 744 441 744 444 745 441 745 445 745 445 746 441 746 425 746 445 747 425 747 446 747 446 748 425 748 424 748 447 749 448 749 449 749 449 750 448 750 450 750 450 751 377 752 449 753 449 754 377 754 379 754 449 755 379 755 451 755 451 756 379 756 428 756 451 757 428 757 452 757 452 758 428 758 430 758 452 759 430 759 453 759 453 760 430 760 432 760 453 761 432 761 454 761 454 762 432 762 434 762 454 763 434 763 455 763 455 764 434 764 436 764 455 765 436 765 456 765 456 766 436 766 438 766 456 767 438 767 457 767 457 768 438 768 440 768 457 769 440 769 458 769 458 770 440 770 381 770 458 771 381 771 459 771 459 772 381 772 380 772 376 773 460 773 374 773 374 774 460 774 461 774 374 775 461 775 462 775 462 776 461 776 463 776 462 777 463 777 464 777 464 778 463 778 465 778 464 779 465 779 466 779 466 780 465 780 467 780 468 781 469 781 470 781 470 782 469 782 471 782 470 783 471 783 472 783 467 784 473 784 466 784 466 785 473 785 474 785 466 786 474 786 475 786 475 787 474 788 476 789 475 790 476 790 468 790 468 791 476 791 477 791 468 792 477 792 469 792 471 793 478 793 479 793 388 794 398 794 389 794 389 795 398 795 480 795 389 796 480 796 396 796 373 797 481 797 371 797 371 798 481 798 482 798 371 799 482 799 400 799 400 800 482 800 483 800 400 801 483 801 398 801 398 802 483 802 484 802 398 803 484 803 480 803 485 804 414 804 486 804 486 805 414 805 416 805 486 806 416 807 487 808 487 809 416 809 427 809 487 810 427 811 488 812 488 813 427 813 426 813 403 814 489 814 385 814 385 815 489 815 394 815 385 816 394 816 386 816 386 817 394 817 395 817 386 818 395 818 410 818 471 819 479 819 472 819 472 820 479 820 490 820 472 821 490 821 491 821 491 822 447 822 472 822 472 823 447 823 449 823 472 824 449 824 470 824 470 825 449 825 451 825 470 826 451 826 468 826 468 827 451 827 452 827 468 828 452 828 475 828 475 829 452 829 453 829 475 830 453 830 466 830 466 831 453 831 454 831 466 832 454 832 464 832 464 833 454 833 455 833 464 834 455 834 462 834 462 835 455 835 456 835 462 836 456 836 374 836 374 837 456 837 457 837 374 838 457 838 375 838 375 839 457 839 458 839 375 840 458 840 492 840 492 841 458 841 459 841 492 842 459 842 493 842 494 843 495 843 493 843 493 844 495 844 496 844 493 845 496 845 492 845 492 846 496 846 497 846 492 847 497 847 375 847 375 848 497 848 498 848 375 849 498 849 376 849 396 850 494 850 395 850 395 851 494 851 493 851 395 852 493 852 410 852 410 853 493 853 459 853 410 854 459 854 409 854 409 855 459 855 380 855 409 856 380 856 408 856 408 857 380 857 382 857 408 858 382 858 407 858 407 859 382 859 442 859 499 860 500 860 501 860 502 861 503 862 504 863 505 864 506 864 507 864 508 865 509 865 510 865 511 866 512 867 513 868 512 869 511 870 514 870 515 871 516 872 517 873 518 874 519 875 520 876 521 877 522 878 523 879 524 880 525 880 526 880 526 881 525 882 527 883 528 884 525 885 529 886 529 887 525 888 530 889 528 890 531 891 525 892 525 893 531 894 532 895 525 896 532 897 527 898 533 899 534 900 535 901 535 902 534 903 536 904 535 905 536 905 537 905 537 906 536 906 538 906 537 907 538 908 525 909 539 910 535 910 540 910 540 911 535 911 537 911 540 912 537 912 541 912 541 913 537 913 525 913 541 914 525 915 542 916 542 917 525 917 524 917 543 918 544 919 545 920 545 921 544 921 546 921 545 922 546 922 547 922 548 923 549 923 550 923 550 924 549 924 551 924 552 925 553 925 554 925 554 926 553 926 555 926 554 927 555 928 556 929 556 930 555 931 557 932 558 933 557 934 559 935 559 936 557 937 555 938 559 939 555 939 560 939 560 940 555 940 553 941 561 942 558 942 562 942 562 943 558 944 559 945 562 946 559 947 563 948 563 949 559 950 560 951 563 952 560 953 564 954 564 955 560 956 553 955 564 957 553 957 565 957 565 958 553 959 552 960 565 961 552 962 566 963 567 964 568 964 551 964 551 965 568 966 569 967 517 968 570 969 571 970 571 971 570 972 572 973 571 974 572 975 573 976 520 977 574 978 518 979 518 980 574 981 575 982 518 983 575 984 576 985 576 986 575 987 577 988 576 989 577 990 578 991 519 992 518 993 579 994 579 995 518 996 576 997 579 998 576 999 580 1000 580 1001 576 1002 578 1003 580 1004 578 1005 581 1006 517 1007 516 1008 570 1009 570 1010 516 1011 582 1012 570 1013 582 1014 572 1015 583 1016 584 1016 585 1016 583 1017 585 1017 586 1017 585 1018 587 1018 586 1018 586 1019 587 1019 588 1019 586 1020 588 1020 589 1020 589 1021 588 1021 590 1021 589 1022 590 1022 513 1022 500 1023 508 1023 501 1023 501 1024 508 1025 510 1026 501 1027 510 1028 591 1029 591 1030 510 1031 592 1032 591 1033 592 1033 593 1033 593 1034 592 1034 583 1034 593 1035 583 1036 594 1037 594 1038 583 1038 586 1038 594 1039 586 1039 595 1039 595 1040 586 1040 589 1040 595 1041 589 1041 596 1041 596 1042 589 1042 513 1042 596 1043 513 1043 597 1044 597 1045 513 1045 512 1045 597 1046 512 1046 598 1046 598 1047 512 1048 514 1048 598 1049 514 1050 599 1049 599 1051 514 1051 600 1051 599 1052 600 1052 601 1052 590 1053 602 1053 513 1053 513 1054 602 1054 603 1054 513 1055 603 1055 511 1055 511 1056 603 1056 604 1056 511 1057 604 1057 605 1057 574 1058 601 1059 575 1060 575 1061 601 1062 600 1063 575 1064 600 1065 577 1066 577 1067 600 1068 514 1069 577 1070 514 1071 578 1072 578 1073 514 1073 511 1073 578 1074 511 1075 581 1076 581 1077 511 1078 605 1079 581 1080 605 1080 606 1080 442 1081 443 1081 607 1081 607 1082 443 1082 444 1082 607 1083 444 1084 608 1085 609 1086 610 1086 406 1086 572 1087 611 1087 610 1087 610 1088 611 1088 405 1088 610 1089 405 1089 406 1089 548 1090 611 1090 549 1090 549 1091 611 1091 572 1091 549 1092 572 1092 551 1092 551 1093 572 1094 612 1095 551 1096 612 1097 613 1096 613 1098 612 1099 522 1100 613 1101 522 1102 551 1103 551 1104 522 1105 521 1106 551 1107 521 1108 567 1109 506 1110 505 1111 614 1112 614 1113 505 1113 615 1113 614 1114 615 1115 616 1116 615 1117 617 1117 616 1117 616 1118 617 1118 618 1118 616 1119 618 1119 609 1119 609 1120 618 1121 619 1120 609 1122 619 1123 610 1124 610 1125 619 1125 620 1125 610 1126 620 1126 572 1126 444 1127 445 1127 608 1127 608 1128 445 1128 446 1128 608 1129 446 1129 621 1129 406 1130 407 1130 609 1130 609 1131 407 1131 442 1131 609 1132 442 1132 616 1132 616 1133 442 1134 607 1135 616 1136 607 1136 614 1136 614 1137 607 1137 608 1137 614 1138 608 1138 506 1138 506 1139 608 1139 621 1139 506 1140 621 1141 507 1142 622 1143 421 1144 411 1143 622 1145 411 1145 623 1145 421 1146 622 1146 422 1146 422 1147 622 1147 624 1147 422 1148 624 1148 424 1148 485 1149 625 1149 414 1149 414 1150 625 1150 626 1150 411 1151 420 1152 623 1153 623 1154 420 1155 419 1156 623 1157 419 1158 627 1159 627 1160 419 1160 417 1160 627 1161 417 1161 626 1161 626 1162 417 1162 415 1162 626 1163 415 1164 414 1165 446 1166 424 1166 621 1166 621 1167 424 1167 624 1167 621 1168 624 1168 507 1168 507 1169 624 1170 628 1171 507 1172 628 1173 505 1174 505 1175 628 1175 566 1175 505 1176 566 1176 615 1176 615 1177 566 1178 552 1179 615 1180 552 1181 617 1182 617 1183 552 1184 554 1185 617 1186 554 1187 618 1188 618 1189 554 1190 556 1191 618 1192 556 1193 619 1194 619 1195 556 1196 557 1197 619 1198 557 1199 620 1200 620 1201 557 1202 558 1203 620 1204 558 1205 572 1206 572 1207 558 1208 561 1209 542 1210 629 1211 541 1212 541 1213 629 1213 630 1213 541 1214 630 1214 631 1214 539 1215 399 1215 397 1215 397 1216 545 1216 539 1216 539 1217 545 1217 547 1217 539 1218 547 1218 535 1218 535 1219 547 1220 632 1221 535 1222 632 1223 533 1224 399 1225 539 1225 402 1225 402 1226 539 1226 540 1226 402 1227 540 1227 401 1227 401 1228 540 1228 541 1228 401 1229 541 1229 391 1229 391 1230 541 1230 631 1230 391 1231 631 1231 392 1231 584 1232 583 1232 633 1232 633 1233 583 1233 592 1233 633 1234 592 1234 634 1234 634 1235 592 1235 510 1235 634 1236 510 1236 504 1236 504 1237 510 1237 509 1237 504 1238 509 1238 502 1238 569 1239 635 1240 551 1241 551 1242 635 1243 636 1244 551 1245 636 1245 550 1245 550 1246 636 1246 637 1246 550 1247 637 1247 543 1247 543 1248 637 1248 638 1248 543 1249 638 1249 544 1249 625 1250 499 1250 626 1250 626 1251 499 1251 501 1251 626 1252 501 1252 627 1252 627 1253 501 1253 591 1253 627 1254 591 1255 623 1256 623 1257 591 1257 593 1257 623 1258 593 1258 622 1258 622 1259 593 1259 594 1259 622 1260 594 1260 624 1260 624 1261 594 1261 595 1261 624 1262 595 1262 628 1262 628 1263 595 1263 596 1263 628 1264 596 1264 566 1264 566 1265 596 1265 597 1265 566 1266 597 1266 565 1266 565 1267 597 1268 598 1269 565 1270 598 1271 564 1272 564 1273 598 1274 599 1275 564 1276 599 1277 563 1276 563 1278 599 1279 601 1280 563 1281 601 1282 562 1282 562 1283 601 1284 574 1285 562 1286 574 1287 561 1288 561 1289 574 1290 520 1291 561 1292 520 1293 572 1294 572 1295 520 1296 519 1297 572 1298 519 1299 573 1300 573 1301 519 1302 579 1303 573 1304 579 1305 571 1306 571 1307 579 1308 580 1309 571 1310 580 1311 517 1312 517 1313 580 1313 581 1313 517 1314 581 1315 515 1316 515 1317 581 1318 606 1319 397 1320 388 1320 545 1320 545 1321 388 1321 387 1321 545 1322 387 1322 543 1322 543 1323 387 1323 394 1323 543 1324 394 1324 550 1324 550 1325 394 1325 489 1325 550 1326 489 1326 548 1326 548 1327 489 1327 403 1327 548 1328 403 1328 611 1328 611 1329 403 1329 404 1329 611 1330 404 1330 405 1330 639 1331 640 1331 641 1331 642 1332 643 1332 644 1332 645 1333 646 1333 647 1333 648 1334 649 1334 650 1334 651 1335 530 1336 525 1337 652 1338 653 1338 654 1338 655 1339 656 1339 657 1339 655 1340 657 1340 658 1340 659 1341 660 1341 661 1341 661 1342 660 1342 662 1342 661 1343 662 1343 663 1343 664 1344 658 1344 665 1344 665 1345 658 1345 657 1345 665 1346 657 1346 666 1346 666 1347 657 1347 667 1347 666 1348 667 1348 668 1348 668 1349 667 1349 663 1349 668 1350 663 1350 669 1350 669 1351 663 1351 662 1351 670 1352 671 1352 672 1352 672 1353 671 1353 673 1353 673 1354 671 1354 674 1354 673 1355 674 1355 675 1355 672 1356 676 1356 670 1356 670 1357 676 1357 677 1357 670 1358 677 1358 678 1358 678 1359 677 1359 679 1359 678 1360 679 1360 680 1360 679 1361 681 1361 680 1361 680 1362 681 1362 682 1362 680 1363 682 1363 683 1363 683 1364 682 1364 684 1364 683 1365 684 1365 685 1365 685 1366 684 1366 686 1366 685 1367 686 1367 687 1367 635 1368 569 1369 688 1370 688 1371 569 1372 568 1373 568 1374 567 1375 689 1376 567 1377 521 1378 689 1379 689 1380 521 1381 523 1382 689 1383 523 1384 522 1385 568 1386 689 1387 688 1388 688 1389 689 1389 690 1389 688 1390 690 1391 635 1392 612 1393 691 1393 692 1394 612 1395 572 1396 691 1397 691 1398 572 1399 582 1398 691 1400 582 1401 693 1402 693 1403 582 1404 516 1405 694 1406 695 1407 696 1408 696 1409 695 1410 697 1411 698 1412 515 1412 699 1412 699 1413 515 1413 606 1414 699 1415 606 1415 605 1415 700 1416 701 1416 602 1416 695 1417 698 1417 697 1417 697 1418 698 1418 699 1418 697 1419 699 1419 702 1419 702 1420 699 1420 605 1420 702 1421 605 1421 703 1421 703 1422 605 1422 604 1422 703 1423 604 1423 701 1423 701 1424 604 1424 603 1424 701 1425 603 1425 602 1426 602 1427 590 1427 700 1427 700 1428 590 1428 588 1428 700 1429 588 1429 704 1429 704 1430 588 1430 587 1430 704 1431 587 1431 585 1431 705 1432 706 1432 584 1432 584 1433 633 1433 705 1433 705 1434 633 1434 634 1434 705 1435 634 1435 707 1435 707 1436 634 1436 504 1436 707 1437 504 1437 503 1437 503 1438 708 1439 707 1440 707 1441 708 1442 709 1443 707 1444 709 1444 710 1444 711 1445 712 1446 525 1447 525 1448 712 1449 713 1450 525 1451 713 1452 651 1453 714 1454 715 1455 525 1456 525 1457 715 1458 716 1459 525 1460 716 1461 711 1462 717 1463 718 1463 714 1463 714 1464 718 1465 719 1466 714 1467 719 1468 715 1469 533 1470 720 1471 534 1472 534 1473 720 1474 721 1475 534 1476 721 1477 536 1478 536 1479 721 1480 722 1481 723 1482 724 1482 725 1482 649 1483 717 1483 650 1483 650 1484 717 1485 714 1486 650 1487 714 1488 726 1489 533 1490 632 1491 720 1492 720 1493 632 1494 547 1495 720 1496 547 1497 727 1498 722 1499 721 1500 724 1501 724 1502 721 1503 720 1504 724 1505 720 1506 725 1507 725 1508 720 1509 727 1510 725 1511 727 1511 728 1511 729 1512 546 1512 544 1512 729 1513 544 1514 730 1515 544 1516 638 1516 730 1516 730 1517 638 1517 637 1517 730 1518 637 1518 690 1518 690 1519 637 1520 636 1521 690 1522 636 1523 635 1524 547 1525 546 1526 727 1527 727 1528 546 1528 729 1528 727 1529 729 1530 728 1531 728 1532 729 1533 730 1534 728 1535 730 1536 731 1537 731 1538 730 1539 690 1540 731 1541 690 1542 732 1543 732 1544 690 1545 689 1546 732 1547 689 1548 692 1549 692 1550 689 1551 522 1552 692 1553 522 1554 612 1555 723 1556 725 1556 733 1556 733 1557 725 1557 728 1557 733 1558 728 1559 734 1560 734 1561 728 1561 731 1561 734 1562 731 1562 735 1562 735 1563 731 1563 732 1563 735 1564 732 1564 736 1564 736 1565 732 1565 692 1565 736 1566 692 1567 694 1568 694 1569 692 1570 691 1571 694 1572 691 1572 695 1572 695 1573 691 1573 693 1573 695 1574 693 1575 698 1576 698 1577 693 1578 516 1579 698 1580 516 1580 515 1580 734 1581 737 1581 733 1581 733 1582 737 1582 726 1582 733 1583 726 1583 723 1583 723 1584 726 1584 714 1584 723 1585 714 1585 724 1585 724 1586 714 1587 525 1588 724 1589 525 1589 722 1589 722 1590 525 1591 538 1592 722 1593 538 1594 536 1595 696 1596 738 1596 694 1596 694 1597 738 1597 739 1597 694 1598 739 1598 736 1598 736 1599 739 1599 740 1599 736 1600 740 1600 735 1600 735 1601 740 1601 741 1601 735 1602 741 1602 734 1602 734 1603 741 1603 742 1603 734 1604 742 1605 737 1606 646 1607 648 1607 647 1607 647 1608 648 1608 650 1608 647 1609 650 1609 743 1609 743 1610 650 1610 726 1610 743 1611 726 1611 744 1611 744 1612 726 1612 737 1612 744 1613 737 1613 745 1613 745 1614 737 1614 742 1614 745 1615 742 1615 746 1615 746 1616 742 1616 741 1616 746 1617 741 1617 747 1617 747 1618 741 1618 740 1618 747 1619 740 1619 748 1619 748 1620 740 1620 739 1620 748 1621 739 1621 749 1621 749 1622 739 1622 738 1622 749 1623 738 1623 750 1623 750 1624 738 1624 696 1624 750 1625 696 1625 751 1625 751 1626 696 1626 697 1626 751 1627 697 1627 752 1627 752 1628 697 1628 702 1628 752 1629 702 1629 753 1629 753 1630 702 1630 703 1630 753 1631 703 1631 754 1631 754 1632 703 1632 701 1632 754 1633 701 1633 755 1633 755 1634 701 1634 700 1634 755 1635 700 1635 756 1635 756 1636 700 1636 704 1636 756 1637 704 1637 706 1637 706 1638 704 1638 585 1638 706 1639 585 1639 584 1639 675 1640 674 1640 757 1640 757 1641 674 1641 654 1641 757 1642 654 1642 758 1642 758 1643 654 1643 653 1643 758 1644 653 1644 759 1644 686 1645 760 1645 687 1645 687 1646 760 1646 761 1646 687 1647 761 1647 762 1647 762 1648 761 1648 763 1648 762 1649 763 1649 764 1649 764 1650 763 1650 765 1650 764 1651 765 1651 766 1651 766 1652 765 1652 767 1652 766 1653 767 1653 642 1653 642 1654 767 1654 768 1654 642 1655 768 1655 643 1655 640 1656 652 1656 641 1656 641 1657 652 1657 654 1657 641 1658 654 1658 769 1658 769 1659 654 1659 674 1659 769 1660 674 1660 770 1660 770 1661 674 1661 671 1661 770 1662 671 1662 771 1662 771 1663 671 1663 670 1663 771 1664 670 1664 772 1664 772 1665 670 1665 678 1665 772 1666 678 1666 773 1666 773 1667 678 1667 680 1667 773 1668 680 1668 774 1668 774 1669 680 1669 683 1669 774 1670 683 1670 775 1670 775 1671 683 1671 685 1671 775 1672 685 1672 776 1672 776 1673 685 1673 687 1673 776 1674 687 1674 777 1674 777 1675 687 1675 762 1675 777 1676 762 1676 778 1676 778 1677 762 1677 764 1677 778 1678 764 1678 779 1678 779 1679 764 1679 766 1679 779 1680 766 1680 780 1680 780 1681 766 1681 642 1681 780 1682 642 1682 659 1682 659 1683 642 1683 644 1683 659 1684 644 1684 660 1684 710 1685 639 1685 707 1685 707 1686 639 1686 641 1686 707 1687 641 1687 705 1687 705 1688 641 1688 769 1688 705 1689 769 1689 706 1689 706 1690 769 1690 770 1690 706 1691 770 1691 756 1691 756 1692 770 1692 771 1692 756 1693 771 1693 755 1693 755 1694 771 1694 772 1694 755 1695 772 1695 754 1695 754 1696 772 1696 773 1696 754 1697 773 1697 753 1697 753 1698 773 1698 774 1698 753 1699 774 1699 752 1699 752 1700 774 1700 775 1700 752 1701 775 1701 751 1701 751 1702 775 1702 776 1702 751 1703 776 1703 750 1703 750 1704 776 1704 777 1704 750 1705 777 1705 749 1705 749 1706 777 1706 778 1706 749 1707 778 1707 748 1707 748 1708 778 1708 779 1708 748 1709 779 1709 747 1709 747 1710 779 1710 780 1710 747 1711 780 1711 746 1711 746 1712 780 1712 659 1712 746 1713 659 1713 745 1713 745 1714 659 1714 661 1714 745 1715 661 1715 744 1715 744 1716 661 1716 663 1716 744 1717 663 1717 743 1717 743 1718 663 1718 667 1718 743 1719 667 1719 647 1719 647 1720 667 1720 657 1720 647 1721 657 1721 645 1721 645 1722 657 1722 656 1722 781 1723 782 1724 783 1725 392 1726 631 1726 784 1726 531 1727 528 1728 785 1729 786 1730 782 1730 787 1730 788 1731 789 1732 790 1733 791 1734 792 1734 793 1734 793 1735 792 1735 794 1735 793 1736 794 1736 795 1736 796 1737 797 1737 798 1737 798 1738 797 1738 799 1738 789 1739 788 1740 800 1741 795 1742 801 1742 793 1742 793 1743 801 1743 802 1743 793 1744 802 1744 791 1744 791 1745 802 1745 803 1745 804 1746 799 1746 803 1746 803 1747 799 1747 797 1747 803 1748 797 1748 791 1748 791 1749 797 1749 796 1749 791 1750 796 1750 792 1750 786 1751 787 1751 805 1751 806 1752 805 1752 807 1752 807 1753 805 1753 787 1753 807 1754 787 1754 808 1754 808 1755 787 1755 809 1755 808 1756 809 1757 810 1758 781 1759 811 1759 804 1759 804 1760 811 1760 812 1760 804 1761 812 1761 799 1761 390 1762 393 1762 813 1762 813 1763 393 1763 814 1763 785 1764 528 1764 815 1764 815 1765 528 1766 529 1767 815 1768 529 1769 530 1770 630 1771 629 1771 816 1771 816 1772 629 1772 542 1772 524 1773 526 1774 817 1775 817 1776 526 1777 527 1778 817 1779 527 1779 785 1779 785 1780 527 1781 532 1782 785 1783 532 1784 531 1785 818 1786 816 1787 817 1788 817 1789 816 1789 542 1789 817 1790 542 1790 524 1790 631 1791 630 1791 784 1791 784 1792 630 1792 816 1792 784 1793 816 1793 800 1793 800 1794 816 1795 818 1796 800 1797 818 1798 789 1799 788 1800 810 1800 800 1800 800 1801 810 1801 819 1801 800 1802 819 1802 784 1802 784 1803 819 1803 814 1803 784 1804 814 1804 392 1804 392 1805 814 1805 393 1805 781 1806 820 1806 811 1806 811 1807 820 1807 821 1807 811 1808 821 1808 812 1808 812 1809 821 1809 822 1809 812 1810 822 1810 799 1810 799 1811 822 1811 823 1811 799 1812 823 1812 798 1812 801 1813 809 1813 802 1813 802 1814 809 1814 787 1814 802 1815 787 1815 803 1815 803 1816 787 1816 782 1816 803 1817 782 1817 804 1817 804 1818 782 1818 781 1818 373 1819 372 1819 824 1819 824 1820 372 1820 795 1820 824 1821 795 1821 825 1821 825 1822 795 1822 794 1822 810 1823 809 1823 819 1823 819 1824 809 1824 801 1824 819 1825 801 1825 814 1825 814 1826 801 1826 795 1826 814 1827 795 1827 813 1827 813 1828 795 1828 372 1828 813 1829 372 1829 390 1829 826 1830 827 1830 828 1830 818 1831 817 1832 829 1833 830 1834 831 1834 832 1834 833 1835 834 1835 835 1835 835 1836 834 1836 836 1836 837 1837 781 1837 838 1837 839 1838 840 1838 841 1838 782 1839 842 1840 781 1839 808 1841 810 1841 843 1842 844 1843 845 1844 846 1845 846 1846 845 1847 847 1848 846 1849 847 1850 197 1851 810 1852 788 1852 848 1852 848 1853 788 1854 790 1855 848 1856 790 1857 789 1858 805 1859 807 1859 786 1859 786 1860 807 1860 849 1860 786 1861 849 1861 782 1861 782 1862 849 1862 850 1862 782 1863 850 1864 842 1863 851 1865 852 1865 853 1865 853 1866 852 1866 850 1866 853 1867 850 1867 843 1867 843 1868 850 1868 849 1868 843 1869 849 1869 808 1869 808 1870 849 1870 807 1870 854 1871 855 1871 856 1871 856 1872 855 1872 857 1872 781 1873 842 1873 857 1873 857 1874 842 1874 858 1874 857 1875 858 1875 856 1875 831 1876 859 1876 832 1876 832 1877 859 1878 860 1879 832 1880 860 1880 861 1880 861 1881 860 1881 862 1881 861 1882 862 1882 863 1882 864 1883 862 1883 865 1883 865 1884 862 1884 860 1884 865 1885 860 1886 866 1887 866 1888 860 1889 859 1890 863 1891 862 1891 867 1891 867 1892 862 1892 864 1892 867 1893 864 1893 868 1893 868 1894 864 1894 869 1894 868 1895 869 1895 870 1895 871 1896 872 1897 873 1898 873 1899 872 1900 869 1900 873 1901 869 1901 874 1902 874 1903 869 1903 864 1903 874 1904 864 1904 875 1904 875 1905 864 1905 865 1905 876 1906 863 1906 877 1906 877 1907 863 1907 867 1907 877 1908 867 1908 878 1908 878 1909 867 1909 868 1909 878 1910 868 1910 879 1910 879 1911 868 1911 870 1911 879 1912 870 1912 880 1912 837 1913 838 1913 881 1913 882 1914 883 1914 884 1914 884 1915 883 1915 885 1915 884 1916 885 1916 886 1916 886 1917 885 1917 887 1917 886 1918 887 1918 888 1918 889 1919 890 1919 891 1919 892 1920 893 1921 894 1922 894 1923 893 1923 895 1923 896 1924 887 1924 897 1924 897 1925 887 1925 885 1925 897 1926 885 1926 898 1926 898 1927 885 1927 883 1927 898 1928 883 1928 899 1928 899 1929 883 1929 882 1929 899 1930 882 1930 900 1930 892 1931 901 1932 893 1933 893 1934 901 1935 891 1936 893 1937 891 1938 895 1939 895 1940 891 1940 890 1940 852 1941 902 1941 850 1941 850 1942 902 1942 900 1942 850 1943 900 1943 842 1943 842 1944 900 1944 882 1944 842 1945 882 1945 858 1945 858 1946 882 1946 884 1946 858 1947 884 1947 856 1947 856 1948 884 1948 886 1948 856 1949 886 1949 854 1949 854 1950 886 1950 888 1950 881 1951 903 1951 837 1951 837 1952 903 1952 904 1952 837 1953 904 1953 781 1953 905 1954 906 1955 907 1956 907 1957 906 1957 908 1957 907 1958 908 1958 909 1958 903 1959 910 1959 904 1959 904 1960 910 1961 781 1962 881 1963 907 1963 903 1963 903 1964 907 1964 909 1964 903 1965 909 1966 910 1967 910 1968 909 1969 911 1970 910 1971 911 1972 912 1973 912 1974 911 1975 913 1976 896 1977 914 1977 887 1977 887 1978 914 1978 839 1978 887 1979 839 1979 888 1979 888 1980 839 1980 841 1980 888 1981 841 1981 915 1981 871 1982 916 1983 872 1984 872 1985 916 1985 890 1985 872 1986 890 1986 869 1986 869 1987 890 1987 889 1987 869 1988 889 1988 870 1988 870 1989 889 1989 917 1989 870 1990 917 1990 880 1990 918 1991 919 1992 846 1993 846 1994 919 1995 920 1996 846 1997 920 1998 844 1999 921 2000 922 2000 923 2000 923 2001 924 2002 921 2003 921 2004 924 2004 925 2004 921 2005 925 2006 926 2007 835 2008 927 2008 833 2008 833 2009 927 2009 928 2009 833 2010 928 2010 922 2010 922 2011 928 2011 929 2011 922 2012 929 2012 923 2012 930 2013 921 2014 846 2015 846 2016 921 2017 926 2018 846 2019 926 2020 918 2021 876 2022 834 2022 863 2022 863 2023 834 2023 833 2023 863 2024 833 2024 861 2024 861 2025 833 2025 922 2025 861 2026 922 2026 832 2026 832 2027 922 2027 921 2027 832 2028 921 2028 830 2028 830 2029 921 2029 930 2029 880 2030 931 2030 879 2030 879 2031 931 2031 932 2031 879 2032 932 2032 878 2032 878 2033 932 2033 933 2033 878 2034 933 2034 877 2034 877 2035 933 2035 934 2035 877 2036 934 2036 876 2036 876 2037 934 2037 935 2037 876 2038 935 2038 834 2038 834 2039 935 2039 828 2039 834 2040 828 2040 836 2040 836 2041 828 2041 827 2041 530 2042 651 2043 815 2044 815 2045 651 2045 785 2045 651 2046 713 2047 785 2048 785 2049 713 2050 712 2051 785 2052 712 2052 817 2052 817 2053 712 2054 711 2055 711 2056 716 2057 817 2058 817 2059 716 2060 715 2061 817 2062 715 2063 829 2064 829 2065 715 2066 719 2067 829 2068 719 2069 718 2070 718 2071 717 2071 829 2071 829 2072 717 2072 649 2072 829 2073 649 2073 936 2073 645 2074 937 2074 646 2074 646 2075 937 2075 936 2075 646 2076 936 2076 648 2076 648 2077 936 2077 649 2077 937 2078 938 2078 936 2078 936 2079 938 2079 939 2079 936 2080 939 2080 829 2080 829 2081 939 2081 848 2081 829 2082 848 2083 818 2084 818 2085 848 2086 789 2087 810 2088 848 2089 843 2090 843 2091 848 2091 939 2091 843 2092 939 2092 853 2092 853 2093 939 2093 938 2093 853 2094 938 2094 851 2094 851 2095 938 2095 937 2095 851 2096 937 2096 940 2096 940 2097 937 2097 645 2097 940 2098 645 2098 656 2098 656 2099 655 2099 940 2099 940 2100 655 2100 658 2100 940 2101 658 2101 664 2101 913 2102 941 2103 912 2104 912 2105 941 2106 942 2107 912 2108 942 2109 910 2110 910 2111 942 2111 781 2111 915 2112 905 2112 888 2112 888 2113 905 2113 907 2114 888 2115 907 2115 854 2115 854 2116 907 2116 881 2116 854 2117 881 2117 855 2117 855 2118 881 2118 838 2118 855 2119 838 2119 857 2119 857 2120 838 2120 781 2120 901 2121 914 2122 891 2123 891 2124 914 2125 896 2126 891 2127 896 2127 889 2127 889 2128 896 2128 897 2128 889 2129 897 2129 917 2129 917 2130 897 2130 898 2130 917 2131 898 2131 880 2131 880 2132 898 2132 899 2132 880 2133 899 2133 931 2133 931 2134 899 2134 900 2134 931 2135 900 2135 932 2135 932 2136 900 2136 902 2136 932 2137 902 2137 933 2137 933 2138 902 2138 852 2138 933 2139 852 2139 934 2139 934 2140 852 2140 851 2140 934 2141 851 2141 935 2141 935 2142 851 2142 940 2142 935 2143 940 2143 828 2143 828 2144 940 2144 664 2144 828 2145 664 2145 826 2145 943 2146 944 2146 945 2146 946 2147 947 2147 948 2147 948 2148 949 2148 950 2148 154 2149 946 2149 951 2149 951 2150 946 2150 948 2150 951 2151 948 2152 952 2153 952 2154 948 2154 950 2154 953 2155 954 2155 955 2155 955 2156 954 2156 956 2156 955 2157 956 2157 957 2157 953 2158 958 2158 954 2158 954 2159 958 2159 959 2159 954 2160 959 2160 949 2160 949 2161 959 2161 960 2161 949 2162 960 2162 950 2162 957 2163 956 2163 961 2163 961 2164 956 2164 962 2164 961 2165 962 2166 963 2167 964 2168 965 2168 962 2168 962 2169 965 2169 966 2169 962 2170 966 2170 963 2170 967 2171 968 2171 964 2171 964 2172 968 2172 969 2172 964 2173 969 2173 965 2173 970 2174 971 2174 967 2174 967 2175 971 2175 972 2175 967 2176 972 2176 968 2176 973 2177 974 2177 975 2177 974 2178 973 2178 976 2178 976 2179 973 2179 977 2179 976 2180 977 2180 978 2180 978 2181 977 2181 979 2181 979 2182 977 2182 980 2182 979 2183 980 2183 981 2183 982 2184 983 2185 984 2186 984 2187 983 2187 985 2187 984 2188 985 2188 986 2188 981 2189 980 2189 987 2189 987 2190 980 2190 985 2190 987 2191 985 2192 988 2193 988 2194 985 2194 983 2194 988 2195 983 2196 989 2197 990 2198 991 2198 992 2198 992 2199 991 2199 993 2199 994 2200 995 2201 996 2202 996 2203 995 2203 997 2203 996 2204 997 2204 998 2204 998 2205 997 2205 999 2205 994 2206 1000 2206 995 2206 995 2207 1000 2207 1001 2207 995 2208 1001 2208 1002 2208 1001 2209 1003 2209 1002 2209 1002 2210 1003 2210 1004 2210 1002 2211 1004 2211 990 2211 990 2212 1004 2212 1005 2212 990 2213 1005 2213 991 2213 999 2214 997 2214 1006 2214 1006 2215 997 2215 1007 2215 1006 2216 1007 2216 1008 2216 1008 2217 1007 2217 1009 2217 1008 2218 1009 2218 1010 2218 975 2219 971 2219 973 2219 973 2220 971 2220 970 2220 973 2221 970 2221 977 2221 977 2222 970 2222 1011 2222 977 2223 1011 2223 980 2223 980 2224 1011 2224 1012 2224 980 2225 1012 2225 985 2225 985 2226 1012 2226 945 2226 985 2227 945 2227 986 2227 986 2228 945 2228 944 2228 485 2229 1013 2229 625 2229 625 2230 1013 2230 1014 2230 1015 2231 500 2231 1014 2231 1014 2232 500 2233 499 2234 1014 2235 499 2235 625 2235 502 2236 509 2236 1015 2236 1015 2237 509 2237 508 2237 1015 2238 508 2238 500 2238 1016 2239 709 2240 708 2241 1016 2242 708 2242 1015 2242 1015 2243 708 2244 503 2245 1015 2246 503 2247 502 2248 709 2249 1016 2249 710 2249 710 2250 1016 2250 1017 2250 710 2251 1017 2251 639 2251 993 2252 759 2252 992 2252 992 2253 759 2253 653 2253 992 2254 653 2254 1018 2254 1018 2255 653 2255 652 2255 1018 2256 652 2256 1017 2256 1017 2257 652 2257 640 2257 1017 2258 640 2258 639 2258 947 2259 1009 2259 948 2259 948 2260 1009 2260 1007 2260 948 2261 1007 2261 949 2261 949 2262 1007 2262 997 2262 949 2263 997 2263 954 2263 954 2264 997 2264 995 2264 954 2265 995 2265 956 2265 956 2266 995 2266 1002 2266 956 2267 1002 2267 962 2267 962 2268 1002 2268 990 2268 962 2269 990 2269 964 2269 964 2270 990 2270 992 2270 964 2271 992 2271 967 2271 967 2272 992 2272 1018 2272 967 2273 1018 2273 970 2273 970 2274 1018 2274 1017 2274 970 2275 1017 2275 1011 2275 1011 2276 1017 2276 1016 2276 1011 2277 1016 2277 1012 2277 1012 2278 1016 2278 1015 2278 1012 2279 1015 2280 945 2281 945 2282 1015 2282 1014 2282 945 2283 1014 2283 943 2283 943 2284 1014 2284 1013 2284 943 2285 1013 2286 1019 2287 1009 2288 947 2288 1020 2288 1021 2289 1022 2289 1023 2289 1024 2290 1025 2291 1026 2292 984 2293 986 2293 1027 2293 1028 2294 1029 2294 1027 2294 1027 2295 1029 2295 1030 2295 1027 2296 1030 2297 984 2298 984 2299 1030 2299 1031 2299 984 2300 1031 2300 982 2300 1032 2301 1033 2302 1034 2303 1034 2304 1033 2304 1028 2304 1034 2305 1028 2305 1035 2305 1035 2306 1028 2306 1027 2306 1025 2307 1036 2307 1026 2307 1026 2308 1036 2308 1037 2308 1026 2309 1037 2309 1034 2309 1034 2310 1037 2310 1038 2310 1034 2311 1038 2311 1032 2311 1039 2312 1040 2312 1041 2312 1042 2313 1043 2313 1044 2313 1044 2314 1043 2314 1045 2314 1044 2315 1045 2315 1040 2315 1040 2316 1045 2316 1046 2316 1040 2317 1046 2317 1041 2317 1047 2318 1048 2318 1049 2318 1049 2319 1048 2319 1050 2319 1049 2320 1050 2320 1051 2320 1051 2321 1050 2321 1023 2321 1051 2322 1023 2322 1052 2322 1052 2323 1023 2323 1022 2323 1053 2324 1054 2324 1055 2324 1055 2325 1054 2325 1021 2325 1056 2326 1057 2326 1053 2326 946 2327 154 2327 1058 2327 1058 2328 154 2328 1059 2328 1057 2329 1056 2330 1060 2331 1060 2332 1056 2333 1058 2334 1060 2335 1058 2336 1061 2336 1061 2337 1058 2337 1059 2337 1061 2338 1059 2339 1062 2340 426 2341 1063 2341 488 2341 488 2342 1063 2342 1019 2342 488 2343 1019 2343 487 2343 426 2344 378 2344 1063 2344 1063 2345 378 2345 377 2345 1063 2346 377 2346 1064 2346 447 2347 1065 2347 448 2347 448 2348 1065 2348 1064 2348 448 2349 1064 2349 450 2349 450 2350 1064 2350 377 2350 479 2351 1066 2351 490 2351 490 2352 1066 2352 1065 2352 490 2353 1065 2353 491 2353 491 2354 1065 2354 447 2354 487 2355 1019 2356 486 2357 486 2358 1019 2358 1013 2358 486 2359 1013 2359 485 2359 986 2360 944 2360 1027 2360 1027 2361 944 2361 1067 2361 1027 2362 1067 2362 1035 2362 1035 2363 1067 2363 1068 2363 1035 2364 1068 2364 1034 2364 1034 2365 1068 2365 1069 2365 1034 2366 1069 2366 1026 2366 1026 2367 1069 2367 1039 2367 1026 2368 1039 2368 1024 2368 1024 2369 1039 2369 1041 2369 1056 2370 1070 2371 1058 2370 1058 2372 1070 2372 1020 2372 1058 2373 1020 2373 946 2373 946 2374 1020 2374 947 2374 1071 2375 244 2376 249 2377 1053 2378 1055 2378 1056 2378 1056 2379 1055 2379 1071 2379 1056 2380 1071 2380 1070 2380 1070 2381 1071 2381 249 2381 1070 2382 249 2383 248 2384 248 2385 1072 2385 1070 2385 1070 2386 1072 2386 1073 2386 1070 2387 1073 2388 1020 2389 1020 2390 1073 2391 1074 2392 1020 2393 1074 2393 1009 2393 1009 2394 1074 2395 1075 2395 1009 2396 1075 2396 1010 2396 235 2397 178 2397 1048 2397 1048 2398 178 2398 177 2398 1048 2399 177 2399 1050 2399 1050 2400 177 2400 247 2400 1050 2401 247 2401 245 2401 1021 2402 1023 2402 1055 2402 1055 2403 1023 2403 1050 2403 1055 2404 1050 2404 1071 2404 1071 2405 1050 2405 245 2405 1071 2406 245 2406 244 2406 944 2407 943 2407 1067 2407 1067 2408 943 2409 1019 2410 1067 2411 1019 2411 1068 2411 1068 2412 1019 2413 1063 2414 1068 2415 1063 2415 1069 2415 1069 2416 1063 2416 1064 2416 1069 2417 1064 2417 1039 2417 1039 2418 1064 2418 1065 2418 1039 2419 1065 2419 1040 2419 1040 2420 1065 2420 1066 2420 1040 2421 1066 2421 1044 2421 1044 2422 1066 2422 1076 2422 1047 2423 1042 2423 1048 2423 1048 2424 1042 2424 1044 2424 1048 2425 1044 2425 235 2425 235 2426 1044 2426 1076 2426 235 2427 1076 2427 236 2427 236 2428 1076 2428 238 2428 479 2429 478 2429 1066 2429 1066 2430 478 2430 1077 2430 1066 2431 1077 2431 1076 2431 1076 2432 1077 2432 243 2432 1076 2433 243 2433 238 2433 209 2434 208 2434 484 2434 210 2435 216 2435 496 2435 496 2436 216 2436 497 2436 460 2437 376 2437 187 2437 216 2438 218 2438 497 2438 497 2439 218 2440 221 2441 497 2442 221 2442 498 2442 498 2443 221 2443 220 2443 498 2444 220 2444 376 2444 376 2445 220 2445 219 2445 376 2446 219 2446 187 2446 463 2447 230 2447 465 2447 465 2448 230 2448 229 2448 465 2449 229 2449 467 2449 467 2450 229 2450 227 2450 467 2451 227 2451 473 2451 473 2452 227 2452 226 2452 473 2453 226 2453 233 2453 184 2454 477 2454 231 2454 231 2455 477 2455 476 2455 231 2456 476 2457 232 2458 180 2459 471 2459 181 2459 181 2460 471 2460 469 2460 181 2461 469 2461 234 2461 234 2462 469 2462 477 2462 234 2463 477 2463 183 2463 183 2464 477 2464 184 2464 232 2465 476 2465 233 2465 233 2466 476 2467 474 2468 233 2469 474 2469 473 2469 187 2470 186 2470 460 2470 460 2471 186 2471 225 2471 460 2472 225 2472 461 2472 461 2473 225 2473 224 2473 461 2474 224 2474 463 2474 463 2475 224 2475 223 2475 463 2476 223 2476 230 2476 373 2477 1078 2477 481 2477 481 2478 1078 2478 482 2478 1078 2479 198 2479 482 2479 482 2480 198 2480 192 2480 482 2481 192 2481 190 2481 484 2482 208 2482 480 2482 480 2483 208 2483 206 2483 480 2484 206 2484 396 2484 190 2485 189 2485 482 2485 482 2486 189 2486 204 2486 482 2487 204 2487 483 2487 483 2488 204 2488 202 2488 483 2489 202 2489 484 2489 484 2490 202 2490 201 2490 484 2491 201 2491 209 2491 243 2492 1077 2492 242 2492 242 2493 1077 2493 241 2493 1077 2494 478 2494 241 2494 241 2495 478 2495 471 2495 241 2496 471 2496 239 2496 239 2497 471 2497 180 2497 206 2498 215 2498 396 2498 396 2499 215 2499 214 2499 396 2500 214 2500 494 2500 494 2501 214 2501 495 2501 495 2502 214 2502 213 2502 495 2503 213 2503 496 2503 496 2504 213 2504 211 2504 496 2505 211 2505 210 2505 993 2506 991 2506 1079 2506 826 2507 664 2507 665 2507 1080 2508 682 2508 1081 2508 1081 2509 682 2509 681 2509 1081 2510 681 2510 1082 2510 1082 2511 681 2511 1083 2511 681 2512 679 2512 1083 2512 1083 2513 679 2513 677 2513 1083 2514 677 2514 1084 2514 1084 2515 677 2515 676 2515 1084 2516 676 2517 1085 2518 1085 2519 676 2519 1086 2519 1087 2520 765 2520 1088 2520 1088 2521 765 2521 763 2521 1088 2522 763 2522 1089 2522 1089 2523 763 2523 761 2523 1089 2524 761 2524 1090 2524 1090 2525 761 2525 760 2525 1090 2526 760 2526 1091 2526 1091 2527 760 2527 686 2527 1091 2528 686 2528 1080 2528 1080 2529 686 2529 684 2529 1080 2530 684 2530 682 2530 1092 2531 1093 2531 665 2531 665 2532 1093 2532 827 2532 665 2533 827 2533 826 2533 1094 2534 1095 2534 660 2534 660 2535 1095 2535 662 2535 662 2536 1095 2536 1096 2536 662 2537 1096 2537 669 2537 665 2538 666 2538 1092 2538 1092 2539 666 2539 668 2539 1092 2540 668 2540 1097 2540 1097 2541 668 2541 669 2541 1097 2542 669 2542 1098 2542 1098 2543 669 2543 1096 2543 759 2544 993 2544 758 2544 758 2545 993 2545 1079 2545 758 2546 1079 2546 757 2546 757 2547 1079 2547 1099 2547 757 2548 1099 2548 675 2548 675 2549 1099 2549 1100 2549 675 2550 1100 2550 673 2550 673 2551 1100 2551 1086 2551 673 2552 1086 2552 672 2552 672 2553 1086 2553 676 2553 660 2554 644 2554 1094 2554 1094 2555 644 2555 643 2555 1094 2556 643 2556 1101 2556 1101 2557 643 2557 768 2557 1101 2558 768 2558 1087 2558 1087 2559 768 2559 767 2559 1087 2560 767 2560 765 2560 1074 2561 1073 2562 1102 2561 1103 2563 1104 2563 1105 2563 1106 2564 1107 2564 1108 2564 264 2565 262 2565 1109 2565 1110 2566 1111 2566 1112 2566 1113 2567 1114 2568 1115 2569 305 2570 304 2571 1116 2572 348 2573 197 2574 847 2575 348 2576 847 2577 306 2578 310 2579 309 2580 1117 2581 1117 2582 309 2583 307 2584 1117 2585 307 2586 306 2587 1118 2588 918 2589 926 2590 844 2591 920 2592 1118 2593 1118 2594 920 2595 919 2596 1118 2597 919 2598 918 2599 306 2600 847 2601 1117 2602 1117 2603 847 2604 845 2605 1117 2606 845 2606 310 2606 304 2607 302 2608 1119 2609 1119 2610 302 2611 1118 2612 1119 2613 1118 2614 1105 2615 1105 2616 1118 2617 926 2618 845 2619 844 2620 310 2621 310 2622 844 2622 1118 2622 310 2623 1118 2623 301 2623 301 2624 1118 2624 302 2624 1120 2625 1121 2626 1122 2627 1122 2628 1121 2628 292 2628 1123 2629 292 2629 1124 2629 1124 2630 292 2630 1121 2630 1124 2631 1121 2632 1125 2633 1125 2634 1121 2634 1126 2634 298 2635 294 2635 299 2635 299 2636 294 2637 1116 2638 1127 2639 1126 2639 1128 2639 1128 2640 1126 2640 1121 2640 1128 2641 1121 2641 1129 2641 1129 2642 1121 2642 1120 2642 1129 2643 1120 2643 1130 2643 358 2644 305 2644 297 2644 297 2645 305 2646 1116 2647 297 2648 1116 2649 296 2650 296 2651 1116 2652 294 2653 1131 2654 1132 2655 1133 2656 1133 2657 1132 2658 1134 2659 1133 2660 1134 2660 1127 2660 1135 2661 1136 2662 1137 2663 1137 2664 1136 2665 1134 2666 1137 2667 1134 2668 1138 2669 1138 2670 1134 2671 1132 2672 1138 2673 1132 2674 1139 2675 1139 2676 1132 2676 1131 2676 1139 2677 1131 2677 1114 2677 1115 2678 1140 2679 1113 2679 1113 2680 1140 2681 1141 2682 1113 2683 1141 2684 1142 2685 1142 2686 1141 2687 1143 2688 1142 2689 1143 2690 1144 2691 1144 2692 1143 2693 1145 2694 1146 2695 1110 2695 1135 2695 1135 2696 1110 2697 1112 2698 1135 2699 1112 2700 1136 2701 1114 2702 1113 2703 1139 2704 1139 2705 1113 2705 1142 2705 1139 2706 1142 2706 1138 2706 1138 2707 1142 2708 1144 2709 1138 2710 1144 2710 1137 2710 1137 2711 1144 2711 1145 2711 1137 2712 1145 2713 1135 2714 1135 2715 1145 2716 1147 2717 1135 2718 1147 2718 1146 2718 1127 2719 1134 2719 1126 2719 1126 2720 1134 2721 1136 2722 1126 2723 1136 2724 1125 2725 1125 2726 1136 2727 1112 2728 1125 2729 1112 2730 1124 2731 1124 2732 1112 2732 1111 2732 1124 2733 1111 2733 1123 2733 1148 2734 1149 2735 1150 2736 1150 2737 1149 2738 1151 2739 1152 2740 1153 2741 1154 2742 1154 2743 1153 2744 1155 2745 1156 2746 1152 2747 1157 2748 1157 2749 1152 2750 1154 2751 1157 2752 1154 2753 1158 2754 1159 2755 1160 2756 1158 2757 1158 2758 1160 2759 1161 2760 1158 2761 1161 2762 1157 2763 1157 2764 1161 2765 1162 2766 1157 2767 1162 2768 1156 2769 1148 2770 1150 2771 1163 2772 1163 2773 1150 2774 1164 2775 1163 2776 1164 2776 1165 2776 1166 2777 280 2778 1167 2777 1167 2779 280 2780 283 2781 1167 2782 283 2782 282 2782 1168 2783 1169 2783 1170 2783 1170 2784 1169 2785 1171 2786 273 2787 271 2788 1172 2789 266 2790 265 2791 1173 2790 1173 2792 265 2792 274 2792 1173 2793 274 2794 1170 2795 1170 2796 274 2796 273 2796 1170 2797 273 2798 1168 2798 1168 2799 273 2800 1172 2801 1168 2802 1172 2803 1169 2804 1169 2805 1172 2806 1174 2807 259 2808 257 2808 1175 2808 1175 2809 257 2809 255 2809 1175 2810 255 2810 1109 2810 1109 2811 255 2811 319 2812 1109 2813 319 2814 264 2815 262 2816 261 2816 1109 2816 1109 2817 261 2817 269 2817 1109 2818 269 2818 1173 2818 1173 2819 269 2819 268 2819 1173 2820 268 2820 266 2820 1167 2821 1165 2822 1166 2823 1166 2824 1165 2824 1164 2824 1166 2825 1164 2825 1174 2825 1174 2826 1164 2826 1150 2826 1174 2827 1150 2828 1169 2829 1169 2830 1150 2831 1151 2832 1169 2833 1151 2834 1171 2835 271 2836 270 2836 1172 2837 1172 2838 270 2839 275 2840 1172 2841 275 2842 1174 2843 1174 2844 275 2844 277 2844 1174 2845 277 2846 1166 2847 1166 2848 277 2849 278 2850 1166 2851 278 2852 280 2853 1073 2854 1072 2854 1102 2854 1102 2855 1072 2856 1175 2857 1102 2858 1175 2858 1176 2858 1176 2859 1175 2859 1109 2859 1176 2860 1109 2860 1177 2860 1177 2861 1109 2861 1173 2861 1177 2862 1173 2862 1178 2862 1179 2863 1180 2864 1181 2865 1181 2866 1180 2866 1182 2866 1181 2867 1182 2867 1183 2867 1107 2868 1184 2869 1108 2870 1108 2871 1184 2871 1185 2871 1108 2872 1185 2873 1182 2874 1182 2875 1185 2875 1186 2875 1182 2876 1186 2876 1183 2876 1187 2877 1188 2878 1189 2879 1189 2880 1188 2880 1190 2880 1180 2881 1191 2881 1182 2881 1182 2882 1191 2882 1187 2882 1182 2883 1187 2884 1108 2885 1108 2886 1187 2886 1189 2886 1108 2887 1189 2887 1106 2888 1106 2889 1189 2889 1190 2889 1106 2890 1190 2890 1192 2890 1193 2891 1194 2891 1195 2891 1010 2892 1075 2893 1196 2893 1193 2894 1195 2894 1196 2894 1196 2895 1195 2895 1197 2895 1196 2896 1197 2896 1010 2896 1192 2897 1194 2897 1106 2897 1106 2898 1194 2898 1193 2898 1106 2899 1193 2900 1107 2899 1107 2901 1193 2902 1198 2903 1107 2904 1198 2905 1184 2906 1184 2907 1198 2907 1199 2907 1184 2908 1199 2908 1185 2908 1185 2909 1199 2910 1200 2911 1185 2912 1200 2913 1186 2914 1186 2915 1200 2916 1201 2917 1186 2918 1201 2919 1183 2920 929 2921 928 2921 1103 2921 926 2922 925 2923 1105 2924 1105 2925 925 2926 924 2927 1105 2928 924 2928 1103 2928 1103 2929 924 2930 923 2931 1103 2932 923 2932 929 2932 1104 2933 1202 2933 1105 2933 1105 2934 1202 2934 1130 2934 1105 2935 1130 2935 1119 2935 1119 2936 1130 2936 1120 2936 1119 2937 1120 2938 304 2939 304 2940 1120 2941 1122 2942 304 2943 1122 2944 1116 2945 1116 2946 1122 2947 292 2948 1116 2949 292 2950 299 2949 248 2951 250 2951 1072 2951 1072 2952 250 2953 252 2954 1072 2955 252 2955 1175 2955 1175 2956 252 2956 260 2956 1175 2957 260 2957 259 2957 1159 2958 286 2958 1160 2958 1160 2959 286 2960 285 2961 1160 2962 285 2963 1161 2964 1161 2965 285 2966 289 2967 1161 2968 289 2968 288 2968 1147 2969 1155 2970 1146 2971 1146 2972 1155 2973 1153 2973 1146 2974 1153 2975 1110 2976 1110 2977 1153 2978 1152 2979 1110 2980 1152 2981 1111 2982 1111 2983 1152 2984 1156 2985 1111 2986 1156 2987 1123 2988 1123 2989 1156 2990 1162 2991 1123 2992 1162 2993 292 2994 292 2995 1162 2996 1161 2997 292 2998 1161 2998 290 2998 290 2999 1161 2999 288 2999 290 3000 288 3001 287 3002 1075 3003 1074 3003 1196 3003 1196 3004 1074 3004 1102 3004 1196 3005 1102 3006 1193 3007 1193 3008 1102 3008 1176 3008 1193 3009 1176 3009 1198 3009 1198 3010 1176 3011 1177 3012 1198 3013 1177 3014 1199 3015 1199 3016 1177 3017 1178 3018 1199 3019 1178 3020 1200 3021 1200 3022 1178 3023 1203 3024 1200 3025 1203 3025 1201 3025 1201 3026 1203 3026 1204 3026 1201 3027 1204 3028 1183 3029 1183 3030 1204 3031 1205 3032 1183 3033 1205 3033 1181 3033 1181 3034 1205 3035 1206 3036 1181 3037 1206 3038 1179 3039 1179 3040 1206 3040 1207 3040 1202 3041 1208 3041 1130 3041 1130 3042 1208 3042 1209 3042 1130 3043 1209 3043 1129 3043 1129 3044 1209 3044 1210 3044 1129 3045 1210 3045 1128 3045 1128 3046 1210 3046 1211 3046 1128 3047 1211 3047 1212 3047 1212 3048 1207 3048 1128 3048 1128 3049 1207 3049 1206 3049 1128 3050 1206 3050 1127 3050 1127 3051 1206 3051 1205 3051 1127 3052 1205 3052 1133 3052 1133 3053 1205 3053 1204 3053 1133 3054 1204 3054 1131 3054 1131 3055 1204 3055 1203 3055 1131 3056 1203 3057 1114 3058 1114 3059 1203 3060 1178 3061 1114 3062 1178 3063 1115 3064 1115 3065 1178 3066 1173 3067 1115 3068 1173 3069 1140 3070 1140 3071 1173 3071 1170 3071 1140 3072 1170 3072 1141 3072 1141 3073 1170 3074 1171 3075 1141 3076 1171 3077 1143 3078 1143 3079 1171 3079 1151 3079 1143 3080 1151 3081 1145 3082 1145 3083 1151 3084 1149 3085 1145 3086 1149 3087 1147 3088 1147 3089 1149 3090 1148 3091 1147 3092 1148 3093 1155 3094 1155 3095 1148 3096 1163 3097 1155 3098 1163 3099 1154 3100 1154 3101 1163 3102 1165 3103 1154 3104 1165 3105 1158 3106 1158 3107 1165 3108 1167 3109 1158 3110 1167 3111 1159 3112 1159 3113 1167 3114 282 3115 1159 3116 282 3117 286 3118 1003 3119 1001 3119 1213 3119 1214 3120 836 3120 827 3120 1005 3121 1004 3121 1215 3121 1216 3122 1217 3122 1218 3122 1202 3123 1104 3123 1214 3123 836 3124 1214 3124 835 3124 1103 3125 928 3125 927 3125 835 3126 1214 3126 927 3126 927 3127 1214 3127 1104 3127 927 3128 1104 3128 1103 3128 1219 3129 1220 3129 1221 3129 1221 3130 1220 3130 1222 3130 1221 3131 1222 3131 1223 3131 1223 3132 1222 3132 1224 3132 1223 3133 1224 3133 1225 3133 1226 3134 1220 3134 1208 3134 1208 3135 1220 3135 1219 3135 1208 3136 1219 3136 1209 3136 1209 3137 1219 3137 1210 3137 1191 3138 1180 3138 1227 3138 1227 3139 1180 3139 1179 3139 1227 3140 1179 3140 1228 3140 1228 3141 1179 3141 1207 3141 1228 3142 1207 3142 1212 3142 1197 3143 1195 3143 1229 3143 1229 3144 1195 3144 1230 3144 1229 3145 1230 3145 1231 3145 996 3146 998 3146 1231 3146 994 3147 996 3148 1232 3149 1232 3150 996 3150 1231 3150 1232 3151 1231 3151 1233 3151 1233 3152 1231 3152 1234 3152 1233 3153 1234 3153 1235 3153 1235 3154 1234 3154 1236 3154 1235 3155 1236 3155 1237 3155 1237 3156 1236 3156 1238 3156 1237 3157 1238 3157 1239 3157 1239 3158 1238 3158 1240 3158 1239 3159 1240 3159 1218 3159 1195 3160 1194 3160 1230 3160 1230 3161 1194 3161 1192 3161 1230 3162 1192 3162 1241 3162 1241 3163 1192 3164 1190 3165 1241 3166 1190 3166 1242 3166 1242 3167 1190 3167 1188 3167 1242 3168 1188 3168 1187 3168 1231 3169 1230 3169 1234 3169 1234 3170 1230 3170 1241 3170 1234 3171 1241 3171 1236 3171 1236 3172 1241 3172 1242 3172 1236 3173 1242 3173 1238 3173 1238 3174 1242 3174 1187 3174 1238 3175 1187 3175 1240 3175 1218 3176 1217 3176 1239 3176 1239 3177 1217 3177 1243 3177 1239 3178 1243 3178 1237 3178 1237 3179 1243 3179 1244 3179 1237 3180 1244 3180 1235 3180 1235 3181 1244 3181 1245 3181 1235 3182 1245 3182 1233 3182 1233 3183 1245 3183 1246 3183 1233 3184 1246 3184 1232 3184 1232 3185 1246 3185 1247 3185 1232 3186 1247 3186 1213 3186 1213 3187 1001 3187 1232 3187 1232 3188 1001 3188 1000 3188 1232 3189 1000 3189 994 3189 1248 3190 1089 3190 1249 3190 1249 3191 1089 3191 1090 3191 1249 3192 1090 3192 1250 3192 1250 3193 1090 3193 1091 3193 1250 3194 1091 3194 1251 3194 1251 3195 1091 3195 1080 3195 1251 3196 1080 3196 1252 3196 1252 3197 1080 3197 1081 3197 1253 3198 1085 3198 1086 3198 1253 3199 1086 3199 1254 3199 1081 3200 1082 3200 1252 3200 1252 3201 1082 3201 1083 3201 1252 3202 1083 3202 1253 3202 1253 3203 1083 3203 1084 3203 1253 3204 1084 3205 1085 3206 991 3207 1005 3207 1079 3207 1079 3208 1005 3208 1215 3208 1079 3209 1215 3209 1099 3209 1099 3210 1215 3210 1254 3210 1099 3211 1254 3211 1100 3211 1100 3212 1254 3212 1086 3212 827 3213 1093 3213 1214 3213 1214 3214 1093 3214 1226 3214 1214 3215 1226 3215 1202 3215 1202 3216 1226 3216 1208 3216 1010 3217 1197 3217 1008 3217 1008 3218 1197 3218 1229 3218 1008 3219 1229 3219 1006 3219 1006 3220 1229 3220 1231 3220 1006 3221 1231 3221 999 3221 999 3222 1231 3222 998 3222 1210 3223 1219 3223 1211 3223 1211 3224 1219 3224 1221 3224 1211 3225 1221 3225 1212 3225 1212 3226 1221 3226 1223 3226 1212 3227 1223 3227 1228 3227 1228 3228 1223 3228 1225 3228 1228 3229 1225 3229 1227 3229 1004 3230 1003 3230 1215 3230 1215 3231 1003 3231 1213 3231 1215 3232 1213 3232 1254 3232 1254 3233 1213 3233 1247 3233 1254 3234 1247 3234 1253 3234 1253 3235 1247 3235 1246 3235 1253 3236 1246 3236 1252 3236 1252 3237 1246 3237 1245 3237 1252 3238 1245 3238 1251 3238 1251 3239 1245 3239 1244 3239 1251 3240 1244 3240 1250 3240 1250 3241 1244 3241 1243 3241 1250 3242 1243 3242 1249 3242 1249 3243 1243 3243 1217 3243 1249 3244 1217 3244 1248 3244 1248 3245 1217 3245 1216 3245 1248 3246 1216 3246 1255 3246 1093 3247 1092 3247 1226 3247 1226 3248 1092 3248 1097 3248 1226 3249 1097 3249 1220 3249 1220 3250 1097 3250 1098 3250 1220 3251 1098 3251 1222 3251 1222 3252 1098 3252 1096 3252 1222 3253 1096 3253 1095 3253 1094 3254 1101 3254 1255 3254 1255 3255 1101 3255 1087 3255 1255 3256 1087 3256 1248 3256 1248 3257 1087 3257 1088 3257 1248 3258 1088 3258 1089 3258 1095 3259 1094 3259 1222 3259 1222 3260 1094 3260 1255 3260 1222 3261 1255 3261 1224 3261 1224 3262 1255 3262 1216 3262 1224 3263 1216 3263 1225 3263 1225 3264 1216 3264 1218 3264 1225 3265 1218 3265 1227 3265 1227 3266 1218 3266 1240 3266 1227 3267 1240 3267 1191 3267 1191 3268 1240 3268 1187 3268 1256 3269 1257 3269 1258 3269 1259 3270 1260 3270 1261 3270 1262 3271 1263 3271 1264 3271 1265 3272 1266 3272 1267 3272 1268 3273 1269 3273 1270 3273 1271 3274 1272 3274 1273 3274 1273 3275 1272 3275 1274 3275 1273 3276 1274 3276 1275 3276 1276 3277 1277 3277 1278 3277 1278 3278 1279 3278 1276 3278 1276 3279 1279 3279 1280 3279 1276 3280 1280 3280 1281 3280 1270 3281 1269 3281 1280 3281 1280 3282 1269 3282 1282 3282 1280 3283 1282 3283 1281 3283 1283 3284 1284 3284 1285 3284 1283 3285 1285 3285 1286 3285 1285 3286 1287 3286 1286 3286 1286 3287 1287 3287 1288 3287 1286 3288 1288 3288 1270 3288 1270 3289 1288 3289 1289 3289 1270 3290 1289 3290 1268 3290 1290 3291 1291 3291 1292 3291 1292 3292 1291 3292 1293 3292 1294 3293 1295 3293 1296 3293 1296 3294 1295 3294 1297 3294 1296 3295 1297 3295 1292 3295 1292 3296 1297 3296 1298 3296 1292 3297 1298 3297 1290 3297 1299 3298 1300 3298 1301 3298 1302 3299 1303 3299 1299 3299 1303 3300 1304 3300 1299 3300 1299 3301 1304 3301 1305 3301 1299 3302 1305 3302 1300 3302 1306 3303 1307 3303 1308 3303 1308 3304 1307 3304 1309 3304 1308 3305 1309 3305 1310 3305 1310 3306 1309 3306 1311 3306 1310 3307 1311 3307 1312 3307 1313 3308 1314 3308 1315 3308 1315 3309 1314 3309 1316 3309 1315 3310 1316 3310 1317 3310 1313 3311 1318 3312 1314 3313 1314 3314 1318 3314 1319 3314 1314 3315 1319 3315 1308 3315 1308 3316 1319 3316 1320 3316 1308 3317 1320 3317 1306 3317 1267 3318 1266 3318 1316 3318 1316 3319 1266 3319 1321 3319 1316 3320 1321 3321 1317 3322 1322 3323 1323 3323 1324 3323 1265 3324 1267 3324 1325 3324 1325 3325 1267 3325 1326 3325 1325 3326 1326 3326 1327 3326 1327 3327 1326 3327 1322 3327 1327 3328 1322 3328 1328 3328 1328 3329 1322 3329 1324 3329 1328 3330 1324 3330 1329 3330 1330 3331 1331 3331 1332 3331 1332 3332 1331 3332 1333 3332 1330 3333 1334 3333 1335 3333 1335 3334 1334 3334 1336 3334 1337 3335 1338 3335 1339 3335 1340 3336 1338 3337 1341 3338 1341 3339 1338 3339 1337 3339 1341 3340 1337 3340 1342 3340 1342 3341 1337 3341 1264 3341 1342 3342 1264 3342 1343 3342 1343 3343 1264 3343 1263 3343 1344 3344 1345 3344 1346 3344 1346 3345 1345 3345 1347 3345 1346 3346 1347 3346 1348 3346 1349 3347 1350 3347 1351 3347 1346 3348 1352 3348 1344 3348 1344 3349 1352 3349 1349 3349 1344 3350 1349 3350 1353 3350 1353 3351 1349 3351 1351 3351 1352 3352 1354 3352 1349 3352 1349 3353 1354 3353 1355 3353 1349 3354 1355 3354 1261 3354 1260 3355 1356 3355 1261 3355 1261 3356 1356 3356 1357 3356 1261 3357 1357 3357 1349 3357 1349 3358 1357 3359 1358 3360 1349 3361 1358 3361 1350 3361 1359 3362 1360 3362 1259 3362 1361 3363 1362 3363 1363 3363 1364 3364 1365 3364 1366 3364 1366 3365 1365 3365 1367 3365 1366 3366 1367 3366 1361 3366 1361 3367 1367 3367 1368 3367 1361 3368 1368 3368 1362 3368 1369 3369 1370 3369 1371 3369 1371 3370 1370 3370 1372 3370 1373 3371 1374 3371 1366 3371 1366 3372 1374 3372 1375 3372 1366 3373 1375 3373 1364 3373 1376 3374 1377 3374 1371 3374 1371 3375 1377 3375 1378 3375 1371 3376 1378 3376 1369 3376 1379 3377 1380 3377 1381 3377 1381 3378 1380 3378 1382 3378 1381 3379 1382 3379 1258 3379 1258 3380 1382 3380 1383 3380 1258 3381 1383 3381 1256 3381 1278 3382 1384 3382 1279 3382 1279 3383 1384 3383 1385 3383 1279 3384 1385 3384 1280 3384 1280 3385 1385 3385 1386 3385 1280 3386 1386 3386 1270 3386 1270 3387 1386 3387 1387 3387 1270 3388 1387 3388 1286 3388 1286 3389 1387 3389 1388 3389 1286 3390 1388 3390 1283 3390 1283 3391 1388 3391 1389 3391 1390 3392 1296 3392 1389 3392 1389 3393 1296 3393 1292 3393 1389 3394 1292 3394 1283 3394 1283 3395 1292 3395 1293 3395 1283 3396 1293 3396 1284 3396 1391 3397 1392 3397 1393 3397 1393 3398 1392 3398 1394 3398 1393 3399 1394 3399 1395 3399 1395 3400 1394 3400 1396 3400 1395 3401 1396 3401 1397 3401 1397 3402 1396 3402 1398 3402 1397 3403 1398 3403 1399 3403 1399 3404 1398 3404 1400 3404 1399 3405 1400 3405 1401 3405 1310 3406 1391 3406 1308 3406 1308 3407 1391 3407 1393 3407 1308 3408 1393 3408 1314 3408 1314 3409 1393 3409 1395 3409 1314 3410 1395 3410 1316 3410 1316 3411 1395 3411 1397 3411 1316 3412 1397 3412 1267 3412 1267 3413 1397 3413 1399 3413 1267 3414 1399 3414 1326 3414 1326 3415 1399 3415 1401 3415 1326 3416 1401 3416 1322 3416 1348 3417 1402 3417 1346 3417 1346 3418 1402 3418 1403 3418 1346 3419 1403 3419 1352 3419 1352 3420 1403 3420 1404 3420 1352 3421 1404 3421 1354 3421 1354 3422 1404 3422 1405 3422 1354 3423 1405 3423 1355 3423 1355 3424 1405 3424 1406 3424 1407 3425 1262 3425 1408 3425 1408 3426 1262 3426 1264 3426 1408 3427 1264 3427 1409 3427 1409 3428 1264 3428 1337 3428 1409 3429 1337 3429 1334 3429 1334 3430 1337 3430 1339 3430 1334 3431 1339 3431 1336 3431 1330 3432 1332 3432 1334 3432 1334 3433 1332 3433 1410 3433 1334 3434 1410 3434 1409 3434 1409 3435 1410 3435 1403 3435 1409 3436 1403 3436 1408 3436 1408 3437 1403 3437 1402 3437 1408 3438 1402 3438 1407 3438 1312 3439 1302 3439 1310 3439 1310 3440 1302 3440 1299 3440 1310 3441 1299 3441 1391 3441 1391 3442 1299 3442 1411 3442 1391 3443 1411 3443 1392 3443 1392 3444 1411 3444 1406 3444 1392 3445 1406 3445 1394 3445 1394 3446 1406 3446 1405 3446 1394 3447 1405 3447 1396 3447 1396 3448 1405 3448 1404 3448 1396 3449 1404 3449 1398 3449 1398 3450 1404 3450 1403 3450 1398 3451 1403 3451 1400 3451 1400 3452 1403 3452 1410 3452 1400 3453 1410 3453 1401 3453 1401 3454 1410 3454 1332 3454 1401 3455 1332 3455 1322 3455 1322 3456 1332 3456 1333 3456 1322 3457 1333 3457 1323 3457 1259 3458 1261 3458 1359 3458 1359 3459 1261 3459 1355 3459 1359 3460 1355 3460 1412 3460 1412 3461 1355 3461 1406 3461 1412 3462 1406 3462 1413 3462 1413 3463 1406 3463 1411 3463 1413 3464 1411 3464 1390 3464 1390 3465 1411 3465 1299 3465 1390 3466 1299 3466 1296 3466 1296 3467 1299 3467 1301 3467 1296 3468 1301 3468 1294 3468 1275 3469 1414 3469 1273 3469 1273 3470 1414 3470 1379 3470 1273 3471 1379 3471 1415 3471 1415 3472 1379 3472 1381 3472 1415 3473 1381 3473 1416 3473 1416 3474 1381 3474 1258 3474 1416 3475 1258 3475 1417 3475 1417 3476 1258 3476 1418 3476 1417 3477 1418 3477 1419 3477 1419 3478 1418 3478 1366 3478 1419 3479 1366 3479 1420 3479 1420 3480 1366 3480 1361 3480 1420 3481 1361 3481 1421 3481 1257 3482 1422 3482 1258 3482 1258 3483 1422 3483 1376 3483 1258 3484 1376 3484 1418 3484 1418 3485 1376 3485 1371 3485 1418 3486 1371 3486 1366 3486 1366 3487 1371 3487 1372 3487 1366 3488 1372 3488 1373 3488 1277 3489 1423 3489 1278 3489 1278 3490 1423 3490 1424 3490 1278 3491 1424 3492 1384 3492 1384 3493 1424 3494 1271 3495 1384 3496 1271 3496 1385 3496 1385 3497 1271 3497 1273 3497 1385 3498 1273 3498 1386 3498 1386 3499 1273 3499 1415 3499 1386 3500 1415 3500 1387 3500 1387 3501 1415 3501 1416 3501 1387 3502 1416 3502 1388 3502 1388 3503 1416 3503 1417 3503 1388 3504 1417 3504 1389 3504 1389 3505 1417 3505 1419 3505 1389 3506 1419 3506 1390 3506 1390 3507 1419 3507 1420 3507 1390 3508 1420 3508 1413 3508 1413 3509 1420 3509 1421 3509 1413 3510 1421 3510 1412 3510 1412 3511 1421 3511 1361 3511 1412 3512 1361 3512 1359 3512 1359 3513 1361 3513 1363 3513 1359 3514 1363 3514 1360 3514 1425 3515 1426 3515 1427 3515 1428 3516 1429 3517 1430 3518 1431 3519 1432 3519 1433 3519 1433 3520 1432 3520 1434 3520 1435 3521 1436 3521 1437 3521 1438 3522 1439 3522 1440 3522 1441 3523 1442 3523 1443 3523 1443 3524 1442 3524 1444 3524 1443 3525 1444 3525 1445 3525 1446 3526 1438 3526 1447 3526 1447 3527 1438 3527 1440 3527 1447 3528 1440 3528 1448 3528 1439 3529 1449 3529 1450 3529 1450 3530 1449 3530 1451 3530 1450 3531 1451 3531 1452 3531 1453 3532 1441 3532 1454 3532 1454 3533 1441 3533 1443 3533 1454 3534 1443 3534 1455 3534 1455 3535 1443 3535 1452 3535 1455 3536 1452 3536 1456 3536 1456 3537 1452 3537 1451 3537 1457 3538 1436 3538 1458 3538 1458 3539 1436 3539 1435 3539 1458 3540 1435 3540 1459 3540 1459 3541 1435 3541 1460 3541 1461 3542 1460 3542 1462 3542 1462 3543 1460 3543 1435 3543 1462 3544 1435 3544 1463 3544 1463 3545 1435 3545 1437 3545 1463 3546 1437 3546 1464 3546 1465 3547 1466 3547 1467 3547 1468 3548 1469 3548 1470 3548 1470 3549 1469 3549 1471 3549 1470 3550 1471 3550 1472 3550 1472 3551 1471 3551 1473 3551 1472 3552 1473 3552 1467 3552 1467 3553 1473 3553 1474 3553 1467 3554 1474 3554 1465 3554 1465 3555 1475 3555 1466 3555 1466 3556 1475 3556 1476 3556 1466 3557 1476 3557 1477 3557 1477 3558 1476 3558 1478 3558 1477 3559 1478 3559 1479 3559 1429 3560 1480 3560 1430 3560 1430 3561 1480 3561 1481 3561 1430 3562 1481 3562 1482 3562 1482 3563 1481 3563 1483 3563 1482 3564 1483 3564 1484 3564 1484 3565 1483 3565 1485 3565 1484 3566 1485 3566 1486 3566 1486 3567 1485 3567 1487 3567 1486 3568 1487 3568 1488 3568 1488 3569 1487 3569 1489 3569 1488 3570 1489 3570 1490 3570 1490 3571 1489 3571 1491 3571 1490 3572 1491 3572 1492 3572 1492 3573 1491 3573 1493 3573 1492 3574 1493 3574 1494 3574 1432 3575 1494 3575 1434 3575 1434 3576 1494 3576 1493 3576 1434 3577 1493 3577 1495 3577 1495 3578 1493 3578 1491 3578 1495 3579 1491 3579 1479 3579 1479 3580 1491 3580 1489 3580 1479 3581 1489 3581 1477 3581 1477 3582 1489 3582 1487 3582 1477 3583 1487 3583 1466 3583 1466 3584 1487 3584 1485 3584 1466 3585 1485 3585 1467 3585 1467 3586 1485 3586 1483 3586 1467 3587 1483 3587 1472 3587 1472 3588 1483 3588 1481 3588 1472 3589 1481 3589 1470 3589 1496 3590 1433 3590 1497 3590 1497 3591 1433 3591 1434 3591 1497 3592 1434 3592 1498 3592 1498 3593 1434 3593 1495 3593 1498 3594 1495 3594 1499 3594 1499 3595 1495 3596 1479 3597 1499 3598 1479 3598 1500 3598 1500 3599 1479 3599 1478 3599 1501 3600 1502 3600 1503 3600 1503 3601 1502 3601 1504 3601 1504 3602 1428 3602 1503 3602 1503 3603 1428 3603 1430 3603 1503 3604 1430 3604 1505 3604 1505 3605 1430 3605 1482 3605 1505 3606 1482 3606 1506 3606 1506 3607 1482 3607 1484 3607 1506 3608 1484 3608 1507 3608 1507 3609 1484 3609 1486 3609 1507 3610 1486 3610 1508 3610 1508 3611 1486 3611 1488 3611 1508 3612 1488 3612 1509 3612 1509 3613 1488 3613 1490 3613 1509 3614 1490 3614 1510 3614 1510 3615 1490 3615 1492 3615 1510 3616 1492 3616 1511 3616 1511 3617 1492 3617 1494 3617 1511 3618 1494 3618 1512 3618 1512 3619 1494 3619 1432 3619 1512 3620 1432 3620 1513 3620 1513 3621 1432 3621 1431 3621 1427 3622 1514 3622 1425 3622 1425 3623 1514 3623 1515 3623 1425 3624 1515 3624 1516 3624 1516 3625 1515 3625 1517 3625 1516 3626 1517 3626 1518 3626 1518 3627 1517 3627 1519 3627 1518 3628 1519 3628 1520 3628 1520 3629 1519 3629 1521 3629 1522 3630 1523 3630 1524 3630 1524 3631 1523 3631 1525 3631 1524 3632 1525 3632 1526 3632 1521 3633 1527 3633 1520 3633 1520 3634 1527 3634 1528 3634 1520 3635 1528 3635 1529 3635 1529 3636 1528 3637 1530 3638 1529 3639 1530 3639 1522 3639 1522 3640 1530 3640 1531 3640 1522 3641 1531 3641 1523 3641 1525 3642 1532 3642 1533 3642 1439 3643 1450 3643 1440 3643 1440 3644 1450 3644 1534 3644 1440 3645 1534 3645 1448 3645 1445 3646 1535 3646 1443 3646 1443 3647 1535 3647 1536 3647 1443 3648 1536 3648 1452 3648 1452 3649 1536 3649 1537 3649 1452 3650 1537 3650 1450 3650 1450 3651 1537 3651 1538 3651 1450 3652 1538 3652 1534 3652 1539 3653 1468 3653 1540 3653 1540 3654 1468 3654 1470 3654 1540 3655 1470 3656 1541 3657 1541 3658 1470 3658 1481 3658 1541 3659 1481 3660 1542 3661 1542 3662 1481 3662 1480 3662 1457 3663 1543 3663 1436 3663 1436 3664 1543 3664 1446 3664 1436 3665 1446 3665 1437 3665 1437 3666 1446 3666 1447 3666 1437 3667 1447 3667 1464 3667 1525 3668 1533 3668 1526 3668 1526 3669 1533 3669 1544 3669 1526 3670 1544 3670 1545 3670 1545 3671 1501 3671 1526 3671 1526 3672 1501 3672 1503 3672 1526 3673 1503 3673 1524 3673 1524 3674 1503 3674 1505 3674 1524 3675 1505 3675 1522 3675 1522 3676 1505 3676 1506 3676 1522 3677 1506 3677 1529 3677 1529 3678 1506 3678 1507 3678 1529 3679 1507 3679 1520 3679 1520 3680 1507 3680 1508 3680 1520 3681 1508 3681 1518 3681 1518 3682 1508 3682 1509 3682 1518 3683 1509 3683 1516 3683 1516 3684 1509 3684 1510 3684 1516 3685 1510 3685 1425 3685 1425 3686 1510 3686 1511 3686 1425 3687 1511 3687 1426 3687 1426 3688 1511 3688 1512 3688 1426 3689 1512 3689 1546 3689 1546 3690 1512 3690 1513 3690 1546 3691 1513 3691 1547 3691 1548 3692 1549 3692 1547 3692 1547 3693 1549 3693 1550 3693 1547 3694 1550 3694 1546 3694 1546 3695 1550 3695 1551 3695 1546 3696 1551 3696 1426 3696 1426 3697 1551 3697 1552 3697 1426 3698 1552 3698 1427 3698 1448 3699 1548 3699 1447 3699 1447 3700 1548 3700 1547 3700 1447 3701 1547 3701 1464 3701 1464 3702 1547 3702 1513 3702 1464 3703 1513 3703 1463 3703 1463 3704 1513 3704 1431 3704 1463 3705 1431 3705 1462 3705 1462 3706 1431 3706 1433 3706 1462 3707 1433 3707 1461 3707 1461 3708 1433 3708 1496 3708 1553 3709 1554 3710 1555 3711 1556 3712 1557 3712 1558 3713 1559 3714 1560 3715 1561 3716 1562 3717 1563 3717 1564 3717 1565 3718 1566 3719 1567 3720 1566 3721 1565 3722 1568 3723 1569 3724 1570 3725 1571 3726 1572 3727 1573 3728 1574 3729 1575 3730 1576 3731 1577 3732 1578 3733 1579 3734 1580 3735 1580 3736 1579 3737 1581 3738 1582 3739 1579 3740 1583 3741 1583 3742 1579 3743 1584 3744 1582 3745 1585 3746 1579 3747 1579 3748 1585 3748 1586 3748 1579 3749 1586 3750 1581 3751 1587 3752 1588 3753 1589 3754 1589 3755 1588 3756 1590 3757 1589 3758 1590 3759 1591 3760 1591 3761 1590 3762 1592 3763 1591 3764 1592 3765 1579 3765 1593 3766 1589 3766 1594 3766 1594 3767 1589 3767 1591 3767 1594 3768 1591 3769 1595 3770 1595 3771 1591 3772 1579 3773 1595 3774 1579 3775 1596 3776 1596 3777 1579 3777 1578 3777 1597 3778 1598 3778 1599 3778 1599 3779 1598 3779 1600 3779 1599 3780 1600 3780 1601 3780 1602 3781 1603 3781 1604 3781 1604 3782 1603 3782 1605 3782 1606 3783 1607 3784 1608 3785 1608 3786 1607 3787 1609 3788 1608 3789 1609 3790 1610 3791 1610 3792 1609 3793 1611 3794 1612 3795 1611 3796 1613 3797 1613 3798 1611 3799 1609 3800 1613 3801 1609 3802 1614 3803 1614 3804 1609 3805 1607 3806 1615 3807 1612 3807 1616 3807 1616 3808 1612 3809 1613 3810 1616 3811 1613 3812 1617 3813 1617 3814 1613 3815 1614 3816 1617 3817 1614 3818 1618 3819 1618 3820 1614 3821 1607 3822 1618 3823 1607 3824 1619 3825 1619 3826 1607 3827 1606 3826 1619 3828 1606 3829 1620 3830 1621 3831 1622 3831 1605 3831 1605 3832 1622 3833 1623 3834 1571 3835 1624 3836 1625 3837 1625 3838 1624 3839 1626 3840 1625 3841 1626 3841 1627 3841 1574 3842 1628 3843 1572 3844 1572 3845 1628 3846 1629 3847 1572 3848 1629 3849 1630 3850 1630 3851 1629 3852 1631 3853 1630 3854 1631 3855 1632 3856 1573 3857 1572 3858 1633 3859 1633 3860 1572 3860 1630 3860 1633 3861 1630 3862 1634 3863 1634 3864 1630 3865 1632 3866 1634 3867 1632 3868 1635 3869 1571 3870 1570 3871 1624 3872 1624 3873 1570 3874 1636 3875 1624 3876 1636 3877 1626 3878 1637 3879 1638 3879 1639 3879 1637 3880 1639 3880 1640 3880 1639 3881 1641 3881 1640 3881 1640 3882 1641 3882 1642 3882 1640 3883 1642 3883 1643 3883 1643 3884 1642 3884 1644 3884 1643 3885 1644 3885 1567 3885 1554 3886 1562 3886 1555 3886 1555 3887 1562 3887 1564 3887 1555 3888 1564 3888 1645 3888 1645 3889 1564 3890 1646 3891 1645 3892 1646 3893 1647 3894 1647 3895 1646 3896 1637 3897 1647 3898 1637 3898 1648 3898 1648 3899 1637 3899 1640 3899 1648 3900 1640 3900 1649 3900 1649 3901 1640 3901 1643 3901 1649 3902 1643 3902 1650 3902 1650 3903 1643 3903 1567 3903 1650 3904 1567 3904 1651 3904 1651 3905 1567 3906 1566 3907 1651 3908 1566 3909 1652 3910 1652 3911 1566 3912 1568 3913 1652 3914 1568 3915 1653 3916 1653 3917 1568 3917 1654 3918 1653 3919 1654 3920 1655 3921 1644 3922 1656 3923 1567 3923 1567 3924 1656 3924 1657 3924 1567 3925 1657 3925 1565 3925 1565 3926 1657 3926 1658 3926 1565 3927 1658 3927 1659 3927 1628 3928 1655 3929 1629 3930 1629 3931 1655 3932 1654 3933 1629 3934 1654 3935 1631 3936 1631 3937 1654 3938 1568 3939 1631 3940 1568 3941 1632 3942 1632 3943 1568 3943 1565 3943 1632 3944 1565 3945 1635 3946 1635 3947 1565 3947 1659 3947 1635 3948 1659 3948 1660 3948 1496 3949 1497 3949 1661 3949 1661 3950 1497 3950 1498 3950 1661 3951 1498 3951 1662 3951 1663 3952 1664 3952 1460 3952 1626 3953 1665 3953 1664 3953 1664 3954 1665 3954 1459 3954 1664 3955 1459 3955 1460 3955 1602 3956 1665 3956 1603 3956 1603 3957 1665 3957 1626 3957 1603 3958 1626 3958 1605 3958 1605 3959 1626 3960 1666 3961 1605 3962 1666 3962 1667 3962 1667 3963 1666 3964 1576 3965 1667 3966 1576 3967 1605 3968 1605 3969 1576 3970 1575 3971 1605 3972 1575 3973 1621 3974 1560 3975 1559 3976 1668 3977 1668 3978 1559 3978 1669 3978 1668 3979 1669 3980 1670 3981 1669 3982 1671 3982 1670 3982 1670 3983 1671 3983 1672 3983 1670 3984 1672 3984 1663 3984 1663 3985 1672 3986 1673 3987 1663 3988 1673 3988 1664 3988 1664 3989 1673 3990 1674 3991 1664 3992 1674 3993 1626 3994 1498 3995 1499 3995 1662 3995 1662 3996 1499 3996 1500 3996 1662 3997 1500 3997 1675 3997 1460 3998 1461 3998 1663 3998 1663 3999 1461 3999 1496 3999 1663 4000 1496 4001 1670 4002 1670 4003 1496 4003 1661 4003 1670 4004 1661 4004 1668 4004 1668 4005 1661 4005 1662 4005 1668 4006 1662 4007 1560 4008 1560 4009 1662 4009 1675 4009 1560 4010 1675 4011 1561 4012 1676 4013 1475 4013 1465 4013 1676 4014 1465 4014 1677 4014 1475 4015 1676 4016 1476 4017 1476 4018 1676 4018 1678 4018 1476 4019 1678 4020 1478 4021 1539 4022 1679 4022 1468 4022 1468 4023 1679 4023 1680 4023 1465 4024 1474 4024 1677 4024 1677 4025 1474 4025 1473 4025 1677 4026 1473 4026 1681 4026 1681 4027 1473 4027 1471 4027 1681 4028 1471 4028 1680 4028 1680 4029 1471 4030 1469 4031 1680 4032 1469 4033 1468 4034 1500 4035 1478 4035 1675 4035 1675 4036 1478 4037 1678 4037 1675 4038 1678 4038 1561 4038 1561 4039 1678 4039 1682 4039 1561 4040 1682 4040 1559 4040 1559 4041 1682 4041 1620 4041 1559 4042 1620 4042 1669 4042 1669 4043 1620 4044 1606 4043 1669 4045 1606 4045 1671 4046 1671 4047 1606 4048 1608 4049 1671 4050 1608 4051 1672 4052 1672 4053 1608 4054 1610 4055 1672 4056 1610 4057 1673 4058 1673 4059 1610 4060 1611 4061 1673 4062 1611 4063 1674 4064 1674 4065 1611 4066 1612 4067 1674 4068 1612 4069 1626 4070 1626 4071 1612 4071 1615 4071 1596 4072 1683 4073 1595 4074 1595 4075 1683 4075 1684 4075 1595 4076 1684 4076 1685 4076 1593 4077 1451 4077 1449 4077 1449 4078 1599 4078 1593 4078 1593 4079 1599 4079 1601 4079 1593 4080 1601 4080 1589 4080 1589 4081 1601 4081 1686 4081 1589 4082 1686 4082 1587 4082 1451 4083 1593 4083 1456 4083 1456 4084 1593 4084 1594 4084 1456 4085 1594 4085 1455 4085 1455 4086 1594 4086 1595 4086 1455 4087 1595 4087 1454 4087 1454 4088 1595 4088 1685 4088 1454 4089 1685 4089 1453 4089 1638 4090 1637 4091 1687 4090 1687 4092 1637 4092 1646 4092 1687 4093 1646 4094 1688 4095 1688 4096 1646 4096 1564 4096 1688 4097 1564 4098 1558 4099 1558 4100 1564 4101 1563 4102 1558 4103 1563 4103 1556 4103 1623 4104 1689 4105 1605 4106 1605 4107 1689 4108 1690 4109 1605 4110 1690 4111 1604 4112 1604 4113 1690 4113 1691 4113 1604 4114 1691 4114 1597 4114 1597 4115 1691 4115 1692 4115 1597 4116 1692 4116 1598 4116 1679 4117 1553 4118 1680 4119 1680 4120 1553 4120 1555 4120 1680 4121 1555 4121 1681 4121 1681 4122 1555 4123 1645 4124 1681 4125 1645 4125 1677 4125 1677 4126 1645 4126 1647 4126 1677 4127 1647 4127 1676 4127 1676 4128 1647 4128 1648 4128 1676 4129 1648 4129 1678 4129 1678 4130 1648 4131 1649 4132 1678 4133 1649 4133 1682 4134 1682 4135 1649 4135 1650 4135 1682 4136 1650 4136 1620 4136 1620 4137 1650 4137 1651 4137 1620 4138 1651 4139 1619 4140 1619 4141 1651 4141 1652 4142 1619 4143 1652 4144 1618 4145 1618 4146 1652 4147 1653 4146 1618 4148 1653 4149 1617 4149 1617 4150 1653 4151 1655 4152 1617 4153 1655 4154 1616 4155 1616 4156 1655 4157 1628 4158 1616 4159 1628 4160 1615 4161 1615 4162 1628 4163 1574 4164 1615 4165 1574 4166 1626 4167 1626 4168 1574 4169 1573 4170 1626 4171 1573 4172 1627 4173 1627 4174 1573 4175 1633 4176 1627 4177 1633 4178 1625 4179 1625 4180 1633 4181 1634 4182 1625 4183 1634 4184 1571 4185 1571 4186 1634 4186 1635 4186 1571 4187 1635 4188 1569 4189 1569 4190 1635 4190 1660 4190 1449 4191 1439 4191 1599 4191 1599 4192 1439 4192 1438 4192 1599 4193 1438 4193 1597 4193 1597 4194 1438 4194 1446 4194 1597 4195 1446 4195 1604 4195 1604 4196 1446 4196 1543 4196 1604 4197 1543 4197 1602 4197 1602 4198 1543 4198 1457 4198 1602 4199 1457 4199 1665 4199 1665 4200 1457 4200 1458 4200 1665 4201 1458 4201 1459 4201 1693 4202 1694 4202 1695 4202 1696 4203 1697 4203 1698 4203 1699 4204 1700 4204 1701 4204 1702 4205 1703 4205 1704 4205 1705 4206 1584 4207 1579 4208 1706 4209 1707 4209 1708 4209 1709 4210 1710 4210 1711 4210 1709 4211 1711 4211 1712 4211 1713 4212 1714 4212 1715 4212 1715 4213 1714 4213 1716 4213 1715 4214 1716 4214 1717 4214 1718 4215 1712 4215 1719 4215 1719 4216 1712 4216 1711 4216 1719 4217 1711 4217 1720 4217 1720 4218 1711 4218 1721 4218 1720 4219 1721 4219 1722 4219 1722 4220 1721 4220 1717 4220 1722 4221 1717 4221 1723 4221 1723 4222 1717 4222 1716 4222 1724 4223 1725 4223 1726 4223 1726 4224 1725 4224 1727 4224 1727 4225 1725 4225 1728 4225 1727 4226 1728 4226 1729 4226 1726 4227 1730 4227 1724 4227 1724 4228 1730 4228 1731 4228 1724 4229 1731 4229 1732 4229 1732 4230 1731 4230 1733 4230 1732 4231 1733 4231 1734 4231 1733 4232 1735 4232 1734 4232 1734 4233 1735 4233 1736 4233 1734 4234 1736 4234 1737 4234 1737 4235 1736 4235 1738 4235 1737 4236 1738 4236 1739 4236 1739 4237 1738 4237 1740 4237 1739 4238 1740 4238 1741 4238 1689 4239 1623 4240 1742 4241 1742 4242 1623 4243 1622 4244 1622 4245 1621 4246 1743 4247 1621 4248 1575 4248 1743 4248 1743 4249 1575 4250 1577 4251 1743 4252 1577 4253 1576 4254 1622 4255 1743 4255 1742 4255 1742 4256 1743 4257 1744 4258 1742 4259 1744 4260 1689 4261 1666 4262 1745 4262 1746 4262 1666 4263 1626 4263 1745 4264 1745 4265 1626 4265 1636 4265 1745 4266 1636 4266 1747 4266 1747 4267 1636 4268 1570 4269 1748 4270 1749 4270 1750 4270 1750 4271 1749 4271 1751 4271 1752 4272 1569 4272 1753 4272 1753 4273 1569 4273 1660 4273 1753 4274 1660 4274 1659 4274 1754 4275 1755 4275 1656 4275 1749 4276 1752 4276 1751 4276 1751 4277 1752 4277 1753 4277 1751 4278 1753 4278 1756 4278 1756 4279 1753 4279 1659 4279 1756 4280 1659 4280 1757 4280 1757 4281 1659 4281 1658 4281 1757 4282 1658 4282 1755 4282 1755 4283 1658 4283 1657 4283 1755 4284 1657 4284 1656 4284 1656 4285 1644 4285 1754 4285 1754 4286 1644 4286 1642 4286 1754 4287 1642 4287 1758 4287 1758 4288 1642 4288 1641 4288 1758 4289 1641 4289 1639 4289 1759 4290 1760 4290 1638 4290 1638 4291 1687 4291 1759 4291 1759 4292 1687 4292 1688 4292 1759 4293 1688 4293 1761 4293 1761 4294 1688 4294 1558 4294 1761 4295 1558 4295 1557 4295 1557 4296 1762 4296 1761 4296 1761 4297 1762 4298 1763 4299 1761 4300 1763 4300 1764 4300 1765 4301 1766 4302 1579 4303 1579 4304 1766 4305 1767 4306 1579 4307 1767 4308 1705 4309 1768 4310 1769 4311 1579 4312 1579 4313 1769 4314 1770 4315 1579 4316 1770 4317 1765 4318 1771 4319 1772 4319 1768 4319 1768 4320 1772 4320 1773 4320 1768 4321 1773 4322 1769 4323 1587 4324 1774 4325 1588 4326 1588 4327 1774 4328 1775 4327 1588 4329 1775 4329 1590 4329 1590 4330 1775 4331 1776 4332 1777 4333 1778 4333 1779 4333 1703 4334 1771 4334 1704 4334 1704 4335 1771 4335 1768 4335 1704 4336 1768 4336 1780 4336 1587 4337 1686 4338 1774 4339 1774 4340 1686 4341 1601 4342 1774 4343 1601 4343 1781 4343 1776 4344 1775 4345 1778 4346 1778 4347 1775 4348 1774 4349 1778 4350 1774 4351 1779 4352 1779 4353 1774 4354 1781 4355 1779 4356 1781 4356 1782 4356 1783 4357 1600 4358 1598 4359 1783 4360 1598 4361 1784 4360 1598 4362 1692 4362 1784 4362 1784 4363 1692 4364 1691 4365 1784 4366 1691 4367 1744 4368 1744 4369 1691 4370 1690 4371 1744 4372 1690 4373 1689 4374 1601 4375 1600 4375 1781 4375 1781 4376 1600 4376 1783 4376 1781 4377 1783 4377 1782 4377 1782 4378 1783 4378 1784 4378 1782 4379 1784 4380 1785 4381 1785 4382 1784 4383 1744 4384 1785 4385 1744 4386 1786 4387 1786 4388 1744 4389 1743 4390 1786 4391 1743 4392 1746 4393 1746 4394 1743 4395 1576 4396 1746 4397 1576 4398 1666 4399 1777 4400 1779 4401 1787 4402 1787 4403 1779 4404 1782 4405 1787 4406 1782 4407 1788 4408 1788 4409 1782 4410 1785 4411 1788 4412 1785 4412 1789 4412 1789 4413 1785 4413 1786 4413 1789 4414 1786 4414 1790 4414 1790 4415 1786 4415 1746 4415 1790 4416 1746 4417 1748 4416 1748 4418 1746 4418 1745 4418 1748 4419 1745 4419 1749 4419 1749 4420 1745 4420 1747 4420 1749 4421 1747 4422 1752 4423 1752 4424 1747 4425 1570 4426 1752 4427 1570 4427 1569 4427 1788 4428 1791 4429 1787 4430 1787 4431 1791 4431 1780 4431 1787 4432 1780 4432 1777 4432 1777 4433 1780 4433 1768 4433 1777 4434 1768 4434 1778 4434 1778 4435 1768 4436 1579 4437 1778 4438 1579 4438 1776 4438 1776 4439 1579 4440 1592 4441 1776 4442 1592 4443 1590 4444 1750 4445 1792 4445 1748 4445 1748 4446 1792 4446 1793 4446 1748 4447 1793 4448 1790 4449 1790 4450 1793 4450 1794 4450 1790 4451 1794 4452 1789 4453 1789 4454 1794 4454 1795 4454 1789 4455 1795 4455 1788 4455 1788 4456 1795 4456 1796 4456 1788 4457 1796 4458 1791 4458 1700 4459 1702 4459 1701 4459 1701 4460 1702 4460 1704 4460 1701 4461 1704 4461 1797 4461 1797 4462 1704 4462 1780 4462 1797 4463 1780 4463 1798 4463 1798 4464 1780 4464 1791 4464 1798 4465 1791 4465 1799 4465 1799 4466 1791 4466 1796 4466 1799 4467 1796 4467 1800 4467 1800 4468 1796 4468 1795 4468 1800 4469 1795 4469 1801 4469 1801 4470 1795 4470 1794 4470 1801 4471 1794 4471 1802 4471 1802 4472 1794 4472 1793 4472 1802 4473 1793 4473 1803 4473 1803 4474 1793 4474 1792 4474 1803 4475 1792 4475 1804 4475 1804 4476 1792 4476 1750 4476 1804 4477 1750 4477 1805 4477 1805 4478 1750 4478 1751 4478 1805 4479 1751 4479 1806 4479 1806 4480 1751 4480 1756 4480 1806 4481 1756 4481 1807 4481 1807 4482 1756 4482 1757 4482 1807 4483 1757 4483 1808 4483 1808 4484 1757 4484 1755 4484 1808 4485 1755 4485 1809 4485 1809 4486 1755 4486 1754 4486 1809 4487 1754 4487 1810 4487 1810 4488 1754 4488 1758 4488 1810 4489 1758 4489 1760 4489 1760 4490 1758 4490 1639 4490 1760 4491 1639 4491 1638 4491 1729 4492 1728 4492 1811 4492 1811 4493 1728 4493 1708 4493 1811 4494 1708 4494 1812 4494 1812 4495 1708 4495 1707 4495 1812 4496 1707 4496 1813 4496 1740 4497 1814 4497 1741 4497 1741 4498 1814 4498 1815 4498 1741 4499 1815 4499 1816 4499 1816 4500 1815 4500 1817 4500 1816 4501 1817 4501 1818 4501 1818 4502 1817 4502 1819 4502 1818 4503 1819 4503 1820 4503 1820 4504 1819 4504 1821 4504 1820 4505 1821 4505 1696 4505 1696 4506 1821 4506 1822 4506 1696 4507 1822 4507 1697 4507 1694 4508 1706 4508 1695 4508 1695 4509 1706 4509 1708 4509 1695 4510 1708 4510 1823 4510 1823 4511 1708 4511 1728 4511 1823 4512 1728 4512 1824 4512 1824 4513 1728 4513 1725 4513 1824 4514 1725 4514 1825 4514 1825 4515 1725 4515 1724 4515 1825 4516 1724 4516 1826 4516 1826 4517 1724 4517 1732 4517 1826 4518 1732 4518 1827 4518 1827 4519 1732 4519 1734 4519 1827 4520 1734 4520 1828 4520 1828 4521 1734 4521 1737 4521 1828 4522 1737 4522 1829 4522 1829 4523 1737 4523 1739 4523 1829 4524 1739 4524 1830 4524 1830 4525 1739 4525 1741 4525 1830 4526 1741 4526 1831 4526 1831 4527 1741 4527 1816 4527 1831 4528 1816 4528 1832 4528 1832 4529 1816 4529 1818 4529 1832 4530 1818 4530 1833 4530 1833 4531 1818 4531 1820 4531 1833 4532 1820 4532 1834 4532 1834 4533 1820 4533 1696 4533 1834 4534 1696 4534 1713 4534 1713 4535 1696 4535 1698 4535 1713 4536 1698 4536 1714 4536 1764 4537 1693 4537 1761 4537 1761 4538 1693 4538 1695 4538 1761 4539 1695 4539 1759 4539 1759 4540 1695 4540 1823 4540 1759 4541 1823 4541 1760 4541 1760 4542 1823 4542 1824 4542 1760 4543 1824 4543 1810 4543 1810 4544 1824 4544 1825 4544 1810 4545 1825 4545 1809 4545 1809 4546 1825 4546 1826 4546 1809 4547 1826 4547 1808 4547 1808 4548 1826 4548 1827 4548 1808 4549 1827 4549 1807 4549 1807 4550 1827 4550 1828 4550 1807 4551 1828 4551 1806 4551 1806 4552 1828 4552 1829 4552 1806 4553 1829 4553 1805 4553 1805 4554 1829 4554 1830 4554 1805 4555 1830 4555 1804 4555 1804 4556 1830 4556 1831 4556 1804 4557 1831 4557 1803 4557 1803 4558 1831 4558 1832 4558 1803 4559 1832 4559 1802 4559 1802 4560 1832 4560 1833 4560 1802 4561 1833 4561 1801 4561 1801 4562 1833 4562 1834 4562 1801 4563 1834 4563 1800 4563 1800 4564 1834 4564 1713 4564 1800 4565 1713 4565 1799 4565 1799 4566 1713 4566 1715 4566 1799 4567 1715 4567 1798 4567 1798 4568 1715 4568 1717 4568 1798 4569 1717 4569 1797 4569 1797 4570 1717 4570 1721 4570 1797 4571 1721 4571 1701 4571 1701 4572 1721 4572 1711 4572 1701 4573 1711 4573 1699 4573 1699 4574 1711 4574 1710 4574 1835 4575 1836 4576 1837 4577 1453 4578 1685 4578 1838 4578 1585 4579 1582 4580 1839 4581 1840 4582 1836 4582 1841 4582 1842 4583 1843 4583 1844 4583 1845 4584 1846 4584 1847 4584 1847 4585 1846 4585 1848 4585 1847 4586 1848 4586 1849 4586 1850 4587 1851 4587 1852 4587 1852 4588 1851 4588 1853 4588 1843 4589 1842 4590 1854 4591 1849 4592 1855 4592 1847 4592 1847 4593 1855 4593 1856 4593 1847 4594 1856 4594 1845 4594 1845 4595 1856 4595 1857 4595 1858 4596 1853 4596 1857 4596 1857 4597 1853 4597 1851 4597 1857 4598 1851 4598 1845 4598 1845 4599 1851 4599 1850 4599 1845 4600 1850 4600 1846 4600 1840 4601 1841 4601 1859 4601 1860 4602 1859 4602 1861 4602 1861 4603 1859 4603 1841 4603 1861 4604 1841 4604 1862 4604 1862 4605 1841 4605 1863 4605 1862 4606 1863 4607 1864 4608 1835 4609 1865 4609 1858 4609 1858 4610 1865 4610 1866 4610 1858 4611 1866 4611 1853 4611 1442 4612 1441 4612 1867 4612 1867 4613 1441 4613 1868 4613 1839 4614 1582 4614 1869 4614 1869 4615 1582 4616 1583 4617 1869 4618 1583 4619 1584 4620 1684 4621 1683 4621 1870 4621 1870 4622 1683 4623 1596 4624 1578 4625 1580 4626 1871 4627 1871 4628 1580 4629 1581 4630 1871 4631 1581 4631 1839 4631 1839 4632 1581 4633 1586 4634 1839 4635 1586 4636 1585 4637 1872 4638 1870 4639 1871 4640 1871 4641 1870 4641 1596 4641 1871 4642 1596 4642 1578 4642 1685 4643 1684 4643 1838 4643 1838 4644 1684 4644 1870 4644 1838 4645 1870 4645 1854 4645 1854 4646 1870 4646 1872 4646 1854 4647 1872 4648 1843 4649 1842 4650 1864 4650 1854 4650 1854 4651 1864 4651 1873 4651 1854 4652 1873 4652 1838 4652 1838 4653 1873 4653 1868 4653 1838 4654 1868 4654 1453 4654 1453 4655 1868 4655 1441 4655 1835 4656 1874 4656 1865 4656 1865 4657 1874 4657 1875 4657 1865 4658 1875 4658 1866 4658 1866 4659 1875 4659 1876 4659 1866 4660 1876 4660 1853 4660 1853 4661 1876 4661 1877 4661 1853 4662 1877 4662 1852 4662 1855 4663 1863 4663 1856 4663 1856 4664 1863 4664 1841 4664 1856 4665 1841 4665 1857 4665 1857 4666 1841 4666 1836 4666 1857 4667 1836 4667 1858 4667 1858 4668 1836 4668 1835 4668 1445 4669 1444 4669 1878 4669 1878 4670 1444 4670 1849 4670 1878 4671 1849 4671 1879 4671 1879 4672 1849 4672 1848 4672 1864 4673 1863 4674 1873 4673 1873 4675 1863 4675 1855 4675 1873 4676 1855 4676 1868 4676 1868 4677 1855 4677 1849 4677 1868 4678 1849 4678 1867 4678 1867 4679 1849 4679 1444 4679 1867 4680 1444 4680 1442 4680 1880 4681 1881 4681 1882 4681 1872 4682 1871 4683 1883 4684 1884 4685 1885 4686 1886 4686 1887 4687 1888 4687 1889 4687 1889 4688 1888 4688 1890 4688 1891 4689 1835 4689 1892 4689 1893 4690 1894 4690 1895 4690 1836 4691 1896 4692 1835 4692 1862 4693 1864 4693 1897 4693 1898 4694 1899 4695 1900 4696 1900 4697 1899 4698 1901 4699 1900 4700 1901 4701 1275 4702 1864 4703 1842 4703 1902 4703 1902 4704 1842 4705 1844 4706 1902 4707 1844 4707 1843 4707 1859 4708 1861 4708 1840 4708 1840 4709 1861 4710 1903 4711 1840 4712 1903 4712 1836 4712 1836 4713 1903 4713 1904 4713 1836 4714 1904 4714 1896 4714 1905 4715 1906 4715 1907 4715 1907 4716 1906 4716 1904 4716 1907 4717 1904 4717 1897 4717 1897 4718 1904 4718 1903 4718 1897 4719 1903 4720 1862 4721 1862 4722 1903 4723 1861 4724 1908 4725 1909 4725 1910 4725 1910 4726 1909 4726 1911 4726 1835 4727 1896 4727 1911 4727 1911 4728 1896 4728 1912 4728 1911 4729 1912 4729 1910 4729 1885 4730 1913 4731 1886 4732 1886 4733 1913 4734 1914 4735 1886 4736 1914 4736 1915 4736 1915 4737 1914 4737 1916 4737 1915 4738 1916 4738 1917 4738 1918 4739 1916 4740 1919 4741 1919 4742 1916 4742 1914 4742 1919 4743 1914 4744 1920 4745 1920 4746 1914 4747 1913 4748 1917 4749 1916 4749 1921 4749 1921 4750 1916 4750 1918 4750 1921 4751 1918 4751 1922 4751 1922 4752 1918 4752 1923 4752 1922 4753 1923 4753 1924 4753 1925 4754 1926 4755 1927 4756 1927 4757 1926 4758 1923 4759 1927 4760 1923 4761 1928 4762 1928 4763 1923 4763 1918 4763 1928 4764 1918 4765 1929 4766 1929 4767 1918 4767 1919 4767 1930 4768 1917 4768 1931 4768 1931 4769 1917 4769 1921 4769 1931 4770 1921 4770 1932 4770 1932 4771 1921 4771 1922 4771 1932 4772 1922 4772 1933 4772 1933 4773 1922 4773 1924 4773 1933 4774 1924 4774 1934 4774 1891 4775 1892 4775 1935 4775 1936 4776 1937 4776 1938 4776 1938 4777 1937 4777 1939 4777 1938 4778 1939 4778 1940 4778 1940 4779 1939 4779 1941 4779 1940 4780 1941 4780 1942 4780 1943 4781 1944 4782 1945 4783 1946 4784 1947 4785 1948 4786 1948 4787 1947 4788 1949 4789 1950 4790 1941 4790 1951 4790 1951 4791 1941 4791 1939 4791 1951 4792 1939 4792 1952 4792 1952 4793 1939 4793 1937 4793 1952 4794 1937 4794 1953 4794 1953 4795 1937 4795 1936 4795 1953 4796 1936 4796 1954 4796 1946 4797 1955 4798 1947 4799 1947 4800 1955 4801 1945 4802 1947 4803 1945 4804 1949 4805 1949 4806 1945 4807 1944 4808 1906 4809 1956 4809 1904 4809 1904 4810 1956 4810 1954 4810 1904 4811 1954 4811 1896 4811 1896 4812 1954 4812 1936 4812 1896 4813 1936 4813 1912 4813 1912 4814 1936 4814 1938 4814 1912 4815 1938 4815 1910 4815 1910 4816 1938 4816 1940 4816 1910 4817 1940 4817 1908 4817 1908 4818 1940 4818 1942 4818 1935 4819 1957 4819 1891 4819 1891 4820 1957 4820 1958 4820 1891 4821 1958 4821 1835 4821 1959 4822 1960 4822 1961 4822 1961 4823 1960 4823 1962 4823 1961 4824 1962 4824 1963 4824 1957 4825 1964 4826 1958 4827 1958 4828 1964 4829 1835 4830 1935 4831 1961 4831 1957 4831 1957 4832 1961 4833 1963 4834 1957 4835 1963 4836 1964 4837 1964 4838 1963 4839 1965 4840 1964 4841 1965 4842 1966 4843 1966 4844 1965 4845 1967 4846 1950 4847 1968 4847 1941 4847 1941 4848 1968 4848 1893 4848 1941 4849 1893 4849 1942 4849 1942 4850 1893 4851 1895 4852 1942 4853 1895 4853 1969 4853 1925 4854 1970 4855 1926 4856 1926 4857 1970 4858 1944 4859 1926 4860 1944 4860 1923 4860 1923 4861 1944 4862 1943 4863 1923 4864 1943 4864 1924 4864 1924 4865 1943 4865 1971 4865 1924 4866 1971 4866 1934 4866 1972 4867 1973 4868 1900 4869 1900 4870 1973 4871 1974 4872 1900 4873 1974 4874 1898 4875 1975 4876 1976 4876 1977 4876 1977 4877 1978 4878 1975 4879 1975 4880 1978 4881 1979 4882 1975 4883 1979 4884 1980 4885 1889 4886 1981 4886 1887 4886 1887 4887 1981 4887 1982 4887 1887 4888 1982 4888 1976 4888 1976 4889 1982 4889 1983 4889 1976 4890 1983 4890 1977 4890 1984 4891 1975 4892 1900 4893 1900 4894 1975 4895 1980 4896 1900 4897 1980 4897 1972 4898 1930 4899 1888 4899 1917 4899 1917 4900 1888 4900 1887 4900 1917 4901 1887 4901 1915 4901 1915 4902 1887 4902 1976 4902 1915 4903 1976 4903 1886 4903 1886 4904 1976 4904 1975 4904 1886 4905 1975 4906 1884 4907 1884 4908 1975 4909 1984 4910 1934 4911 1985 4911 1933 4911 1933 4912 1985 4912 1986 4912 1933 4913 1986 4913 1932 4913 1932 4914 1986 4914 1987 4914 1932 4915 1987 4915 1931 4915 1931 4916 1987 4916 1988 4916 1931 4917 1988 4917 1930 4917 1930 4918 1988 4918 1989 4918 1930 4919 1989 4919 1888 4919 1888 4920 1989 4920 1882 4920 1888 4921 1882 4921 1890 4921 1890 4922 1882 4922 1881 4922 1584 4923 1705 4924 1869 4925 1869 4926 1705 4926 1839 4926 1705 4927 1767 4928 1839 4929 1839 4930 1767 4931 1766 4932 1839 4933 1766 4933 1871 4933 1871 4934 1766 4935 1765 4936 1765 4937 1770 4938 1871 4939 1871 4940 1770 4941 1769 4942 1871 4943 1769 4944 1883 4945 1883 4946 1769 4947 1773 4948 1883 4949 1773 4949 1772 4949 1772 4950 1771 4950 1883 4950 1883 4951 1771 4951 1703 4951 1883 4952 1703 4952 1990 4952 1699 4953 1991 4953 1700 4953 1700 4954 1991 4954 1990 4954 1700 4955 1990 4955 1702 4955 1702 4956 1990 4956 1703 4956 1991 4957 1992 4957 1990 4957 1990 4958 1992 4958 1993 4958 1990 4959 1993 4959 1883 4959 1883 4960 1993 4960 1902 4960 1883 4961 1902 4962 1872 4963 1872 4964 1902 4964 1843 4964 1864 4965 1902 4965 1897 4965 1897 4966 1902 4966 1993 4966 1897 4967 1993 4967 1907 4967 1907 4968 1993 4968 1992 4968 1907 4969 1992 4969 1905 4969 1905 4970 1992 4970 1991 4970 1905 4971 1991 4971 1994 4971 1994 4972 1991 4972 1699 4972 1994 4973 1699 4973 1710 4973 1710 4974 1709 4974 1994 4974 1994 4975 1709 4975 1712 4975 1994 4976 1712 4976 1718 4976 1967 4977 1995 4978 1966 4979 1966 4980 1995 4981 1996 4982 1966 4983 1996 4984 1964 4985 1964 4986 1996 4987 1835 4988 1969 4989 1959 4989 1942 4989 1942 4990 1959 4990 1961 4990 1942 4991 1961 4991 1908 4991 1908 4992 1961 4992 1935 4992 1908 4993 1935 4993 1909 4993 1909 4994 1935 4994 1892 4994 1909 4995 1892 4995 1911 4995 1911 4996 1892 4996 1835 4996 1955 4997 1968 4998 1945 4999 1945 5000 1968 5000 1950 5000 1945 5001 1950 5001 1943 5001 1943 5002 1950 5002 1951 5002 1943 5003 1951 5003 1971 5003 1971 5004 1951 5004 1952 5004 1971 5005 1952 5005 1934 5005 1934 5006 1952 5006 1953 5006 1934 5007 1953 5007 1985 5007 1985 5008 1953 5008 1954 5008 1985 5009 1954 5009 1986 5009 1986 5010 1954 5010 1956 5010 1986 5011 1956 5011 1987 5011 1987 5012 1956 5012 1906 5012 1987 5013 1906 5013 1988 5013 1988 5014 1906 5014 1905 5014 1988 5015 1905 5015 1989 5015 1989 5016 1905 5016 1994 5016 1989 5017 1994 5017 1882 5017 1882 5018 1994 5018 1718 5018 1882 5019 1718 5019 1880 5019 1997 5020 1998 5020 1999 5020 2000 5021 2001 5021 2002 5021 2003 5022 2004 5022 2005 5022 2006 5023 2007 5024 2008 5025 2008 5026 2007 5026 2003 5026 2003 5027 2005 5028 2008 5029 2008 5030 2005 5030 2009 5030 2008 5031 2009 5031 2010 5031 2011 5032 2012 5032 2013 5032 2013 5033 2012 5033 2014 5033 2013 5034 2014 5034 2015 5034 2011 5035 2016 5035 2012 5035 2012 5036 2016 5036 2017 5036 2012 5037 2017 5037 2009 5037 2009 5038 2017 5038 2018 5038 2009 5039 2018 5040 2010 5041 2002 5042 2001 5042 2019 5042 2001 5043 2020 5043 2019 5043 2019 5044 2020 5044 2021 5044 2019 5045 2021 5045 2014 5045 2014 5046 2021 5046 2022 5046 2014 5047 2022 5047 2015 5047 2000 5048 2002 5048 2023 5048 2023 5049 2002 5049 2024 5049 2023 5050 2024 5050 2025 5050 2026 5051 2027 5051 2024 5051 2024 5052 2027 5052 2028 5052 2024 5053 2028 5053 2025 5053 2029 5054 2030 5054 2031 5054 2030 5055 2029 5055 2032 5055 2032 5056 2029 5056 2033 5056 2032 5057 2033 5057 2034 5057 2034 5058 2033 5059 2035 5060 2035 5061 2033 5061 2036 5061 2035 5062 2036 5062 2037 5062 2038 5063 2039 5064 2040 5065 2040 5066 2039 5066 2041 5066 2040 5067 2041 5068 2042 5069 2037 5070 2036 5071 2043 5072 2043 5073 2036 5073 2041 5073 2043 5074 2041 5075 2044 5076 2044 5077 2041 5078 2039 5079 2044 5080 2039 5080 2045 5080 2046 5081 2047 5081 2048 5081 2048 5082 2047 5082 2049 5082 2050 5083 2051 5084 2052 5085 2052 5086 2051 5086 2053 5086 2052 5087 2053 5087 2054 5087 2054 5088 2053 5088 2055 5088 2050 5089 2056 5090 2051 5091 2051 5092 2056 5092 2057 5092 2051 5093 2057 5093 2058 5093 2057 5094 2059 5094 2058 5094 2058 5095 2059 5095 2060 5095 2058 5096 2060 5096 2046 5096 2046 5097 2060 5097 2061 5097 2046 5098 2061 5098 2047 5098 2055 5099 2053 5099 2062 5099 2062 5100 2053 5100 2063 5100 2062 5101 2063 5101 2064 5102 2064 5103 2063 5103 2065 5103 2064 5104 2065 5104 2066 5104 2031 5105 2027 5105 2029 5105 2029 5106 2027 5106 2026 5106 2029 5107 2026 5107 2033 5107 2033 5108 2026 5108 2067 5108 2033 5109 2067 5109 2036 5109 2036 5110 2067 5110 2068 5110 2036 5111 2068 5111 2041 5111 2041 5112 2068 5112 1999 5112 2041 5113 1999 5113 2042 5113 2042 5114 1999 5114 1998 5114 1539 5115 2069 5115 1679 5115 1679 5116 2069 5116 2070 5116 2071 5117 1554 5118 2070 5119 2070 5120 1554 5121 1553 5122 2070 5123 1553 5124 1679 5125 1556 5126 1563 5127 2071 5128 2071 5129 1563 5130 1562 5131 2071 5132 1562 5132 1554 5132 2072 5133 1763 5134 1762 5135 2072 5136 1762 5136 2071 5136 2071 5137 1762 5137 1557 5137 2071 5138 1557 5138 1556 5138 1763 5139 2072 5139 1764 5139 1764 5140 2072 5140 2073 5140 1764 5141 2073 5141 1693 5141 2049 5142 1813 5142 2048 5142 2048 5143 1813 5143 1707 5143 2048 5144 1707 5144 2074 5144 2074 5145 1707 5145 1706 5145 2074 5146 1706 5146 2073 5146 2073 5147 1706 5147 1694 5147 2073 5148 1694 5148 1693 5148 2004 5149 2065 5149 2005 5149 2005 5150 2065 5150 2063 5150 2005 5151 2063 5151 2009 5151 2009 5152 2063 5152 2053 5152 2009 5153 2053 5153 2012 5153 2012 5154 2053 5154 2051 5154 2012 5155 2051 5155 2014 5155 2014 5156 2051 5156 2058 5156 2014 5157 2058 5157 2019 5157 2019 5158 2058 5158 2046 5158 2019 5159 2046 5159 2002 5159 2002 5160 2046 5160 2048 5160 2002 5161 2048 5161 2024 5161 2024 5162 2048 5162 2074 5162 2024 5163 2074 5163 2026 5163 2026 5164 2074 5164 2073 5164 2026 5165 2073 5165 2067 5165 2067 5166 2073 5166 2072 5166 2067 5167 2072 5167 2068 5167 2068 5168 2072 5168 2071 5168 2068 5169 2071 5169 1999 5169 1999 5170 2071 5171 2070 5172 1999 5173 2070 5174 1997 5175 1997 5176 2070 5176 2069 5176 1997 5177 2069 5177 2075 5177 2065 5178 2004 5178 2076 5178 2077 5179 2078 5179 2079 5179 2040 5180 2042 5180 2080 5180 2081 5181 2082 5181 2083 5181 2084 5182 2085 5182 2086 5182 2086 5183 2085 5184 2087 5185 2086 5186 2087 5186 2088 5186 2088 5187 2087 5187 2089 5187 2088 5188 2089 5188 2090 5188 2091 5189 2092 5189 2093 5189 2093 5190 2092 5190 2094 5190 2093 5191 2094 5191 2095 5191 2095 5192 2094 5192 2083 5192 2095 5193 2083 5193 2096 5193 2096 5194 2083 5194 2082 5194 2097 5195 2098 5195 2099 5195 2099 5196 2098 5196 2081 5196 2100 5197 2101 5198 2097 5199 2003 5200 2007 5200 2102 5200 2102 5201 2007 5202 2103 5203 2101 5204 2100 5204 2104 5204 2104 5205 2100 5205 2102 5205 2104 5206 2102 5207 2105 5208 2105 5209 2102 5209 2103 5209 2105 5210 2103 5211 2106 5212 2038 5213 2040 5214 2107 5215 2107 5216 2040 5217 2108 5218 2040 5219 2080 5219 2108 5219 2108 5220 2080 5220 2109 5220 2108 5221 2109 5221 2110 5221 2079 5222 2078 5222 2109 5222 2109 5223 2078 5223 2111 5223 2109 5224 2111 5224 2110 5224 2112 5225 2113 5226 2114 5227 2114 5228 2113 5228 2115 5228 2114 5229 2115 5229 2079 5229 2079 5230 2115 5230 2116 5230 2079 5231 2116 5231 2077 5231 1480 5232 2117 5232 1542 5232 1542 5233 2117 5233 2075 5233 1542 5234 2075 5234 1541 5235 1480 5236 1429 5236 2117 5236 2117 5237 1429 5238 1428 5239 2117 5240 1428 5240 2118 5240 1501 5241 2119 5241 1502 5241 1502 5242 2119 5242 2118 5242 1502 5243 2118 5243 1504 5243 1504 5244 2118 5245 1428 5246 1533 5247 2120 5247 1544 5247 1544 5248 2120 5248 2119 5248 1544 5249 2119 5249 1545 5249 1545 5250 2119 5250 1501 5250 1541 5251 2075 5252 1540 5253 1540 5254 2075 5254 2069 5254 1540 5255 2069 5255 1539 5255 2042 5256 1998 5256 2080 5256 2080 5257 1998 5257 2121 5257 2080 5258 2121 5258 2109 5258 2109 5259 2121 5259 2122 5259 2109 5260 2122 5260 2079 5260 2079 5261 2122 5261 2123 5261 2079 5262 2123 5262 2114 5262 2114 5263 2123 5263 2124 5263 2114 5264 2124 5264 2112 5264 2112 5265 2124 5265 2088 5265 2112 5266 2088 5266 2125 5266 2125 5267 2088 5267 2090 5267 2100 5268 2126 5268 2102 5268 2102 5269 2126 5269 2076 5269 2102 5270 2076 5270 2003 5271 2003 5272 2076 5273 2004 5274 2127 5275 1339 5275 1338 5275 2097 5276 2099 5276 2100 5276 2100 5277 2099 5277 2127 5277 2100 5278 2127 5278 2126 5278 2126 5279 2127 5279 1338 5279 2126 5280 1338 5281 1340 5282 1340 5283 2128 5283 2126 5283 2126 5284 2128 5285 2129 5286 2126 5287 2129 5287 2076 5287 2076 5288 2129 5288 2130 5288 2076 5289 2130 5289 2065 5289 2065 5290 2130 5290 2131 5290 2065 5291 2131 5291 2066 5291 1333 5292 1331 5292 2092 5292 2092 5293 1331 5293 1330 5293 2092 5294 1330 5294 2094 5294 2094 5295 1330 5295 1335 5295 2094 5296 1335 5296 1336 5296 2081 5297 2083 5297 2099 5297 2099 5298 2083 5298 2094 5298 2099 5299 2094 5299 2127 5299 2127 5300 2094 5300 1336 5300 2127 5301 1336 5301 1339 5301 1998 5302 1997 5302 2121 5302 2121 5303 1997 5303 2075 5303 2121 5304 2075 5304 2122 5304 2122 5305 2075 5305 2117 5305 2122 5306 2117 5306 2123 5306 2123 5307 2117 5307 2118 5307 2123 5308 2118 5308 2124 5308 2124 5309 2118 5309 2119 5309 2124 5310 2119 5310 2088 5310 2088 5311 2119 5311 2120 5311 2088 5312 2120 5312 2086 5312 2086 5313 2120 5313 2132 5313 2091 5314 2084 5314 2092 5314 2092 5315 2084 5315 2086 5315 2092 5316 2086 5316 1333 5316 1333 5317 2086 5317 2132 5317 1333 5318 2132 5318 1323 5318 1323 5319 2132 5319 1324 5319 1533 5320 1532 5320 2120 5320 2120 5321 1532 5321 2133 5321 2120 5322 2133 5322 2132 5322 2132 5323 2133 5323 1329 5323 2132 5324 1329 5324 1324 5324 1288 5325 1287 5325 1538 5325 1298 5326 1297 5326 1550 5326 1550 5327 1297 5327 1551 5327 1514 5328 1427 5328 1305 5328 1297 5329 1295 5329 1551 5329 1551 5330 1295 5330 1294 5330 1551 5331 1294 5331 1552 5331 1552 5332 1294 5332 1301 5332 1552 5333 1301 5333 1427 5333 1427 5334 1301 5334 1300 5334 1427 5335 1300 5335 1305 5335 1517 5336 1311 5336 1519 5336 1519 5337 1311 5337 1309 5337 1519 5338 1309 5338 1521 5338 1521 5339 1309 5339 1307 5339 1521 5340 1307 5340 1527 5340 1315 5341 1531 5341 1313 5341 1313 5342 1531 5342 1530 5342 1265 5343 1525 5343 1266 5343 1266 5344 1525 5344 1523 5344 1266 5345 1523 5345 1321 5345 1321 5346 1523 5346 1531 5346 1321 5347 1531 5348 1317 5349 1317 5350 1531 5350 1315 5350 1307 5351 1306 5351 1527 5351 1527 5352 1306 5352 1320 5352 1527 5353 1320 5353 1528 5353 1528 5354 1320 5354 1319 5354 1528 5355 1319 5356 1530 5357 1530 5358 1319 5358 1318 5358 1530 5359 1318 5360 1313 5361 1305 5362 1304 5362 1514 5362 1514 5363 1304 5363 1303 5363 1514 5364 1303 5364 1515 5364 1515 5365 1303 5365 1302 5365 1515 5366 1302 5366 1517 5366 1517 5367 1302 5367 1312 5367 1517 5368 1312 5368 1311 5368 1445 5369 2134 5369 1535 5369 1535 5370 2134 5370 1536 5370 2134 5371 1277 5371 1536 5371 1536 5372 1277 5372 1276 5372 1536 5373 1276 5373 1281 5373 1538 5374 1287 5374 1534 5374 1534 5375 1287 5375 1285 5375 1534 5376 1285 5376 1448 5376 1281 5377 1282 5377 1536 5377 1536 5378 1282 5378 1269 5378 1536 5379 1269 5379 1537 5379 1537 5380 1269 5380 1268 5380 1537 5381 1268 5381 1538 5381 1538 5382 1268 5382 1289 5382 1538 5383 1289 5383 1288 5383 1329 5384 2133 5384 1328 5384 1328 5385 2133 5385 1327 5385 2133 5386 1532 5386 1327 5386 1327 5387 1532 5387 1525 5387 1327 5388 1525 5388 1325 5388 1325 5389 1525 5389 1265 5389 1285 5390 1284 5390 1448 5390 1448 5391 1284 5391 1293 5391 1448 5392 1293 5392 1548 5392 1548 5393 1293 5393 1549 5393 1549 5394 1293 5394 1291 5394 1549 5395 1291 5395 1550 5395 1550 5396 1291 5396 1290 5396 1550 5397 1290 5397 1298 5397 2049 5398 2047 5398 2135 5398 1880 5399 1718 5399 1719 5399 2136 5400 1736 5400 2137 5400 2137 5401 1736 5401 1735 5401 2137 5402 1735 5402 2138 5402 2138 5403 1735 5403 2139 5403 1735 5404 1733 5404 2139 5404 2139 5405 1733 5405 1731 5405 2139 5406 1731 5406 2140 5406 2140 5407 1731 5407 1730 5407 2140 5408 1730 5408 2141 5408 2141 5409 1730 5409 2142 5409 2143 5410 1819 5410 2144 5410 2144 5411 1819 5411 1817 5411 2144 5412 1817 5412 2145 5412 2145 5413 1817 5413 1815 5413 2145 5414 1815 5414 2146 5414 2146 5415 1815 5415 1814 5415 2146 5416 1814 5416 2147 5416 2147 5417 1814 5417 1740 5417 2147 5418 1740 5418 2136 5418 2136 5419 1740 5419 1738 5419 2136 5420 1738 5420 1736 5420 2148 5421 2149 5421 1719 5421 1719 5422 2149 5422 1881 5422 1719 5423 1881 5423 1880 5423 2150 5424 2151 5424 1714 5424 1714 5425 2151 5425 1716 5425 1716 5426 2151 5426 2152 5426 1716 5427 2152 5427 1723 5427 1719 5428 1720 5428 2148 5428 2148 5429 1720 5429 1722 5429 2148 5430 1722 5430 2153 5430 2153 5431 1722 5431 1723 5431 2153 5432 1723 5432 2154 5432 2154 5433 1723 5433 2152 5433 1813 5434 2049 5434 1812 5434 1812 5435 2049 5435 2135 5435 1812 5436 2135 5436 1811 5436 1811 5437 2135 5437 2155 5437 1811 5438 2155 5438 1729 5438 1729 5439 2155 5439 2156 5439 1729 5440 2156 5440 1727 5440 1727 5441 2156 5441 2142 5441 1727 5442 2142 5442 1726 5442 1726 5443 2142 5443 1730 5443 1714 5444 1698 5444 2150 5444 2150 5445 1698 5445 1697 5445 2150 5446 1697 5446 2157 5446 2157 5447 1697 5447 1822 5447 2157 5448 1822 5448 2143 5448 2143 5449 1822 5449 1821 5449 2143 5450 1821 5450 1819 5450 2158 5451 2159 5451 2160 5451 2161 5452 2162 5453 2163 5452 1348 5454 1347 5454 2164 5454 2165 5455 1367 5456 1365 5457 2166 5458 2167 5459 2168 5460 2169 5461 2170 5461 2171 5461 2172 5462 2173 5463 2171 5464 1380 5465 1379 5466 1901 5467 1901 5468 1379 5469 1414 5470 1901 5471 1414 5472 1275 5473 1380 5474 2174 5475 1382 5476 1382 5477 2174 5478 1383 5479 2175 5480 1972 5480 1980 5481 1898 5482 1974 5483 2175 5484 2175 5485 1974 5486 1973 5487 2175 5488 1973 5489 1972 5490 1380 5491 1901 5492 2174 5493 2174 5494 1901 5495 1899 5496 2174 5497 1899 5498 1383 5499 1422 5500 1257 5501 2176 5502 2176 5503 1257 5503 2175 5503 2176 5504 2175 5504 2160 5504 2160 5505 2175 5505 1980 5505 1899 5506 1898 5506 1383 5506 1383 5507 1898 5508 2175 5509 1383 5510 2175 5511 1256 5512 1256 5513 2175 5513 1257 5513 2177 5514 2178 5515 2179 5516 2179 5517 2178 5518 1373 5519 2179 5520 1373 5521 2180 5522 2170 5523 2180 5523 2171 5523 2171 5524 2180 5525 1373 5526 2171 5527 1373 5528 2172 5529 2172 5530 1373 5530 1372 5530 2181 5531 2169 5531 2182 5531 2182 5532 2169 5532 2171 5532 2182 5533 2171 5533 2183 5533 2183 5534 2171 5534 2173 5534 2183 5535 2173 5535 2184 5535 1372 5536 1370 5537 2172 5538 2172 5539 1370 5540 1369 5541 2172 5542 1369 5543 1378 5544 2185 5545 2186 5546 2187 5547 2187 5548 2186 5549 2188 5550 2167 5551 2189 5552 2185 5553 2167 5554 2166 5555 2189 5556 2189 5557 2166 5557 2190 5557 2189 5558 2190 5558 2191 5558 2191 5559 2190 5560 2192 5561 2191 5562 2192 5563 2193 5564 2194 5565 2195 5565 2196 5565 2194 5566 2164 5566 2197 5566 2197 5567 2164 5567 2198 5567 2197 5568 2198 5568 2199 5568 2168 5569 2200 5569 2166 5569 2166 5570 2200 5571 2201 5572 2166 5573 2201 5574 2190 5575 2190 5576 2201 5577 2202 5578 2190 5579 2202 5580 2192 5581 2192 5582 2202 5582 2203 5582 2192 5583 2203 5583 2193 5583 2193 5584 2203 5585 2204 5586 2177 5587 2179 5588 2205 5589 2205 5590 2179 5591 2180 5592 2205 5593 2180 5594 2206 5595 2206 5596 2180 5596 2170 5596 2206 5597 2170 5598 2207 5599 2207 5600 2170 5601 2169 5602 2207 5603 2169 5604 2188 5605 2188 5606 2169 5606 2181 5606 2188 5607 2181 5607 2187 5607 2208 5608 2209 5609 2210 5610 2210 5611 2209 5612 2211 5613 2212 5614 2213 5615 2214 5616 2214 5617 2213 5618 2215 5619 2214 5620 2215 5621 2216 5622 2217 5623 2165 5624 2218 5625 2208 5626 2210 5627 2219 5628 2219 5629 2210 5630 2220 5631 2219 5632 2220 5633 2221 5634 1368 5635 2222 5636 1362 5637 1362 5638 2222 5639 2223 5639 2224 5640 2225 5641 2226 5642 2226 5643 2225 5644 2227 5645 1357 5646 1356 5647 2228 5648 1351 5649 1350 5649 2198 5649 2198 5650 1350 5650 1358 5650 2198 5651 1358 5651 2226 5651 2226 5652 1358 5653 1357 5654 2226 5655 1357 5656 2224 5657 2224 5658 1357 5658 2228 5658 2224 5659 2228 5660 2225 5661 2225 5662 2228 5663 2229 5664 1348 5665 2164 5665 1402 5665 2194 5666 2196 5666 2164 5666 2164 5667 2196 5667 1407 5667 2164 5668 1407 5668 1402 5668 1347 5669 1345 5669 2164 5669 2164 5670 1345 5670 1344 5670 2164 5671 1344 5671 2198 5671 2198 5672 1344 5672 1353 5672 2198 5673 1353 5673 1351 5673 2222 5674 2221 5675 2223 5676 2223 5677 2221 5678 2220 5679 2223 5680 2220 5680 2229 5680 2229 5681 2220 5682 2210 5683 2229 5684 2210 5685 2225 5686 2225 5687 2210 5688 2211 5689 2225 5690 2211 5691 2227 5692 1356 5693 1260 5694 2228 5695 2228 5696 1260 5697 1259 5698 2228 5699 1259 5700 2229 5701 2229 5702 1259 5703 1360 5704 2229 5705 1360 5705 2223 5705 2223 5706 1360 5707 1363 5708 2223 5709 1363 5710 1362 5711 2230 5712 2231 5712 2232 5712 2232 5713 2231 5713 2233 5713 2232 5714 2233 5714 2234 5714 2162 5715 2235 5715 2163 5715 2163 5716 2235 5717 2236 5718 2163 5719 2236 5720 2233 5721 2233 5722 2236 5722 2237 5722 2233 5723 2237 5723 2234 5723 2238 5724 2239 5724 2240 5724 2240 5725 2239 5725 2241 5725 2231 5726 2242 5727 2233 5728 2233 5729 2242 5730 2238 5731 2233 5732 2238 5732 2163 5732 2163 5733 2238 5734 2240 5735 2163 5736 2240 5737 2161 5738 2161 5739 2240 5739 2241 5739 2161 5740 2241 5740 2243 5740 2244 5741 2245 5741 2246 5741 2066 5742 2131 5742 2247 5742 2244 5743 2246 5743 2247 5743 2247 5744 2246 5744 2248 5744 2247 5745 2248 5745 2066 5745 2243 5746 2245 5747 2161 5748 2161 5749 2245 5749 2244 5749 2161 5750 2244 5751 2162 5752 2162 5753 2244 5754 2249 5754 2162 5755 2249 5756 2235 5757 2235 5758 2249 5758 2250 5758 2235 5759 2250 5759 2236 5759 2236 5760 2250 5760 2251 5760 2236 5761 2251 5761 2237 5761 2237 5762 2251 5762 2252 5762 2237 5763 2252 5763 2234 5763 1983 5764 1982 5764 2158 5764 1980 5765 1979 5766 2160 5767 2160 5768 1979 5769 1978 5770 2160 5771 1978 5771 2158 5771 2158 5772 1978 5773 1977 5774 2158 5775 1977 5775 1983 5775 2159 5776 2253 5776 2160 5776 2160 5777 2253 5777 2184 5777 2160 5778 2184 5778 2176 5778 2176 5779 2184 5779 2173 5779 2176 5780 2173 5781 1422 5782 1422 5783 2173 5783 2172 5784 1422 5785 2172 5786 1376 5787 1376 5788 2172 5789 1378 5790 1376 5791 1378 5792 1377 5793 1342 5794 1343 5794 2196 5794 2128 5795 1340 5795 1341 5795 2130 5796 2129 5797 2195 5798 2195 5799 2129 5799 2128 5799 2195 5800 2128 5800 2196 5800 2196 5801 2128 5801 1341 5801 2196 5802 1341 5802 1342 5802 1343 5803 1263 5803 2196 5803 2196 5804 1263 5805 1262 5806 2196 5807 1262 5807 1407 5807 2203 5808 2216 5809 2204 5810 2204 5811 2216 5811 2215 5811 2204 5812 2215 5812 2254 5812 2254 5813 2215 5814 2213 5815 2254 5816 2213 5817 2255 5818 2255 5819 2213 5820 2212 5821 2255 5822 2212 5823 2256 5824 2256 5825 2212 5826 2217 5827 2256 5828 2217 5828 2257 5828 2257 5829 2217 5830 2218 5831 2257 5832 2218 5833 1375 5834 2165 5835 1365 5836 2218 5837 2218 5838 1365 5839 1364 5840 2218 5841 1364 5842 1375 5843 2185 5844 2189 5845 2186 5846 2186 5847 2189 5848 2191 5849 2186 5850 2191 5851 2188 5852 2188 5853 2191 5854 2193 5855 2188 5856 2193 5857 2207 5858 2207 5859 2193 5860 2204 5861 2207 5862 2204 5863 2206 5864 2206 5865 2204 5866 2254 5867 2206 5868 2254 5869 2205 5870 2205 5871 2254 5872 2255 5873 2205 5874 2255 5875 2177 5876 2177 5877 2255 5878 2256 5879 2177 5880 2256 5881 2178 5882 2178 5883 2256 5884 2257 5885 2178 5886 2257 5887 1373 5888 1373 5889 2257 5890 1375 5891 1373 5892 1375 5892 1374 5892 2131 5893 2130 5893 2247 5893 2247 5894 2130 5894 2195 5894 2247 5895 2195 5895 2244 5895 2244 5896 2195 5896 2194 5896 2244 5897 2194 5897 2249 5897 2249 5898 2194 5899 2197 5900 2249 5901 2197 5902 2250 5903 2250 5904 2197 5905 2199 5906 2250 5907 2199 5908 2251 5909 2251 5910 2199 5911 2258 5912 2251 5913 2258 5913 2252 5913 2252 5914 2258 5914 2259 5914 2252 5915 2259 5915 2234 5915 2234 5916 2259 5917 2260 5918 2234 5919 2260 5919 2232 5919 2232 5920 2260 5920 2261 5920 2232 5921 2261 5921 2230 5921 2230 5922 2261 5922 2262 5922 2253 5923 2263 5923 2184 5923 2184 5924 2263 5924 2264 5924 2184 5925 2264 5925 2183 5925 2183 5926 2264 5926 2265 5926 2183 5927 2265 5927 2182 5927 2182 5928 2265 5928 2266 5928 2182 5929 2266 5929 2267 5929 2267 5930 2262 5930 2182 5930 2182 5931 2262 5931 2261 5931 2182 5932 2261 5932 2181 5932 2181 5933 2261 5933 2260 5933 2181 5934 2260 5934 2187 5934 2187 5935 2260 5935 2259 5935 2187 5936 2259 5936 2185 5936 2185 5937 2259 5937 2258 5937 2185 5938 2258 5939 2167 5940 2167 5941 2258 5942 2199 5943 2167 5944 2199 5945 2168 5946 2168 5947 2199 5948 2198 5949 2168 5950 2198 5951 2200 5952 2200 5953 2198 5953 2226 5953 2200 5954 2226 5954 2201 5954 2201 5955 2226 5956 2227 5957 2201 5958 2227 5959 2202 5960 2202 5961 2227 5962 2211 5963 2202 5964 2211 5965 2203 5966 2203 5967 2211 5968 2209 5969 2203 5970 2209 5971 2216 5972 2216 5973 2209 5974 2208 5975 2216 5976 2208 5977 2214 5978 2214 5979 2208 5980 2219 5981 2214 5982 2219 5983 2212 5984 2212 5985 2219 5986 2221 5987 2212 5988 2221 5989 2217 5990 2217 5991 2221 5992 2222 5993 2217 5994 2222 5995 2165 5996 2165 5997 2222 5998 1368 5999 2165 6000 1368 6001 1367 6002 2059 6003 2057 6003 2268 6003 2269 6004 1890 6004 1881 6004 2061 6005 2060 6005 2270 6005 2271 6006 2272 6006 2273 6006 2253 6007 2159 6007 2269 6007 1890 6008 2269 6008 1889 6008 2158 6009 1982 6009 1981 6009 1889 6010 2269 6010 1981 6010 1981 6011 2269 6011 2159 6011 1981 6012 2159 6012 2158 6012 2274 6013 2275 6013 2276 6013 2276 6014 2275 6014 2277 6014 2276 6015 2277 6015 2278 6015 2278 6016 2277 6016 2279 6016 2278 6017 2279 6017 2280 6017 2281 6018 2275 6018 2263 6018 2263 6019 2275 6019 2274 6019 2263 6020 2274 6020 2264 6020 2264 6021 2274 6021 2265 6021 2242 6022 2231 6022 2282 6022 2282 6023 2231 6023 2230 6023 2282 6024 2230 6024 2283 6024 2283 6025 2230 6025 2262 6025 2283 6026 2262 6026 2267 6026 2248 6027 2246 6027 2284 6027 2284 6028 2246 6028 2285 6028 2284 6029 2285 6029 2286 6029 2052 6030 2054 6030 2286 6030 2050 6031 2052 6032 2287 6033 2287 6034 2052 6034 2286 6034 2287 6035 2286 6035 2288 6035 2288 6036 2286 6036 2289 6036 2288 6037 2289 6037 2290 6037 2290 6038 2289 6038 2291 6038 2290 6039 2291 6039 2292 6039 2292 6040 2291 6040 2293 6040 2292 6041 2293 6041 2294 6041 2294 6042 2293 6042 2295 6042 2294 6043 2295 6043 2273 6043 2246 6044 2245 6044 2285 6044 2285 6045 2245 6045 2243 6045 2285 6046 2243 6046 2296 6046 2296 6047 2243 6047 2241 6047 2296 6048 2241 6048 2297 6048 2297 6049 2241 6049 2239 6049 2297 6050 2239 6050 2238 6050 2286 6051 2285 6051 2289 6051 2289 6052 2285 6052 2296 6052 2289 6053 2296 6053 2291 6053 2291 6054 2296 6054 2297 6054 2291 6055 2297 6055 2293 6055 2293 6056 2297 6056 2238 6056 2293 6057 2238 6057 2295 6057 2273 6058 2272 6058 2294 6058 2294 6059 2272 6059 2298 6059 2294 6060 2298 6060 2292 6060 2292 6061 2298 6061 2299 6061 2292 6062 2299 6062 2290 6062 2290 6063 2299 6063 2300 6063 2290 6064 2300 6064 2288 6064 2288 6065 2300 6065 2301 6065 2288 6066 2301 6066 2287 6066 2287 6067 2301 6067 2302 6067 2287 6068 2302 6068 2268 6068 2268 6069 2057 6069 2287 6069 2287 6070 2057 6070 2056 6070 2287 6071 2056 6072 2050 6073 2303 6074 2145 6074 2304 6074 2304 6075 2145 6075 2146 6075 2304 6076 2146 6076 2305 6076 2305 6077 2146 6077 2147 6077 2305 6078 2147 6078 2306 6078 2306 6079 2147 6079 2136 6079 2306 6080 2136 6080 2307 6080 2307 6081 2136 6081 2137 6081 2308 6082 2141 6082 2142 6082 2308 6083 2142 6083 2309 6083 2137 6084 2138 6084 2307 6084 2307 6085 2138 6085 2139 6085 2307 6086 2139 6086 2308 6086 2308 6087 2139 6087 2140 6087 2308 6088 2140 6088 2141 6088 2047 6089 2061 6089 2135 6089 2135 6090 2061 6090 2270 6090 2135 6091 2270 6091 2155 6091 2155 6092 2270 6092 2309 6092 2155 6093 2309 6093 2156 6093 2156 6094 2309 6094 2142 6094 1881 6095 2149 6095 2269 6095 2269 6096 2149 6096 2281 6096 2269 6097 2281 6097 2253 6097 2253 6098 2281 6098 2263 6098 2066 6099 2248 6099 2064 6099 2064 6100 2248 6100 2284 6100 2064 6101 2284 6101 2062 6102 2062 6103 2284 6103 2286 6103 2062 6104 2286 6104 2055 6104 2055 6105 2286 6105 2054 6105 2265 6106 2274 6106 2266 6106 2266 6107 2274 6107 2276 6107 2266 6108 2276 6108 2267 6108 2267 6109 2276 6109 2278 6109 2267 6110 2278 6110 2283 6110 2283 6111 2278 6111 2280 6111 2283 6112 2280 6112 2282 6112 2060 6113 2059 6113 2270 6113 2270 6114 2059 6114 2268 6114 2270 6115 2268 6115 2309 6115 2309 6116 2268 6116 2302 6116 2309 6117 2302 6117 2308 6117 2308 6118 2302 6118 2301 6118 2308 6119 2301 6119 2307 6119 2307 6120 2301 6120 2300 6120 2307 6121 2300 6121 2306 6121 2306 6122 2300 6122 2299 6122 2306 6123 2299 6123 2305 6123 2305 6124 2299 6124 2298 6124 2305 6125 2298 6125 2304 6125 2304 6126 2298 6126 2272 6126 2304 6127 2272 6127 2303 6127 2303 6128 2272 6128 2271 6128 2303 6129 2271 6129 2310 6129 2149 6130 2148 6130 2281 6130 2281 6131 2148 6131 2153 6131 2281 6132 2153 6132 2275 6132 2275 6133 2153 6133 2154 6133 2275 6134 2154 6134 2277 6134 2277 6135 2154 6135 2152 6135 2277 6136 2152 6136 2151 6136 2150 6137 2157 6137 2310 6137 2310 6138 2157 6138 2143 6138 2310 6139 2143 6139 2303 6139 2303 6140 2143 6140 2144 6140 2303 6141 2144 6141 2145 6141 2151 6142 2150 6142 2277 6142 2277 6143 2150 6143 2310 6143 2277 6144 2310 6144 2279 6144 2279 6145 2310 6145 2271 6145 2279 6146 2271 6146 2280 6146 2280 6147 2271 6147 2273 6147 2280 6148 2273 6148 2282 6148 2282 6149 2273 6149 2295 6149 2282 6150 2295 6150 2242 6150 2242 6151 2295 6151 2238 6151</p>
        </triangles>
      </mesh>
    </geometry>
  </library_geometries>
  <library_visual_scenes>
    <visual_scene id="Scene" name="Scene">
      <node id="prop_cw" name="prop_cw" type="NODE">
        <matrix sid="transform">2.040516 0 0 0 0 1.643531 0 0 0 0 1.876581 0 0 0 0 1</matrix>
        <instance_geometry url="#EPP1045_B-mesh" name="prop_cw"/>
      </node>
    </visual_scene>
  </library_visual_scenes>
  <scene>
    <instance_visual_scene url="#Scene"/>
  </scene>
</COLLADA>